id_indicator,id_parent_indicator,slug,name,id_dimension,id_granularity,explanation,potential_use,assumptions,desired_value,function_name,formalization_latex,formalization_fp,description_fp
1,,active-time-case-granularity-t-c,Active Time (case granularity),5,2,Difference between the lead time and the idle time of a case.,Event log that contains lifecycle information for activity instances where the actual time that the case is active is of interest.,Maximizing active time is desirable.,maximize,\(\mathit{AT(c)\),\(\mathit{LT(c) - \mathit{IT(c)\),\(\mathit{LT(c) - \mathit{IT(c)\),"\(\mathit{LT(c)\) returns the Lead Time (time from case start to completion) of case \(c\).
\newline \(\mathit{IT(c)\) returns the Idle Time (total time spent waiting or idle) of case \(c\). \\"
2,,activity-and-role-count-ratio-case-granularity-f-c,Activity and Role count Ratio (case granularity),2,2,"Ratio between the number of activities that occur in a case, and the number of human resource roles that are involved in the execution of a case.",Process where several roles are involved.,Minimizing the number of human resource roles involved in the execution of the case is desirable.,maximize,\(\mathit{ARoleR(c)\),\(\frac{\mathit{A(c)}{\mathit{Role(c)}\),\(\frac{\mathit{A(c)}{\mathit{Role(c)}\),"\(\mathit{A(c)\) returns the number of unique activities in case \(c\).
\newline \(\mathit{Role(c)\) returns the number of unique roles involved in case \(c\). \\"
3,,activity-and-role-count-ratio-group-of-cases-granularity-f-g,Activity and Role count Ratio (group of cases granularity),2,3,"Ratio between the number of activities that occur in a group of cases, and the number of human resource roles that are involved in the execution of a group of cases.",Process where several roles are involved.,Minimizing the number of human resource roles involved in the execution of a group of cases is desirable.,maximize,\(\mathit{ARoleR(g)\),\(\frac{\mathit{A(g)}{\mathit{Role(g)}\),\(\frac{\mathit{A(g)}{\mathit{Role(g)}\),"\(\mathit{A(g)\) returns the number of unique activities in group \(g\).
\newline \(\mathit{Role(g)\) returns the number of unique roles involved in group \(g\). \\"
4,,activity-count-case-granularity-g-c,Activity count (case granularity),3,2,Number of activities that occur in a case.,Calculation of several other PPIs.,,,\(\mathit{A(c)\),\(|\mathit{act(c)|\),\(\mathit{count(\mathit{act(c))\),$\mathit{act(c)$ returns the set of unique activities that occur in case $c$. \\
5,,activity-count-group-of-cases-granularity-g-g,Activity count (group of cases granularity),3,3,Number of activities that occur in a group of cases.,Calculation of several other PPIs.,,,\(\mathit{A(g)\),\(|\cup_{c \in g} \mathit{act(c)|\),\(\mathit{count(\mathit{act(g))\),$\mathit{act(g)$ returns the set of unique activities that occur in group of cases $g$. \\
6,,activity-count-case-granularity-t-c,Activity count (case granularity),5,2,Number of activities that occur in a case.,"If the event log does not contain timestamps, Activity count can be used as a proxy for the time performance of a case.",A greater number of activities implies that the case takes longer to complete.,minimize,\(\mathit{A(c)\),\(|\mathit{act(c)|\),\(\mathit{count(\mathit{act(c))\),"$\mathit{act(c)$ returns the set of unique activities that occur in case $c$.
\\"
7,,activity-count-group-of-cases-granularity-t-g,Activity count (group of cases granularity),5,3,Number of activities that occur in a group of cases.,"If the event log does not contain timestamps, Activity count can be used as a proxy for the time performance of a group of cases.",A greater number of activities implies that the cases in a group of cases take longer to complete.,minimize,\(\mathit{A(g)\),\(|\cup_{c \in g} \mathit{act(c)|\),\(\mathit{count(\mathit{act(g))\),"$\mathit{act(g)$ returns the set of unique activities that occur in group of cases $g$.
\\"
8,,activity-instance-and-human-resource-count-ratio-activity-granularity-f-a,activity Instance and Human Resource count Ratio (activity granularity),2,1,"Ratio between the number of times that an activity is instantiated in the event log, and the number of human resources that are involved in the execution of an activity in the event log.",Process where several human resources are involved.,Minimizing the number of human resources involved in the execution of an activity is desirable.,maximize,\(\mathit{IHRR(a)\),\(\frac{\mathit{I(a)}{\mathit{HR(a)}\),\(\frac{\mathit{I(a)}{\mathit{HR(a)}\),"\(\mathit{I(a)\) returns the total number of instances of activity \(a\).
\newline \(\mathit{HR(a)\) returns the number of unique human resources that performed activity \(a\). \\"
9,,activity-instance-and-human-resource-count-ratio-case-granularity-f-c,activity Instance and Human Resource count Ratio (case granularity),2,2,"Ratio between the number of times that any activity is instantiated in a case, and the number of human resources that are involved in the execution of a case.",Process where several human resources are involved.,Minimizing the number of human resources involved in the execution of a case is desirable.,maximize,\(\mathit{IHRR(c)\),\(\frac{\mathit{I(c)}{\mathit{HR(c)}\),\(\frac{\mathit{I(c)}{\mathit{HR(c)}\),"\(\mathit{I(c)\) returns the total number of activity instances in case \(c\).
\newline \(\mathit{HR(c)\) returns the number of unique human resources involved in case \(c\). \\"
10,,activity-instance-and-human-resource-count-ratio-group-of-cases-granularity-f-g,activity Instance and Human Resource count Ratio (group of cases granularity),2,3,"Ratio between the number of times that any activity is instantiated in a group of cases, and the number of human resources that are involved in the execution of a group of cases.",Process where several human resources are involved.,Minimizing the number of human resources involved in the execution of a group of cases is desirable.,maximize,\(\mathit{IHRR(g)\),\(\frac{\mathit{I(g)}{\mathit{HR(g)}\),\(\frac{\mathit{I(g)}{\mathit{HR(g)}\),"\(\mathit{I(g)\) returns the total number of activity instances in group \(g\).
\newline \(\mathit{HR(g)\) returns the number of unique human resources involved in group \(g\). \\"
11,,activity-instance-count-activity-granularity-g-a,activity Instance count (activity granularity),3,1,Number of times that an activity is instantiated in the event log.,Calculation of several other PPIs.,,,\(\mathit{I(a)\),\(|\mathit{inst(a)|\),\(\mathit{count(\mathit{inst(a))\),$\mathit{inst(a)$ returns the set of instances of activity $a$ that occur in the event log. \\
12,,activity-instance-count-case-granularity-g-c,activity Instance count (case granularity),3,2,Number of times that any activity is instantiated in a case.,Calculation of several other PPIs.,,,\(\mathit{I(c)\),\(|\mathit{inst(c)|\),\(\mathit{count(\mathit{inst(c))\),$\mathit{inst(c)$ returns the set of activity instances that occur in case $c$.\\
13,,activity-instance-count-group-of-cases-granularity-g-g,activity Instance count (group of cases granularity),3,3,Number of times that any activity is instantiated in a group of cases.,Calculation of several other PPIs.,,,\(\mathit{I(g)\),\(\sum _{c \in g} \mathit{I(c)\),\(\sum _{c \in \mathit{cases(g)} \mathit{I(c)\),"$\mathit{cases(g)$ returns the set of cases in group of cases $g$.
\newline $\mathit{I(c)$ returns the activity instance count of case $c$. \\"
14,,activity-instance-count-case-granularity-t-c,activity Instance count (case granularity),5,2,Number of times that any activity is instantiated in a case.,"If the event log does not contain timestamps, activity Instance count can be used as a proxy for the time performance of a case.",A greater number of activity instances implies that the case takes longer to complete.,minimize,\(\mathit{I(c)\),\(|\mathit{inst(c)|\),\(\mathit{count(\mathit{inst(c))\),"$\mathit{inst(c)$ returns the set of activity instances that occur in case $c$.
\\"
15,,activity-instance-count-group-of-cases-granularity-t-g,activity Instance count (group of cases granularity),5,3,Number of times that any activity is instantiated in a group of cases.,"If the event log does not contain timestamps, activity Instance count can be used as a proxy for the time performance of a group of cases.",A greater number of activity instances implies that the cases in a group of cases take longer to complete.,minimize,\(\mathit{I(g)\),\(\sum _{c \in g} \mathit{I(c)\),\(\sum_{c \in \mathit{cases(g)} \mathit{I(c)\),"$\mathit{cases(g)$ returns the set of cases in group of cases $g$.
\newline $\mathit{I(c)$ returns the activity instance count of case $c$.
\\"
16,,activity-instance-count-by-human-resource-activity-granularity-q-a,activity Instance count by Human Resource (activity granularity),4,1,Number of times a specific human resource performs an activity in the event log.,Process where individual performance of human resources is relevant.,Maximizing the number of activities conducted by the same human resource is desirable.,maximize,"\(\mathit{IbyHR(a, \mathit{hr)\)",\(|\{i \in \mathit{inst(a) \mid \mathit{hres(i) = \mathit{hr\}|\),"\(\displaystyle \sum_{i \in \mathit{inst(a)}
\begin{cases}
1 & \text{if } \mathit{hres(i) = \mathit{hr \\
0 & \text{otherwise}
\end{cases}
\)","\(\mathit{inst(a)\) returns the set of all instances of activity \(a\).
\newline \(\mathit{hres(i)\) returns the human resource associated with activity instance \(i\). \\"
17,,activity-instance-count-by-human-resource-case-granularity-q-c,activity Instance count by Human Resource (case granularity),4,2,Number of times a specific human resource instantiates any activity in a case.,Process where individual performance of human resources is relevant.,Maximizing the number of activities conducted by the same human resource is desirable.,maximize,"\(\mathit{IbyHR(c, \mathit{hr)\)",\(|\{i \in \mathit{inst(c) \mid \mathit{hres(i) = \mathit{hr\}|\),"\(\displaystyle \sum_{i \in \mathit{inst(c)}
\begin{cases}
1 & \text{if } \mathit{hres(i) = \mathit{hr \\
0 & \text{otherwise}
\end{cases}
\)","\(\mathit{inst(c)\) returns the set of all activity instances in case \(c\).
\newline \(\mathit{hres(i)\) returns the human resource associated with activity instance \(i\). \\"
18,,activity-instance-count-by-human-resource-group-of-cases-granularity-q-g,activity Instance count by Human Resource (group of cases granularity),4,3,Number of times a specific human resource instantiates any activity in a group of cases.,Process where individual performance of human resources is relevant.,Maximizing the number of activities conducted by the same human resource is desirable.,maximize,"\(\mathit{IbyHR(g, \mathit{hr)\)","\(\sum _{c \in g} \mathit{IbyHR(c, \mathit{hr)\)","\(\sum _{c \in g} \mathit{IbyHR(c, \mathit{hr)\)","\(\mathit{IbyHR(c, \mathit{hr)\) returns the activity instance count by human resource \(\mathit{hr\) in case \(c\). \\"
19,,activity-instance-count-by-role-case-granularity-q-c,activity Instance count by Role (case granularity),4,2,Number of times that any activity is instantiated by a specific role in a case.,Process where performance of human resources with certain roles is relevant.,Maximizing the number of activities conducted by human resources with the specific role is desirable.,maximize,"\(\mathit{IbyRole(c, \mathit{rl)\)",\(|\{i \in \mathit{inst(c) \mid \mathit{role(i) = \mathit{rl\}|\),"\(\displaystyle \sum_{i \in \mathit{inst(c)}
\begin{cases}
1 & \text{if } \mathit{role(i) = \mathit{rl \\
0 & \text{otherwise}
\end{cases}
\)","\(\mathit{inst(c)\) returns the set of all activity instances in case \(c\).
\newline \(\mathit{role(i)\) returns the role associated with activity instance \(i\). \\"
20,,activity-instance-count-by-role-group-of-cases-granularity-q-g,activity Instance count by Role (group of cases granularity),4,3,Number of times that any activity is instantiated by a specific role in a group of cases.,Process where performance of human resources with certain roles is relevant.,Maximizing the number of activities conducted by the same role is desirable.,maximize,"\(\mathit{IbyRole(g, \mathit{rl)\)","\(\sum _{c \in g} \mathit{IbyRole(c, \mathit{rl)\)","\(\sum _{c \in g} \mathit{IbyRole(c, \mathit{rl)\)","\(\mathit{IbyRole(c, \mathit{rl)\) returns the activity instance count by role \(\mathit{rl\) in case \(c\). \\"
21,,automated-activity-cost-case-granularity-c-c,Automated Activity Cost (case granularity),1,2,Total cost associated with all instantiations of automated activities in a case.,Event log that contains automated activities and cost information.,Minimizing total cost is desirable.,minimize,"\(\mathit{AutC\mathit{^{\times(c)\)
\newline \newline \(\mathit{\times \in \{\mathit{sgl, \mathit{sum\}\)","\(\sum _{i \in \mathit{inst(c), \mathit{act(i) \in \mathit{Autl} \mathit{TC\mathit{^{\times(i)\)
\newline \newline The $\mathit{\times$ indicates that the PPI can take multiple forms, in this case, $\mathit{\times \in \{\mathit{sgl, \mathit{sum\}$. If $\mathit{\times = \mathit{sgl$, then the function considers single events of activity instances for cost calculations, i.e., it uses $\mathit{TC\mathit{^{sgl$; if $\mathit{\times = \mathit{sum$, then the function considers the sum of all events of activity instances for cost calculations, i.e., it uses $\mathit{TC\mathit{^{sum$.","\(\sum _{i \in \mathit{inst(c), \mathit{act(i) \in \mathit{Autl} \mathit{TC(i)\)","\(\mathit{inst(c)\) returns the set of all activity instances in case \(c\).
\newline \(\mathit{act(i)\) returns the activity of activity instance \(i\).
\newline \(\mathit{Autl\) returns the set of automated activities.
\newline \(\mathit{TC(i)\) returns the cost of activity instance \(i\). \\"
22,,automated-activity-cost-group-of-cases-granularity-c-g,Automated Activity Cost (group of cases granularity),1,3,Total cost associated with all instantiations of automated activities in a group of cases.,Event log that contains automated activities and cost information.,Minimizing total cost is desirable.,minimize,"\(\mathit{AutC\mathit{^{\times(g)\)
\newline \newline \(\mathit{\times \in \{\mathit{sgl, \mathit{sum\}\)","\(\sum _{c \in g} \mathit{AutC\mathit{^{\times(c)\)
\newline \newline The $\mathit{\times$ indicates that the PPI can take multiple forms, in this case, $\mathit{\times \in \{\mathit{sgl, \mathit{sum\}$. If $\mathit{\times = \mathit{sgl$, then the function considers single events of activity instances for cost calculations, i.e., it uses $\mathit{AutC\mathit{^{sgl$; if $\mathit{\times = \mathit{sum$, then the function considers the sum of all events of activity instances for cost calculations, i.e., it uses $\mathit{AutC\mathit{^{sum$.",\(\sum _{c \in g} \mathit{AutC(c)\),\(\mathit{AutC(c)\) returns the automated activity cost for case \(c\). \\
23,,automated-activity-count-case-granularity-q-c,Automated Activity count (case granularity),4,2,Number of automated activities that occur in a case.,Event log that contains automated activities.,"Automated activities yield more reliable, higher-quality results.",maximize,\(\mathit{Auta(c)\),\(|\mathit{Autl \cap \mathit{act(c)|\),"\(\sum_{a \in \mathit{act(c)} 
\begin{cases}
1 & \text{if } a \text{ is automated} \\
0 & \text{otherwise}
\end{cases}\)",$\mathit{act(c)$ returns the set of unique activities that occur in case $c$.\\
24,,automated-activity-count-group-of-cases-granularity-q-g,Automated Activity count (group of cases granularity),4,3,Number of automated activities that occur in a group of cases.,Event log that contains automated activities.,"Automated activities yield more reliable, higher-quality results.",maximize,\(\mathit{Auta(g)\),\(|\mathit{Autl \cap (\cup_{c \in g} \mathit{act(c))|\),"\(\sum_{a \in \mathit{act(g)} 
\begin{cases}
1 & \text{if } a \text{ is automated} \\
0 & \text{otherwise}
\end{cases}\)",$\mathit{act(g)$ returns the set of unique activities that occur in group of cases $g$.\\
25,,automated-activity-count-case-granularity-t-c,Automated Activity count (case granularity),5,2,Number of automated activities that occur in a case.,Event log that contains automated activities.,Automated activities take less time to be executed.,maximize,\(\mathit{Auta(c)\),\(|\mathit{Autl \cap \mathit{act(c)|\),"\(\sum_{a \in \mathit{act(c)} 
\begin{cases}
1 & \text{if } a \text{ is automated} \\
0 & \text{otherwise}
\end{cases}\)",$\mathit{act(c)$ returns the set of unique activities that occur in case $c$.\\
26,,automated-activity-count-group-of-cases-granularity-t-g,Automated Activity count (group of cases granularity),5,3,Number of automated activities that occur in a group of cases.,Event log that contains automated activities.,Automated activities take less time to be executed.,maximize,\(\mathit{Auta(g)\),\(|\mathit{Autl \cap (\cup_{c \in g} \mathit{act(c))|\),"\(\sum_{a \in \mathit{act(g)} 
\begin{cases}
1 & \text{if } a \text{ is automated} \\
0 & \text{otherwise}
\end{cases}\)",$\mathit{act(g)$ returns the set of unique activities that occur in group of cases $g$.\\
27,,automated-activity-instance-count-case-granularity-q-c,Automated activity Instance count (case granularity),4,2,Number of times that an automated activity is instantiated in a case.,Event log that contains automated activities.,"Automated activities yield more reliable, higher-quality results.",maximize,\(\mathit{Auti(c)\),\(|\{i \in \mathit{inst(c) \mid \mathit{act(i) \in \mathit{Autl\}|\),"\(\sum_{i \in \mathit{inst(c)}
\begin{cases}
1 & \text{if } \mathit{act(i) \text{ is automated} \\
0 & \text{otherwise}
\end{cases}\)","$\mathit{inst(c)$ returns the set of activity instances that occur in case $c$.
\newline $\mathit{act(i)$ returns the activity associated to activity instance $i$.\\"
28,,automated-activity-instance-count-group-of-cases-granularity-q-g,Automated activity Instance count (group of cases granularity),4,3,Number of times that an automated activity is instantiated in a group of cases.,Event log that contains automated activities.,"Automated activities yield more reliable, higher-quality results.",maximize,\(\mathit{Auti(g)\),\(\sum _{c \in g} \mathit{Auti(c)\),\(\sum _{c \in g} \mathit{Auti(c)\),\(\mathit{Auti(c)\) returns the automated activity instance count for case \(c\). \\
29,,automated-activity-instance-count-case-granularity-t-c,Automated activity Instance count (case granularity),5,2,Number of times that an automated activity is instantiated in a case.,Event log that contains automated activities.,Automated activities take less time to be executed.,maximize,\(\mathit{Auti(c)\),\(|\{i \in \mathit{inst(c) \mid \mathit{act(i) \in \mathit{Autl\}|\),"\(\sum_{i \in \mathit{inst(c)}
\begin{cases}
1 & \text{if } \mathit{act(i) \text{ is automated} \\
0 & \text{otherwise}
\end{cases}\)","$\mathit{inst(c)$ returns the set of activity instances that occur in case $c$.
\newline $\mathit{act(i)$ returns the activity associated to activity instance $i$.\\"
30,,automated-activity-instance-count-group-of-cases-granularity-t-g,Automated activity Instance count (group of cases granularity),5,3,Number of times that an automated activity is instantiated in a group of cases.,Event log that contains automated activities.,Automated activities take less time to be executed.,maximize,\(\mathit{Auti(g)\),\(\sum _{c \in g} \mathit{Auti(c)\),\(\sum_{c \in \mathit{cases(g)} \mathit{Auti(c)\),"$\mathit{cases(g)$ returns the set of cases in group of cases $g$.
\newline $\mathit{Auti(c)$ returns the automated activity instance count of case $c$.\\"
31,,automated-activity-service-time-case-granularity-t-c,Automated Activity Service Time (case granularity),5,2,Sum of the service time of all instantiations of automated activities in a case.,Event log that contains automated activities and lifecycle information for activity instances.,Minimizing service time is desirable.,minimize,\(\mathit{AutST(c)\),"\(\sum _{i \in \mathit{inst(c), \mathit{act(i) \in \mathit{Autl} \mathit{ST(i)\)","\(\sum_{i \in \mathit{inst(c),\, \mathit{act(i) \in \mathit{Autl} \mathit{ST(i)\)","$\mathit{inst(c)$ returns the set of activity instances that occur in case $c$.
\newline $\mathit{act(i)$ returns the activity associated with activity instance $i$.
\newline $\mathit{Autl$ denotes the set of automated activities.
\newline $\mathit{ST(i)$ returns the service time of activity instance $i$.\\"
32,,automated-activity-service-time-group-of-cases-granularity-t-g,Automated Activity Service Time (group of cases granularity),5,3,Sum of the service time of all instantiations of automated activities in a group of cases.,Event log that contains automated activities and lifecycle information for activity instances.,Minimizing service time is desirable.,minimize,\(\mathit{AutST(g)\),\(\sum _{c \in g} \mathit{AutST(c)\),\(\sum_{c \in \mathit{cases(g)} \mathit{AutST(c)\),"$\mathit{cases(g)$ returns the set of cases that belong to group of cases $g$.
\newline$\mathit{AutST(c)$ returns the automated activity service time of case $c$.\\"
33,,case-and-client-count-ratio-group-of-cases-granularity-q-g,Case and Client count Ratio (group of cases granularity),4,3,Ratio between the number of cases in a group of cases and the number of distinct clients associated with cases in a group of cases.,Process is executed for different clients.,It is desirable to maximize the number of cases per client.,maximize,\(\mathit{CCliR(g)\),\(\frac{\mathit{C(g)}{\mathit{Cli(g)}\),\(\frac{\mathit{C(g)}{\mathit{Cli(g)}\),"\(\mathit{C(g)\) returns the number of cases in group \(g\).
\newline \(\mathit{Cli(g)\) returns the number of clients associated with group \(g\). \\"
34,,case-count-group-of-cases-granularity-g-g,Case count (group of cases granularity),3,3,Number of cases belonging to a group of cases.,Calculation of several other PPIs.,,,\(\mathit{C(g)\),\(|g|\),\(\mathit{count(\mathit{cases(g))\),$\mathit{cases(g)$ returns the set of cases in group of cases $g$. \\
35,,case-count-where-activity-after-time-frame-group-of-cases-granularity-q-g,Case Count where Activity after Time Frame (group of cases granularity),4,3,Number of cases in a group of cases where a specific activity occurs after a specific time frame.,Event log is associated with a process in which specific time frames must be taken into consideration.,Maximizing the number of cases where the activity occurs after the time frame is desirable.,maximize,"\(\mathit{CApastTFC(g, \mathit{a, \mathit{et)\)","\(|\{c \in g \mid \exists i \in \mathit{inst(c, \mathit{a)[\mathit{stime(i) \geq \mathit{et]\}|\)","\(\displaystyle \sum_{c \in g}
\begin{cases}
1 & \text{if } \exists i \in \mathit{inst(c, \mathit{a)[\mathit{stime(i) \geq \mathit{et] \\
0 & \text{otherwise}
\end{cases}
\)","\(\mathit{inst(c, \mathit{a)\) returns the set of all instances of activity \(\mathit{a\) in case \(c\).
\newline \(\mathit{stime(i)\) returns the start timestamp of activity instance \(i\). \\"
36,,case-count-where-activity-before-time-frame-group-of-cases-granularity-q-g,Case Count where Activity before Time Frame (group of cases granularity),4,3,Number of cases in a group of cases where a specific activity occurs before a specific time frame.,Event log is associated with a process in which specific time frames must be taken into consideration.,Maximizing the number of cases where the activity occurs before the time frame is desirable.,maximize,"\(\mathit{CAdueTFC(g, \mathit{a, \mathit{st)\)","\(|\{c \in g \mid \exists i \in \mathit{inst(c, \mathit{a)[\mathit{stime(i) \leq \mathit{st]\}|\)","\(\displaystyle \sum_{c \in g}
\begin{cases}
1 & \text{if } \exists i \in \mathit{inst(c, \mathit{a)[\mathit{stime(i) \leq \mathit{st] \\
0 & \text{otherwise}
\end{cases}
\)","\(\mathit{inst(c, \mathit{a)\) returns the set of all instances of activity \(\mathit{a\) in case \(c\).
\newline \(\mathit{stime(i)\) returns the start timestamp of activity instance \(i\). \\"
37,,case-count-where-activity-during-time-frame-group-of-cases-granularity-q-g,Case Count where Activity during Time Frame (group of cases granularity),4,3,Number of cases in a group of cases where a specific activity occurs within a specific time frame.,Event log is associated with a process in which specific time frames must be taken into consideration.,Maximizing the number of cases where the activity occurs within the time frame is desirable.,maximize,"\(\mathit{CAinTFC(g, \mathit{a, \mathit{st, \mathit{et)\)","\(|\{c \in g \mid \exists i \in \mathit{inst(c, \mathit{a)[\mathit{st \leq \mathit{stime(i) \land \mathit{stime(i) \leq \mathit{et]\}|\)","\(\displaystyle \sum_{c \in g}
\begin{cases}
1 & \text{if } \exists i \in \mathit{inst(c, \mathit{a)[\mathit{st \leq \mathit{stime(i) \land \mathit{stime(i) \leq \mathit{et] \\
0 & \text{otherwise}
\end{cases}
\)","\(\mathit{inst(c, \mathit{a)\) returns the set of all instances of activity \(\mathit{a\) in case \(c\).
\newline \(\mathit{stime(i)\) returns the start timestamp of activity instance \(i\). \\"
38,,case-count-where-end-activity-is-a-group-of-cases-granularity-q-g,Case Count where end activity is A (group of cases granularity),4,3,Number of cases in a group of cases where a specific activity is the last one to be instantiated it.,Process is expected to end with specific activities.,Maximizing the number of cases that end with the specific activity is desirable.,maximize,"\(\mathit{CendAC(g, \mathit{a)\)",\(|\{c \in g \mid \exists i \in \mathit{endin(c)[\mathit{act(i) = \mathit{a]\}|\),"\(\displaystyle \sum_{c \in g}
\begin{cases}
1 & \text{if } \exists i \in \mathit{endin(c)[\mathit{act(i) = \mathit{a] \\
0 & \text{otherwise}
\end{cases}
\)","\(\mathit{endin(c)\) returns the set of last activity instances in case \(c\).
\newline \(\mathit{act(i)\) returns the activity of activity instance \(i\). \\"
39,,case-count-where-start-activity-is-a-group-of-cases-granularity-q-g,Case Count where start activity is A (group of cases granularity),4,3,Number of cases in a group of cases where a specific activity is the first one to be instantiated it.,Process is expected to start with specific activities.,Maximizing the number of cases that start with the specific activity is desirable.,maximize,"\(\mathit{CstartAC(g, \mathit{a)\)",\(|\{c \in g \mid \exists i \in \mathit{strin(c)[\mathit{act(i) = \mathit{a]\}|\),"\(\displaystyle \sum_{c \in g}
\begin{cases}
1 & \text{if } \exists i \in \mathit{strin(c)[\mathit{act(i) = \mathit{a] \\
0 & \text{otherwise}
\end{cases}
\)","\(\mathit{strin(c)\) returns the set of first activity instances in case \(c\).
\newline \(\mathit{act(i)\) returns the activity of activity instance \(i\). \\"
40,,case-count-with-rework-group-of-cases-granularity-q-g,Case Count with Rework (group of cases granularity),4,3,Number of cases in a group of cases where there is rework.,Process where rework recurrently occurs.,Minimizing the number of cases with rework is desirable.,minimize,\(\mathit{CRewC(g)\),\(|\{c \in g \mid \mathit{RewC(c) > 0\}|\),"\(\displaystyle \sum_{c \in g}
\begin{cases}
1 & \text{if } \mathit{RewC(c) > 0 \\
0 & \text{otherwise}
\end{cases}
\)",\(\mathit{RewC(c)\) returns the rework count for case \(c\). \\
41,,case-percentage-where-activity-after-time-frame-group-of-cases-granularity-q-g,Case Percentage where Activity after Time Frame (group of cases granularity),4,3,Percentage of cases in a group of cases where a specific activity occurs after a specific time frame.,Event log is associated with a process in which specific time frames must be taken into consideration.,Maximizing the number of cases where the activity occurs after the time frame is desirable.,maximize,"\(\mathit{CApastTFP(g, \mathit{a, \mathit{et)\)","\(\frac{\mathit{CApastTFC(g, \mathit{a, \mathit{et)}{\mathit{C(g)}\)","\(\frac{\mathit{CApastTFC(g, \mathit{a, \mathit{et)}{\mathit{C(g)}\)","\(\mathit{CApastTFC(g, \mathit{a, \mathit{et)\) returns the case count where activity \(\mathit{a\) starts after time frame \(\mathit{et\) in group \(g\).
\newline \(\mathit{C(g)\) returns the number of cases in group \(g\). \\"
42,,case-percentage-where-activity-before-time-frame-group-of-cases-granularity-q-g,Case Percentage where Activity before Time Frame (group of cases granularity),4,3,Percentage of cases in a group of cases where a specific activity occurs before a specific time frame.,Event log is associated with a process in which specific time frames must be taken into consideration.,Maximizing the number of cases where the activity occurs before the time frame is desirable.,maximize,"\(\mathit{CAdueTFP(g, \mathit{a, \mathit{st)\)","\(\frac{\mathit{CAdueTFC(g, \mathit{a, \mathit{st)}{\mathit{C(g)}\)","\(\frac{\mathit{CAdueTFC(g, \mathit{a, \mathit{st)}{\mathit{C(g)}\)","\(\mathit{CAdueTFC(g, \mathit{a, \mathit{st)\) returns the case count where activity \(\mathit{a\) starts before time frame \(\mathit{st\) in group \(g\).
\newline \(\mathit{C(g)\) returns the number of cases in group \(g\). \\"
43,,case-percentage-where-activity-during-time-frame-group-of-cases-granularity-q-g,Case Percentage where Activity during Time Frame (group of cases granularity),4,3,Percentage of cases in a group of cases where a specific activity occurs within a specific time frame.,Event log is associated with a process in which specific time frames must be taken into consideration.,Maximizing the number of cases where the activity occurs within the time frame is desirable.,maximize,"\(\mathit{CAinTFP(g, \mathit{a, \mathit{st, \mathit{et)\)","\(\frac{\mathit{CAinTFC(g, \mathit{a, \mathit{st, \mathit{et)}{\mathit{C(g)}\)","\(\frac{\mathit{CAinTFC(g, \mathit{a, \mathit{st, \mathit{et)}{\mathit{C(g)}\)","\(\mathit{CAinTFC(g, \mathit{a, \mathit{st, \mathit{et)\) returns the case count where activity \(\mathit{a\) starts during the time frame in group \(g\).
\newline \(\mathit{C(g)\) returns the number of cases in group \(g\). \\"
44,,case-percentage-where-end-activity-is-a-group-of-cases-granularity-q-g,Case Percentage where End Activity is A (group of cases granularity),4,3,Percentage of cases in a group of cases where a specific activity is the last instantiated one.,Process is expected to end with specific activities.,Maximizing the number of cases that end with the specific activity is desirable.,maximize,"\(\mathit{CendAP(g, \mathit{a)\)","\(\frac{\mathit{CendAC(g, \mathit{a)}{\mathit{C(g)}\)","\(\frac{\mathit{CendAC(g, \mathit{a)}{\mathit{C(g)}\)","\(\mathit{CendAC(g, \mathit{a)\) returns the case count where the end activity is \(\mathit{a\) in group \(g\).
\newline \(\mathit{C(g)\) returns the number of cases in group \(g\). \\"
45,,case-percentage-where-start-activity-is-a-group-of-cases-granularity-q-g,Case Percentage where Start Activity is A (group of cases granularity),4,3,Percentage of cases in a group of cases where a specific activity is the first one to be instantiated it.,Process is expected to start with specific activities.,Maximizing the number of cases that start with the specific activity is desirable.,maximize,"\(\mathit{CstartAP(g, \mathit{a)\)","\(\frac{\mathit{CstartAC(g, \mathit{a)}{\mathit{C(g)}\)","\(\frac{\mathit{CstartAC(g, \mathit{a)}{\mathit{C(g)}\)","\(\mathit{CstartAC(g, \mathit{a)\) returns the case count where the start activity is \(\mathit{a\) in group \(g\).
\newline \(\mathit{C(g)\) returns the number of cases in group \(g\). \\"
46,,case-percentage-with-missed-deadline-group-of-cases-granularity-q-g,Case Percentage with Missed Deadline (group of cases granularity),4,3,Percentage of cases in a group of cases whose latest event occurs after a given deadline.,Event log is associated with a process in which cases should be completed before a defined deadline.,Exceeding the deadline of interest is undesired.,minimize,"\(\mathit{CMDP(g, \mathit{val)\)",\(\frac{|\{c \in g \mid \mathit{endt(c) > \mathit{val\}|}{\mathit{C(g)}\),"\(\displaystyle \frac{
\sum_{c \in g}
\begin{cases}
1 & \text{if } \mathit{endt(c) > \mathit{val \\
0 & \text{otherwise}
\end{cases}
}{\mathit{C(g)}\)","\(\mathit{endt(c)\) returns the completion timestamp of case \(c\).
\newline \(\mathit{C(g)\) returns the number of cases in group \(g\). \\"
47,,case-percentage-with-missed-deadline-group-of-cases-granularity-t-g,Case Percentage with Missed Deadline (group of cases granularity),5,3,Percentage of cases belonging to a group of cases whose latest event occurs after a given deadline.,Event log is associated with a process in which cases should be completed before a defined deadline.,Exceeding the deadline of interest is undesired.,minimize,"\(\mathit{CMDP(g, \mathit{val)\)",\(\frac{|\{c \in g \mid \mathit{endt(c) > \mathit{val\}|}{\mathit{C(g)}\),"\(\displaystyle \frac{
\sum_{c \in g}
\begin{cases}
1 & \text{if } \mathit{endt(c) > \mathit{val \\
0 & \text{otherwise}
\end{cases}
}{\mathit{C(g)}\)","\(\mathit{endt(c)\) returns the completion timestamp of case \(c\).
\newline \(\mathit{C(g)\) returns the number of cases in group \(g\). \\"
48,,case-percentage-with-rework-group-of-cases-granularity-q-g,Case Percentage with Rework (group of cases granularity),4,3,Percentage of cases in a group of cases where there is rework.,Process where rework recurrently occurs.,Minimizing the number of cases with rework is desirable.,minimize,\(\mathit{CRewP(g)\),\(\frac{\mathit{CRewC(g)}{\mathit{C(g)}\),\(\frac{\mathit{CRewC(g)}{\mathit{C(g)}\),"\(\mathit{CRewC(g)\) returns the case count with rework in group \(g\).
\newline \(\mathit{C(g)\) returns the number of cases in group \(g\). \\"
49,,client-count-activity-granularity-f-a,Client count (activity granularity),2,1,Number of distinct clients associated with cases where the activity is instantiated in the event log.,Process is executed for different clients.,It is desirable to maximize the number of clients.,maximize,\(\mathit{Cli(a)\),\(|\{#^{}_{\mathit{cli}(c) \mid c \in C[a \in \mathit{act(c)]\}|\),\(\mathit{count(\mathit{Cli(a))\),\(\mathit{Cli(a)\) returns the set of distinct client identifiers associated with activity $a$. \\
50,,client-count-group-of-cases-granularity-f-g,Client count (group of cases granularity),2,3,Number of distinct clients associated with cases in a group of cases.,Process is executed for different clients.,It is desirable to maximize the number of clients.,maximize,\(\mathit{Cli(g)\),\(|\{#^{}_{\mathit{cli}(c) \mid c \in g\}|\),\(\mathit{count(\mathit{Cli(g))\),\(\mathit{Cli(g)\) returns the set of distinct client identifiers associated with case group $g$. \\
51,,client-count-and-total-cost-ratio-activity-granularity-q-a,Client count and Total Cost Ratio (activity granularity),4,1,"Ratio between the number of distinct clients associated with cases where an activity is instantiated in the event log, and the total cost associated with all instantiations of an activity in the event log.",Process is executed for different clients where the event log contains cost information.,It is desirable to execute the specific activity for as many clients at the least cost.,maximize,"\(\mathit{CliTCR\mathit{^{\times(a)\)
\newline \newline \(\mathit{\times \in \{\mathit{sgl, \mathit{sum\}\)","\(\frac{\mathit{Cli(a)}{\mathit{TC\mathit{^{\times(a)}\)
\newline \newline The $\mathit{\times$ indicates that the PPI can take multiple forms, in this case, $\mathit{\times \in \{\mathit{sgl, \mathit{sum\}$. If $\mathit{\times = \mathit{sgl$, then the function considers single events of activity instances for cost calculations, i.e., it uses $\mathit{TC\mathit{^{sgl$; if $\mathit{\times = \mathit{sum$, then the function considers the sum of all events of activity instances for cost calculations, i.e., it uses $\mathit{TC\mathit{^{sum$.",\(\frac{\mathit{Cli(a)}{\mathit{TC(a)}\),"\(\mathit{Cli(a)\) returns the number of distinct clients involved in activity \(a\).
\newline \(\mathit{TC(a)\) returns the total cost of activity \(a\). \\"
52,,client-count-and-total-cost-ratio-group-of-cases-granularity-q-g,Client count and Total Cost Ratio (group of cases granularity),4,3,"Ratio between the number of distinct clients associated with cases in a group of cases, and the total cost of a group of cases.",Process is executed for different clients where the event log contains cost information.,It is desirable to execute the process for as many clients at the least cost.,maximize,"\(\mathit{CliTCR\mathit{^{\times(g)\)
\newline \newline \(\mathit{\times \in \{\mathit{sgl, \mathit{sum\}\)","\(\frac{\mathit{Cli(g)}{\mathit{TC\mathit{^{\times(g)}\)
\newline \newline The $\mathit{\times$ indicates that the PPI can take multiple forms, in this case, $\mathit{\times \in \{\mathit{sgl, \mathit{sum\}$. If $\mathit{\times = \mathit{sgl$, then the function considers single events of activity instances for cost calculations, i.e., it uses $\mathit{TC\mathit{^{sgl$; if $\mathit{\times = \mathit{sum$, then the function considers the sum of all events of activity instances for cost calculations, i.e., it uses $\mathit{TC\mathit{^{sum$.",\(\frac{\mathit{Cli(g)}{\mathit{TC(g)}\),"\(\mathit{Cli(g)\) returns the number of distinct clients associated with group \(g\).
\newline \(\mathit{TC(g)\) returns the total cost of case group \(g\). \\"
53,,desired-activity-count-case-granularity-c-c,Desired Activity count (case granularity),1,2,Number of instantiated activities whose occurrence is desirable in a case.,Event log that contains optional activities whose occurrence is desirable.,Desirable activities should be maximized.,maximize,\(\mathit{DAC(c)\),\(| \mathit{Desl \cap \mathit{act(c)|\),\(\mathit{count( \mathit{Desl \cap \mathit{act(c))\),"\(\mathit{Desl\) returns the set of desired activities.
\newline \(\mathit{act(c)\) returns the set of activities that occurred in case \(c\). \\"
54,,desired-activity-count-group-of-cases-granularity-c-g,Desired Activity count (group of cases granularity),1,3,Number of instantiated activities whose occurrence is desirable in a group of cases.,Event log that contains optional activities whose occurrence is desirable.,Desirable activities should be maximized.,maximize,\(\mathit{DAC(g)\),\(|\mathit{Desl \cap (\cup_{c \in g} \mathit{act(c))|\),\(\mathit{count(\mathit{Desl \cap (\cup_{c \in g} \mathit{act(c)))\),"\(\mathit{Desl\) returns the set of desired activities.
\newline \(\mathit{act(c)\) returns the set of activities that occurred in case \(c\). \\"
55,,desired-activity-count-case-granularity-q-c,Desired Activity count (case granularity),4,2,Number of instantiated activities whose occurrence is desirable in a case.,Event log that contains optional activities whose occurrence is desirable.,Desirable activities should be maximized.,maximize,\(\mathit{DAC(c)\),\(| \mathit{Desl \cap \mathit{act(c)|\),\(\mathit{count(\mathit{Desl \cap \mathit{act(c))\),"\(\mathit{Desl\) returns the set of desired activities.
\newline \(\mathit{act(c)\) returns the set of activities that occurred in case \(c\). \\"
56,,desired-activity-count-group-of-cases-granularity-q-g,Desired Activity count (group of cases granularity),4,3,Number of instantiated activities whose occurrence is desirable in a group of cases.,Event log that contains optional activities whose occurrence is desirable.,Desirable activities should be maximized.,maximize,\(\mathit{DAC(g)\),\(|\mathit{Desl \cap (\cup_{c \in g} \mathit{act(c))|\),\(\mathit{count(\mathit{Desl \cap (\cup_{c \in g} \mathit{act(c)))\),"\(\mathit{Desl\) returns the set of desired activities.
\newline \(\mathit{act(c)\) returns the set of activities that occurred in case \(c\). \\"
57,,direct-cost-case-granularity-c-c,Direct Cost (case granularity),1,2,Total cost associated with all instantiations of activities that have a direct effect on the outcome of a case.,Event log in which activities can be categorized based on whether they directly contribute to the outcome of the process or not.,Minimizing total cost is desirable.,minimize,"\(\mathit{DC\mathit{^{\times(c)\) 
\newline \newline \(\mathit{\times \in \{\mathit{sgl, \mathit{sum\}\)","\(\sum _{i \in \mathit{inst(c), \mathit{act(i) \in \mathit{DCl} \mathit{TC\mathit{^{\times(i)\)
\newline \newline The $\mathit{\times$ indicates that the PPI can take multiple forms, in this case, $\mathit{\times \in \{\mathit{sgl, \mathit{sum\}$. If $\mathit{\times = \mathit{sgl$, then the function considers single events of activity instances for cost calculations, i.e., it uses $\mathit{TC\mathit{^{sgl$; if $\mathit{\times = \mathit{sum$, then the function considers the sum of all events of activity instances for cost calculations, i.e., it uses $\mathit{TC\mathit{^{sum$.","\(\sum _{i \in \mathit{inst(c), \mathit{act(i) \in \mathit{DCl} \mathit{TC(i)\)","\(\mathit{inst(c)\) returns the set of all activity instances in case \(c\).
\newline \(\mathit{act(i)\) returns the activity of activity instance \(i\).
\newline \(\mathit{DCl\) returns the set of direct cost activities.
\newline \(\mathit{TC(i)\) returns the cost of activity instance \(i\). \\"
58,,direct-cost-group-of-cases-granularity-c-g,Direct Cost (group of cases granularity),1,3,Total cost associated with all instantiations of activities that have a direct effect on the outcome of cases in a group of cases.,Event log in which activities can be categorized based on whether they directly contribute to the outcome of the process or not.,Minimizing total cost is desirable.,minimize,"\(\mathit{DC\mathit{^{\times(g)\) 
\newline \newline \(\mathit{\times \in \{\mathit{sgl, \mathit{sum\}\)","\(\sum _{c \in g} \mathit{DC\mathit{^{\times(c)\)
\newline \newline The $\mathit{\times$ indicates that the PPI can take multiple forms, in this case, $\mathit{\times \in \{\mathit{sgl, \mathit{sum\}$. If $\mathit{\times = \mathit{sgl$, then the function considers single events of activity instances for cost calculations, i.e., it uses $\mathit{DC\mathit{^{sgl$; if $\mathit{\times = \mathit{sum$, then the function considers the sum of all events of activity instances for cost calculations, i.e., it uses $\mathit{DC\mathit{^{sum$.",\(\sum _{c \in g} \mathit{DC(c)\),\(\mathit{DC(c)\) returns the direct cost for case \(c\). \\
59,,directly-follows-relations-and-activity-count-ratio-case-granularity-f-c,Directly-Follows Relations and Activity count Ratio (case granularity),2,2,"Ratio between the number of activity pairs where one is instantiated directly after the other in a case, and the number of activities that occur in a case.",Process where several distinct directly-follows relations can occur.,"A greater number of directly-follows relations is desirable, as it implies a greater capability to address unexpected situations.",maximize,\(\mathit{DFRAR(c)\),\(\frac{\mathit{DFR(c)}{\mathit{A(c)}\),\(\frac{\mathit{DFR(c)}{\mathit{A(c)}\),"\(\mathit{DFR(c)\) returns the number of unique Directly-Follows Relations (DFR) in case \(c\).
\newline \(\mathit{A(c)\) returns the number of unique activities in case \(c\). \\"
60,,directly-follows-relations-and-activity-count-ratio-group-of-cases-granularity-f-g,Directly-Follows Relations and Activity count Ratio (group of cases granularity),2,3,"Ratio between the number of activity pairs where one is instantiated directly after the other in a group of cases, and the number of activities that occur in a group of cases.",Process where several distinct directly-follows relations can occur.,"A greater number of directly-follows relations is desirable, as it implies a greater capability to address unexpected situations.",maximize,\(\mathit{DFRAR(g)\),\(\frac{\mathit{DFR(g)}{\mathit{A(g)}\),\(\frac{\mathit{DFR(g)}{\mathit{A(g)}\),"\(\mathit{DFR(g)\) returns the number of unique Directly-Follows Relations (DFR) in group \(g\).
\newline \(\mathit{A(g)\) returns the number of unique activities in group \(g\). \\"
61,,directly-follows-relations-count-activity-granularity-f-a,Directly-Follows Relations count (activity granularity),2,1,Number of activities that have been instantiated directly after the activity of interest in the event log.,Process where several distinct directly-follows relations can occur.,"A greater number of directly-follows relations is desirable, as it implies a greater capability to address unexpected situations.",maximize,\(\mathit{DFR(a)\),\(\cup_{i \in \mathit{inst(a)} \{\mathit{act(i') \mid i' \in \mathit{next(i))\}|\),\(\sum_{a \in \mathit{act(a)} \mathit{dfrel(a)\),"\(\mathit{inst(a)\) returns the set of all instances of activity \(a\).
\newline \(\mathit{dfrel(a)\) returns the set of activities that directly follow activity \(a\) in any case. \\"
62,,directly-follows-relations-count-case-granularity-f-c,Directly-Follows Relations count (case granularity),2,2,Number of activity pairs where one is instantiated directly after the other in a case.,Process where several distinct directly-follows relations can occur.,"A greater number of directly-follows relations is desirable, as it implies a greater capability to address unexpected situations.",maximize,\(\mathit{DFR(c)\),\(|\mathit{dfrel(c)|\),\(\mathit{count(\mathit{dfrel(c))\),\(\mathit{dfrel(c)\) returns the set of unique Directly-Follows Relations (DFR) in case \(c\). \\
63,,directly-follows-relations-count-group-of-cases-granularity-f-g,Directly-Follows Relations count (group of cases granularity),2,3,Number of activity pairs where one is instantiated directly after the other in a group of cases.,Process where several distinct directly-follows relations can occur.,"A greater number of directly-follows relations is desirable, as it implies a greater capability to address unexpected situations.",maximize,\(\mathit{DFR(g)\),\(|\cup_{c \in g} \mathit{dfrel(c)|\),\(\displaystyle \sum_{r \in (\cup_{c \in g} \mathit{dfrel(c))} 1\),\(\mathit{dfrel(c)\) returns the set of unique Directly-Follows Relations (DFR) in case \(c\). \\
64,,expected-active-time-t-g,Expected Active Time,5,3,Expected difference between the lead time and the idle time of a case belonging to a group of cases.,Event log that contains lifecycle information for activity instances where the actual time that the case is active is of interest.,Maximizing active time is desirable.,maximize,\(\mathit{e\mathit{AT(g)\),\(\frac{\sum _{c \in g} \mathit{AT(c)}{\mathit{C(g)}\),\(\frac{\sum _{c \in g} \mathit{AT(c)}{\mathit{C(g)}\),"\(\mathit{AT(c)\) returns the Active Time of case \(c\).
\newline \(\mathit{C(g)\) returns the number of cases in group \(g\). \\"
65,,expected-activity-and-role-count-ratio-f-g,Expected Activity and Role count Ratio,2,3,"Ratio between the expected number of activities that occur in a case belonging to a group of cases, and the expected number of human resource roles that are involved in the execution of a case belonging to a group of cases.",Process where several roles are involved.,Minimizing the number of human resource roles involved in the execution of a case is desirable.,maximize,\(\mathit{e\mathit{ARoleR(g)\),\(\frac{\sum _{c \in g} \mathit{A(c)}{\sum _{c \in g} \mathit{Role(c)}\),\(\frac{\sum _{c \in g} \mathit{A(c)}{\sum _{c \in g} \mathit{Role(c)}\),"\(\mathit{A(c)\) returns the number of unique activities in case \(c\).
\newline \(\mathit{Role(c)\) returns the number of unique roles involved in case \(c\). \\"
66,,expected-activity-count-g-g,Expected Activity count,3,3,Expected number of activities that occur in a case belonging to a group of cases.,Calculation of several other PPIs.,,,\(\mathit{e\mathit{A(g)\),\(\frac{\sum _{c \in g} \mathit{A(c)}{\mathit{C(g)}\),\(\frac{\sum _{c \in \mathit{cases(g)} \mathit{A(c)}{\mathit{C(g)}\),"$\mathit{cases(g)$ returns the set of cases in group of cases $g$.
\newline $\mathit{A(c)$ returns the activity count of case $c$.
\newline $\mathit{C(g)$ returns the case count of group of cases $g$. \\"
67,,expected-activity-count-t-g,Expected Activity count,5,3,Expected number of activities that occur in a case belonging to a group of cases.,"If the event log does not contain timestamps, Expected Activity count can be used as a proxy for the time performance of a group of cases.",A greater number of activities implies that a case takes longer to complete.,minimize,\(\mathit{e\mathit{A(g)\),\(\frac{\sum _{c \in g} \mathit{A(c)}{\mathit{C(g)}\),\(\frac{\sum _{c \in \mathit{cases(g)} \mathit{A(c)}{\mathit{C(g)}\),"$\mathit{cases(g)$ returns the set of cases in group of cases $g$.
\newline $\mathit{A(c)$ returns the activity count of case $c$.
\newline $\mathit{C(g)$ returns the case count of group of cases $g$.
\\"
68,,expected-activity-instance-and-human-resource-count-ratio-f-g,Expected activity Instance and Human Resource count Ratio,2,3,"Ratio between the expected number of times that any activity is instantiated in a case belonging to a group of cases, and the expected number of human resources that are involved in the execution of a case belonging to a group of cases.",Process where several human resources are involved.,Minimizing the number of human resources involved in the execution of a case is desirable.,maximize,\(\mathit{e\mathit{IHRR(g)\),\(\frac{\mathit{I(g)}{\sum _{c \in g} \mathit{HR(c)}\),\(\frac{\mathit{I(g)}{\sum _{c \in g} \mathit{HR(c)}\),"\(\mathit{I(g)\) returns the total number of activity instances in group \(g\).
\newline \(\mathit{HR(c)\) returns the number of unique human resources involved in case \(c\). \\"
69,,expected-activity-instance-count-g-g,Expected activity Instance count,3,3,Expected number of times that any activity is instantiated in a case belonging to a group of cases.,Calculation of several other PPIs.,,,\(\mathit{e\mathit{I(g)\),\(\frac{\mathit{I(g)}{\mathit{C(g)}\),\(\frac{\mathit{I(g)}{\mathit{C(g)}\),"$\mathit{I(g)$ returns the activity instance count of group of cases $g$.
\newline $\mathit{C(g)$ returns the case count of group of cases $g$.\\"
70,,expected-activity-instance-count-t-g,Expected activity Instance count,5,3,Expected number of times that any activity is instantiated in a case belonging to a group of cases.,"If the event log does not contain timestamps, Expected activity Instance count can be used as a proxy for the time performance of a group of cases.",A greater number of activity instances implies that a case takes longer to complete.,minimize,\(\mathit{e\mathit{I(g)\),\(\frac{\mathit{I(g)}{\mathit{C(g)}\),\(\frac{\mathit{I(g)}{\mathit{C(g)}\),"$\mathit{I(g)$ returns the activity instance count of group of cases $g$.
\newline $\mathit{C(g)$ returns the case count of group of cases $g$.
\\"
71,,expected-activity-instance-count-by-human-resource-q-g,Expected activity Instance count by Human Resource,4,3,Expected number of times a specific human resource instantiates any activity in a case belonging to a group of cases.,Process where individual performance of human resources is relevant.,Maximizing the number of activities conducted by the same human resource is desirable.,maximize,"\(\mathit{e\mathit{IbyHR(g, \mathit{hr)\)","\(\frac{\mathit{IbyHR(g, \mathit{hr)}{\mathit{C(g)}\)","\(\frac{\mathit{IbyHR(g, \mathit{hr)}{\mathit{C(g)}\)","\(\mathit{IbyHR(g, \mathit{hr)\) returns the total activity instance count by human resource \(\mathit{hr\) in group \(g\).
\newline \(\mathit{C(g)\) returns the number of cases in group \(g\). \\"
72,,expected-activity-instance-count-by-role-q-g,Expected activity Instance count by Role,4,3,Expected number of times that any activity is instantiated by a specific role in a case belonging to a group of cases.,Process where performance of human resources with certain roles is relevant.,Maximizing the number of activities conducted by the same role is desirable.,maximize,"\(\mathit{e\mathit{IbyRole(g, \mathit{rl)\)","\(\frac{\mathit{IbyRole(g, \mathit{rl)}{\mathit{C(g)}\)","\(\frac{\mathit{IbyRole(g, \mathit{rl)}{\mathit{C(g)}\)","\(\mathit{IbyRole(g, \mathit{rl)\) returns the total activity instance count by role \(\mathit{rl\) in group \(g\).
\newline \(\mathit{C(g)\) returns the number of cases in group \(g\). \\"
73,,expected-automated-activity-cost-c-g,Expected Automated Activity Cost,1,3,Expected total cost associated with all instantiations of automated activities in a case belonging to a group of cases.,Event log that contains automated activities and cost information.,Minimizing total cost is desirable.,minimize,"\(\mathit{e\mathit{AutC\mathit{^{\times(g)\) 
\newline \newline \(\mathit{\times \in \{\mathit{sgl, \mathit{sum\}\)","\(\frac{\mathit{AutC\mathit{^{\times(g)}{\mathit{C(g)}\)
\newline \newline The $\mathit{\times$ indicates that the PPI can take multiple forms, in this case, $\mathit{\times \in \{\mathit{sgl, \mathit{sum\}$. If $\mathit{\times = \mathit{sgl$, then the function considers single events of activity instances for cost calculations, i.e., it uses $\mathit{AutC\mathit{^{sgl$; if $\mathit{\times = \mathit{sum$, then the function considers the sum of all events of activity instances for cost calculations, i.e., it uses $\mathit{AutC\mathit{^{sum$.",\(\frac{\mathit{AutC(g)}{\mathit{C(g)}\),"\(\mathit{AutC(g)\) returns the total automated activity cost for group \(g\).
\newline \(\mathit{C(g)\) returns the number of cases in group \(g\). \\"
74,,expected-automated-activity-count-q-g,Expected Automated Activity count,4,3,Expected number of automated activities that occur in a case belonging to a group of cases.,Event log that contains automated activities.,"Automated activities yield more reliable, higher-quality results.",maximize,\(\mathit{e\mathit{Auta(g)\),\(\frac{\sum _{c \in g} \mathit{Auta(c)}{\mathit{C(g)}\),\(\frac{\sum _{c \in g} \mathit{Auta(c)}{\mathit{C(g)}\),"\(\mathit{Auta(c)\) returns the automated activity count for case \(c\).
\newline \(\mathit{C(g)\) returns the number of cases in group \(g\). \\"
75,,expected-automated-activity-count-t-g,Expected Automated Activity count,5,3,Expected number of automated activities that occur in a case belonging to a group of cases.,Event log that contains automated activities.,Automated activities take less time to be executed.,maximize,\(\mathit{e\mathit{Auta(g)\),\(\frac{\sum _{c \in g} \mathit{Auta(c)}{\mathit{C(g)}\),\(\frac{\sum_{c \in \mathit{cases(g)} \mathit{Auta(c)}{\mathit{C(g)}\),"$\mathit{cases(g)$ returns the set of cases in group of cases $g$.
\newline $\mathit{Auta(c)$ returns the automated activity count of case $c$.
\newline $\mathit{C(g)$ returns the case count of group of cases $g$.\\"
76,,expected-automated-activity-instance-count-q-g,Expected Automated activity Instance count,4,3,Expected number of times that an automated activity is instantiated in a case belonging to a group of cases.,Event log that contains automated activities.,"Automated activities yield more reliable, higher-quality results.",maximize,\(\mathit{e\mathit{Auti(g)\),\(\frac{\mathit{Auti(g)}{\mathit{C(g)}\),\(\frac{\mathit{Auti(g)}{\mathit{C(g)}\),"\(\mathit{Auti(g)\) returns the total automated activity instance count for group \(g\).
\newline \(\mathit{C(g)\) returns the number of cases in group \(g\). \\"
77,,expected-automated-activity-instance-count-t-g,Expected Automated activity Instance count,5,3,Expected number of times that an automated activity is instantiated in a case belonging to a group of cases.,Event log that contains automated activities.,Automated activities take less time to be executed.,maximize,\(\mathit{e\mathit{Auti(g)\),\(\frac{\mathit{Auti(g)}{\mathit{C(g)}\),\(\frac{\mathit{Auti(g)}{\mathit{C(g)}\),"$\mathit{Auti(g)$ returns the automated activity instance count of group of cases $g$.
\newline $\mathit{C(g)$ returns the case count of group of cases $g$.\\"
78,,expected-automated-activity-service-time-t-g,Expected Automated Activity Service Time,5,3,Expected sum of the service time of all instantiations of automated activities in a case belonging to a group of cases.,Event log that contains automated activities and lifecycle information for activity instances.,Minimizing service time is desirable.,minimize,\(\mathit{e\mathit{AutST(g)\),\(\frac{\mathit{AutST(g)}{\mathit{C(g)}\),\(\frac{\mathit{AutST(g)}{\mathit{C(g)}\),"$\mathit{AutST(g)$ returns the automated activity service time of group of cases $g$.
\newline $\mathit{C(g)$ returns the case count of group of cases $g$.\\"
79,,expected-client-count-f-g,Expected Client count,2,3,"Ratio between the number of distinct clients associated with cases in a group of cases, and the number of cases belonging to a group of cases.",Process is executed for different clients.,It is desirable to maximize the number of clients.,maximize,\(\mathit{e\mathit{Cli(g)\),\(\frac{\mathit{Cli(g)}{\mathit{C(g)}\),\(\frac{\mathit{Cli(g)}{\mathit{C(g)}\),"\(\mathit{Cli(g)\) returns the number of distinct clients associated with group \(g\).
\newline \(\mathit{C(g)\) returns the number of cases in group \(g\). \\"
80,,expected-client-count-and-total-cost-ratio-q-g,Expected Client count and Total Cost Ratio,4,3,"Ratio between the number of distinct clients associated with cases in a group of cases, and the total cost of a group of cases.",Process is executed for different clients where the event log contains cost information.,It is desirable to execute the process for as many clients at the least cost.,maximize,"\(\mathit{e\mathit{CliTCR\mathit{^{\times(g)\)
\newline \newline \(\mathit{\times \in \{\mathit{sgl, \mathit{sum\}\)","\(\frac{\mathit{Cli(g)}{\mathit{TC\mathit{^{\times(g)}\)
\newline \newline The $\mathit{\times$ indicates that the PPI can take multiple forms, in this case, $\mathit{\times \in \{\mathit{sgl, \mathit{sum\}$. If $\mathit{\times = \mathit{sgl$, then the function considers single events of activity instances for cost calculations, i.e., it uses $\mathit{TC\mathit{^{sgl$; if $\mathit{\times = \mathit{sum$, then the function considers the sum of all events of activity instances for cost calculations, i.e., it uses $\mathit{TC\mathit{^{sum$.",\(\frac{\mathit{Cli(g)}{\mathit{TC(g)}\),"\(\mathit{Cli(g)\) returns the number of distinct clients associated with group \(g\).
\newline \(\mathit{TC(g)\) returns the total cost of case group \(g\). \\"
81,,expected-desired-activity-count-c-g,Expected Desired Activity count,1,3,Expected number of instantiated activities whose occurrence is desirable in a case belonging to a group of cases.,Event log that contains optional activities whose occurrence is desirable.,Desirable activities should be maximized.,maximize,\(\mathit{e\mathit{DAC(g)\),\(\frac{\sum _{c \in g} \mathit{DAC(c)}{\mathit{C(g)}\),\(\frac{\sum _{c \in g} \mathit{DAC(c)}{\mathit{C(g)}\),"\(\mathit{DAC(c)\) returns the desired activity count for case \(c\).
\newline \(\mathit{C(g)\) returns the number of cases in group \(g\). \\"
82,,expected-desired-activity-count-q-g,Expected Desired Activity count,4,3,Expected number of instantiated activities whose occurrence is desirable in a case belonging to a group of cases.,Event log that contains optional activities whose occurrence is desirable.,Desirable activities should be maximized.,maximize,\(\mathit{e\mathit{DAC(g)\),\(\frac{\sum _{c \in g} \mathit{DAC(c)}{\mathit{C(g)}\),\(\frac{\sum _{c \in g} \mathit{DAC(c)}{\mathit{C(g)}\),"\(\mathit{DAC(c)\) returns the desired activity count for case \(c\).
\newline \(\mathit{C(g)\) returns the number of cases in group \(g\). \\"
83,,expected-direct-cost-c-g,Expected Direct Cost,1,3,Expected total cost associated with all instantiations of activities that have a direct effect on the outcome of a case belonging to a group of cases.,Event log in which activities can be categorized based on whether they directly contribute to the outcome of the process or not.,Minimizing total cost is desirable.,minimize,"\(\mathit{e\mathit{DC\mathit{^{\times(g)\) 
\newline \newline \(\mathit{\times \in \{\mathit{sgl, \mathit{sum\}\)","\(\frac{\mathit{DC\mathit{^{\times(g)}{\mathit{C(g)}\)
\newline \newline The $\mathit{\times$ indicates that the PPI can take multiple forms, in this case, $\mathit{\times \in \{\mathit{sgl, \mathit{sum\}$. If $\mathit{\times = \mathit{sgl$, then the function considers single events of activity instances for cost calculations, i.e., it uses $\mathit{DC\mathit{^{sgl$; if $\mathit{\times = \mathit{sum$, then the function considers the sum of all events of activity instances for cost calculations, i.e., it uses $\mathit{DC\mathit{^{sum$.",\(\frac{\mathit{DC(g)}{\mathit{C(g)}\),"\(\mathit{DC(g)\) returns the total direct cost for group \(g\).
\newline \(\mathit{C(g)\) returns the number of cases in group \(g\). \\"
84,,expected-directly-follows-relations-and-activity-count-ratio-f-g,Expected Directly-Follows Relations and Activity count Ratio,2,3,"Ratio between the expected number of activity pairs where one is instantiated directly after the other in a case belonging to a group of cases, and the expected number of activities that occur in a case belonging to a group of cases.",Process where several distinct directly-follows relations can occur.,"A greater number of directly-follows relations is desirable, as it implies a greater capability to address unexpected situations.",maximize,\(\mathit{e\mathit{DFRAR(g)\),\(\frac{\sum _{c \in g} \mathit{DFR(c)}{\sum _{c \in g} \mathit{A(c)}\),\(\frac{\sum _{c \in g} \mathit{DFR(c)}{\sum _{c \in g} \mathit{A(c)}\),"\(\mathit{DFR(c)\) returns the number of unique Directly-Follows Relations (DFR) in case \(c\).
\newline \(\mathit{A(c)\) returns the number of unique activities in case \(c\). \\"
85,,expected-directly-follows-relations-count-f-g,Expected Directly-Follows Relations count,2,3,Expected number of activity pairs where one is instantiated directly after the other in a case belonging to a group of cases.,Process where several distinct directly-follows relations can occur.,"A greater number of directly-follows relations is desirable, as it implies a greater capability to address unexpected situations.",maximize,\(\mathit{e\mathit{DFR(g)\),\(\frac{\sum _{c \in g} \mathit{DFR(c)}{\mathit{C(g)}\),\(\frac{\sum _{c \in g} \mathit{DFR(c)}{\mathit{C(g)}\),"\(\mathit{DFR(c)\) returns the number of unique Directly-Follows Relations (DFR) in case \(c\).
\newline \(\mathit{C(g)\) returns the number of cases in group \(g\). \\"
86,,expected-fixed-cost-c-g,Expected Fixed Cost,1,3,Expected fixed cost of a case belonging to a group of cases.,Event log in which fixed cost information is recorded.,Minimizing fixed cost is desirable.,minimize,"\(\mathit{e\mathit{FC\mathit{^{\times(g)\) 
\newline \newline \(\mathit{\times \in \{\mathit{sgl, \mathit{sum\}\)","\(\frac{\mathit{FC\mathit{^{\times(g)}{\mathit{C(g)}\)
\newline \newline The $\mathit{\times$ indicates that the PPI can take multiple forms, in this case, $\mathit{\times \in \{\mathit{sgl, \mathit{sum\}$. If $\mathit{\times = \mathit{sgl$, then the function considers single events of activity instances for cost calculations, i.e., it uses $\mathit{FC\mathit{^{sgl$; if $\mathit{\times = \mathit{sum$, then the function considers the sum of all events of activity instances for cost calculations, i.e., it uses $\mathit{FC\mathit{^{sum$.",\(\frac{\mathit{FC(g)}{\mathit{C(g)}\),"\(\mathit{FC(g)\) returns the total fixed cost for group \(g\).
\newline \(\mathit{C(g)\) returns the number of cases in group \(g\). \\"
87,,expected-handover-count-t-g,Expected Handover count,5,3,Expected number of times that the human resource associated with an activity instance differs from the human resource associated with the preceding activity instance within a case belonging to a group of cases.,"If actual time spent on a case is not of interest, Expected Handover count can be used as a workload estimation within the time dimension.",Reducing the times that work handover occurs is desirable.,minimize,\(\mathit{e\mathit{H(g)\),\(\frac{\sum _{c \in g} \mathit{H(c)}{\mathit{C(g)}\),\(\frac{\sum_{c \in g} \mathit{H(c)}{\mathit{C(g)}\),"$g$ represents the group of cases under analysis.
\newline $\mathit{H(c)$ returns the handover count of case $c$.
\newline $\mathit{C(g)$ returns the case count of group of cases $g$.\\"
88,,expected-human-resource-count-c-g,Expected Human Resource count,1,3,Expected number of human resources that are involved in the execution of a case belonging to a group of cases.,"If the event log does not contain cost information, Expected Human Resource count can be used as a proxy for the cost performance of a group of cases.",Minimizing the number of human resources involved is desirable.,minimize,\(\mathit{e\mathit{HR(g)\),\(\frac{\sum _{c \in g} \mathit{HR(c)}{\mathit{C(g)}\),\(\frac{\sum _{c \in \mathit{cases(g)} \mathit{HR(c)}{\mathit{C(g)}\),"$\mathit{cases(g)$ returns the set of cases in group of cases $g$.
\newline $\mathit{HR(c)$ returns the human resource count of case $c$.
\newline $\mathit{C(g)$ returns the case count of group of cases $g$. \\"
89,,expected-human-resource-count-f-g,Expected Human Resource count,2,3,Expected number of human resources that are involved in the execution of a case belonging to a group of cases.,Human Resource count can be used as a proxy to measure the flexibility of a process.,"Maximizing the number of human resources involved is desirable, as it implies a greater capability to address unexpected situations.",maximize,\(\mathit{e\mathit{HR(g)\),\(\frac{\sum _{c \in g} \mathit{HR(c)}{\mathit{C(g)}\),\(\frac{\sum _{c \in \mathit{cases(g)} \mathit{HR(c)}{\mathit{C(g)}\),"$\mathit{cases(g)$ returns the set of cases in group of cases $g$.
\newline $\mathit{HR(c)$ returns the human resource count of case $c$.
\newline $\mathit{C(g)$ returns the case count of group of cases $g$. \\"
90,,expected-human-resource-count-g-g,Expected Human Resource count,3,3,Expected number of human resources that are involved in the execution of a case belonging to a group of cases.,Calculation of several other PPIs.,,,\(\mathit{e\mathit{HR(g)\),\(\frac{\sum _{c \in g} \mathit{HR(c)}{\mathit{C(g)}\),\(\frac{\sum _{c \in \mathit{cases(g)} \mathit{HR(c)}{\mathit{C(g)}\),"$\mathit{cases(g)$ returns the set of cases in group of cases $g$.
\newline $\mathit{HR(c)$ returns the human resource count of case $c$.
\newline $\mathit{C(g)$ returns the case count of group of cases $g$. \\"
91,,expected-human-resource-count-q-g,Expected Human Resource count,4,3,Expected number of human resources that are involved in the execution of a case belonging to a group of cases.,Human Resource count can be used as a proxy to measure the quality of the process.,"Minimizing the number of human resources involved is desirable, as it reduces the possibility of errors due to, e.g., handovers of work.",minimize,\(\mathit{e\mathit{HR(g)\),\(\frac{\sum _{c \in g} \mathit{HR(c)}{\mathit{C(g)}\),\(\frac{\sum _{c \in \mathit{cases(g)} \mathit{HR(c)}{\mathit{C(g)}\),"$\mathit{cases(g)$ returns the set of cases in group of cases $g$.
\newline $\mathit{HR(c)$ returns the human resource count of case $c$.
\newline $\mathit{C(g)$ returns the case count of group of cases $g$. \\"
92,,expected-idle-time-t-g,Expected Idle Time,5,3,Expected sum of time periods in which no activity instance is executed during a case belonging to a group of cases.,Event log that contains lifecycle information for activity instances in which the time the case is inactive is of interest.,Minimizing idle time is desirable.,minimize,\(\mathit{e\mathit{IT(g)\),\(\frac{\sum _{c \in g} \mathit{IT(c)}{\mathit{C(g)}\),\(\frac{\sum_{c \in g} \mathit{IT(c)}{\mathit{C(g)}\),"$g$ represents the group of cases under analysis.
\newline $\mathit{IT(c)$ returns the idle time of case $c$.
\newline $\mathit{C(g)$ returns the case count of group of cases $g$.\\"
93,,expected-inventory-cost-c-g,Expected Inventory Cost,1,3,Expected inventory cost associated with all activity instances of a case belonging to a group of cases.,Event log in which inventory cost information is recorded.,Minimizing inventory cost is desirable.,minimize,"\(\mathit{e\mathit{IC\mathit{^{\times(g)\) 
\newline \newline \(\mathit{\times \in \{\mathit{sgl, \mathit{sum\}\)","\(\frac{\mathit{IC\mathit{^{\times(g)}{\mathit{C(g)}\)
\newline \newline The $\mathit{\times$ indicates that the PPI can take multiple forms, in this case, $\mathit{\times \in \{\mathit{sgl, \mathit{sum\}$. If $\mathit{\times = \mathit{sgl$, then the function considers single events of activity instances for cost calculations, i.e., it uses $\mathit{IC\mathit{^{sgl$; if $\mathit{\times = \mathit{sum$, then the function considers the sum of all events of activity instances for cost calculations, i.e., it uses $\mathit{IC\mathit{^{sum$.",\(\frac{\mathit{IC(g)}{\mathit{C(g)}\),"\(\mathit{IC(g)\) returns the total inventory cost for group \(g\).
\newline \(\mathit{C(g)\) returns the number of cases in group \(g\). \\"
94,,expected-labor-cost-c-g,Expected Labor Cost,1,3,Expected labor cost associated with all activity instances of a case belonging to a group of cases.,Event log in which labor cost information is recorded.,Minimizing labor cost is desirable.,minimize,"\(\mathit{e\mathit{LC\mathit{^{\times(g)\) 
\newline \newline \(\mathit{\times \in \{\mathit{sgl, \mathit{sum\}\)","\(\frac{\mathit{LC\mathit{^{\times(g)}{\mathit{C(g)}\)
\newline \newline The $\mathit{\times$ indicates that the PPI can take multiple forms, in this case, $\mathit{\times \in \{\mathit{sgl, \mathit{sum\}$. If $\mathit{\times = \mathit{sgl$, then the function considers single events of activity instances for cost calculations, i.e., it uses $\mathit{LC\mathit{^{sgl$; if $\mathit{\times = \mathit{sum$, then the function considers the sum of all events of activity instances for cost calculations, i.e., it uses $\mathit{LC\mathit{^{sum$.",\(\frac{\mathit{LC(g)}{\mathit{C(g)}\),"\(\mathit{LC(g)\) returns the total labor cost for group \(g\).
\newline \(\mathit{C(g)\) returns the number of cases in group \(g\). \\"
95,,expected-labor-cost-and-total-cost-ratio-c-g,Expected Labor Cost and Total Cost Ratio,1,3,"Expected ratio between the labor cost associated with all activity instances of a group of cases, and the total cost associated with all activity instances of a group of cases.",Event log in which both labor and total cost information are recorded.,Minimizing the cost associated with human resources is desirable.,minimize,"\(\mathit{e\mathit{LCTCR\mathit{^{\times(g)\) 
\newline \newline \(\mathit{\times \in \{\mathit{sgl, \mathit{sum\}\)","\(\frac{\mathit{LC\mathit{^{\times(g)}{\mathit{TC\mathit{^{\times(g)}\)
\newline \newline The $\mathit{\times$ indicates that the PPI can take multiple forms, in this case, $\mathit{\times \in \{\mathit{sgl, \mathit{sum\}$. If $\mathit{\times = \mathit{sgl$, then the function considers single events of activity instances for cost calculations, i.e., it uses $\mathit{LC\mathit{^{sgl$ and $\mathit{TC\mathit{^{sgl$; if $\mathit{\times = \mathit{sum$, then the function considers the sum of all events of activity instances for cost calculations, i.e., it uses $\mathit{LC\mathit{^{sum$ and $\mathit{TC\mathit{^{sum$.",\(\frac{\mathit{LC(g)}{\mathit{TC(g)}\),"\(\mathit{LC(g)\) returns the total labor cost of case group \(g\).
\newline \(\mathit{TC(g)\) returns the total cost of case group \(g\). \\"
96,,expected-lead-time-t-g,Expected Lead Time,5,3,Expected total elapsed time between the earliest and latest timestamps in a case belonging to a group of cases. Also known as cycle time.,Event log is associated with a process in which the total elapsed time of a case is of relevance.,Minimizing lead time is desirable.,minimize,\(\mathit{e\mathit{LT(g)\),\(\frac{\sum _{c\in g}\mathit{LT(c)}{\mathit{C(g)}\),\(\frac{\sum_{c \in g} \mathit{LT(c)}{\mathit{C(g)}\),"$\mathit{LT(c)$ returns the lead time of case $c$.
\newline $\mathit{C(g)$ returns the total number of cases in group $g$.
\newline The numerator $\sum_{c \in g} \mathit{LT(c)$ sums the lead times of all cases in $g$.\\"
97,,expected-lead-time-deviation-from-expectation-t-g,Expected Lead Time Deviation from Expectation,5,3,Absolute value of the difference between the time that a case in a group of cases is expected to take and its lead time.,Event log is associated with a process in which the lead time of a case should be as close as possible to a specific value.,A lead time that is closer to the expected value is desirable.,minimize,"\(\mathit{e\mathit{LTDE(g, \mathit{val)\)","\(\frac{\sum _{c \in g} \mathit{LTDE(c, \mathit{val)}{\mathit{C(g)}\)","\(\frac{\sum _{c \in g} \mathit{LTDE(c, \mathit{val)}{\mathit{C(g)}\)","$\mathit{LTDE(c, \mathit{val)$ returns the lead time deviation from expectation of case $c$.
\newline $\mathit{C(g)$ returns the number of cases in group $g$.\\"
98,,expected-lead-time-deviation-from-time-limit-t-g,Expected Lead Time Deviation from time Limit,5,3,Difference between the time that a case in a group of cases is expected to take and its lead time.,Event log is associated with a process in which the lead time of a case should not exceed a specific value.,Exceeding the lead time limit value is undesired.,maximize,"\(\mathit{e\mathit{LTDL(g, \mathit{val)\)","\(\frac{\sum _{c \in g} \mathit{LTDL(c, \mathit{val)}{\mathit{C(g)}\)","\(\frac{\sum _{c \in g} \mathit{LTDL(c, \mathit{val)}{\mathit{C(g)}\)","$\mathit{LTDL(c, \mathit{val)$ returns the lead time deviation from time Limit for case $c$.
\newline $\mathit{val$ represents the predefined time Limit.
\newline $\mathit{C(g)$ returns the number of cases in group $g$.\\"
99,,expected-lead-time-from-activity-a-t-g,Expected Lead Time from activity A,5,3,Expected total elapsed time between the earliest instantiation of a specific activity and the latest activity event of a case belonging to a group of cases.,Event log is associated with a process in which the total elapsed time of a specific subprocess is of relevance.,Minimizing lead time is desirable.,minimize,"\(\mathit{e\mathit{LTfA(g, \mathit{a)\)","\(\frac{\sum _{c \in g} \begin{cases}
\mathit{LTfA(c, \mathit{a) & \mathit{if \  \mathit{fi\mathit{^{s(c, \mathit{a) \neq \emptyset \\ 0 & \mathit{if \  \mathit{fi\mathit{^{s(c, \mathit{a) = \emptyset
\end{cases}}{|\{c \in g \mid \mathit{fi\mathit{^{s(c, \mathit{a) \neq \emptyset\}|}\)","\(\frac{\sum _{c \in g} \begin{cases}
\mathit{LTfA(c, \mathit{a) & \mathit{if \  \mathit{fi\mathit{^{s(c, \mathit{a) \neq \emptyset \\
0 & \mathit{if \  \mathit{fi\mathit{^{s(c, \mathit{a) = \emptyset
\end{cases}}{
\sum_{c \in \mathit{cases(g)} 
\begin{cases}
1 & \text{if } \mathit{fi\mathit{^{s(c, \mathit{a) \neq \emptyset \\
0 & \text{otherwise}
\end{cases}
}\)","$\mathit{fi\mathit{^{s(c, \mathit{a)$ returns the set of first started instances of activity $\mathit{a$ in case $c$.
\newline $\mathit{LTfA(c, \mathit{a)$ returns the lead time from the first started instance of activity $\mathit{a$ in case $c$ to the end of case $c$.
\\"
100,,expected-lead-time-from-activity-a-to-activity-b-t-g,Expected Lead Time from activity A to activity B,5,3,Expected total elapsed time between the earliest instantiation of a specific activity and the earliest instantiation of another specific activity that occurs after the former one in a case belonging to a group of cases.,Event log is associated with a process in which the total elapsed time of a specific subprocess is of relevance.,Minimizing lead time is desirable.,minimize,"\(\mathit{e\mathit{LTAB(g, \mathit{a, \mathit{b)\)","\(\frac{\sum _{c \in g} \begin{cases}
\mathit{LTAB(c, \mathit{a, \mathit{b) & \mathit{if \  \mathit{fi\mathit{^{sc(c, \mathit{a, \mathit{b) \neq \emptyset \\ 0 & \mathit{if \  \mathit{fi\mathit{^{sc(c, \mathit{a, \mathit{b) = \emptyset
\end{cases}}{|\{c \in g \mid \mathit{fi\mathit{^{sc(c, \mathit{a, \mathit{b) \neq \emptyset)\}|}\)","\[
\frac{
\sum_{c \in \mathit{cases(g)} 
\begin{cases}
\mathit{LTAB(c, a, b) & \text{if } \mathit{fi(c, \mathit{a, \mathit{b) \neq \emptyset \\
0 & \text{otherwise}
\end{cases}
}{
\sum_{c \in \mathit{cases(g)} 
\begin{cases}
1 & \text{if } \mathit{fi(c, \mathit{a, \mathit{b)  \neq \emptyset \\
0 & \text{otherwise}
\end{cases}
}
\]

\(\mathit{cases(g)\): Set of all cases belonging to group \(g\).","\(\mathit{LTAB(c, a, b)\): Lead time between activity \(a\) and activity \(b\) within case \(c\).
\newline
\(\mathit{fi(c, \mathit{a, \mathit{b)\): Function that returns the flow instance between \(a\) and \(b\) in case \(c\). If empty, the pair \((a, b)\) does not occur in \(c\). \\"
101,,expected-lead-time-to-activity-a-t-g,Expected Lead Time to activity A,5,3,Expected total elapsed time between the earliest event and the earliest instantiation of a specific activity in a case belonging to a group of cases.,Event log is associated with a process in which the total elapsed time of a specific is of relevance.,Minimizing lead time is desirable.,minimize,"\(\mathit{e\mathit{LTtA(g, \mathit{a)\)","\(\frac{\sum _{c \in g} \begin{cases}
\mathit{LTtA(c, \mathit{a) & \mathit{if \  \mathit{fi\mathit{^{c(c, \mathit{a) \neq \emptyset \\ 0 & \mathit{if \  \mathit{fi\mathit{^{c(c, \mathit{a) = \emptyset
\end{cases}}{|\{c \in g \mid \mathit{if \  \mathit{fi\mathit{^{c(c, \mathit{a) \neq \emptyset\}|}\)","\(\displaystyle \frac{\sum_{c \in g} 
\begin{cases} 
\mathit{LTtA(c, \mathit{a) & \mathit{if \  \mathit{fi\mathit{^{c(c, \mathit{a) \neq \emptyset \\ 
0 & \mathit{if \  \mathit{fi\mathit{^{c(c, \mathit{a) = \emptyset 
\end{cases}}
{
\sum_{c \in \mathit{cases(g)} 
\begin{cases}
1 & \text{if } \mathit{fi\mathit{^{c(c, \mathit{a) \neq \emptyset \\
0 & \text{otherwise}
\end{cases}
}\)","\(\mathit{LTtA(c, \mathit{a)\) returns the lead time from the start of case \(c\) to the first completed instance of activity \(\mathit{a\) in case \(c\).
\newline \(\mathit{fi\mathit{^{c(c, \mathit{a)\) returns the set of first completed instances of activity \(\mathit{a\) in case \(c\).
\newline \(\left| \{ c \in g \mid \mathit{fi\mathit{^{c(c, \mathit{a) \neq \emptyset \} \right|\) returns the number of cases in group \(g\) where activity \(\mathit{a\) occurs at least once (i.e., cases with a non-empty \(\mathit{fi\mathit{^{c(c, \mathit{a)\)).\\"
102,,expected-maintenance-cost-c-g,Expected Maintenance Cost,1,3,Expected maintenance cost associated with a case belonging to a group of cases.,Process where the cost of conducting maintenance is relevant.,Minimizing maintenance cost is desirable.,minimize,\(\mathit{e\mathit{MainC(g)\),\(\frac{\mathit{MainC(g)}{\mathit{C(g)}\),\(\frac{\mathit{MainC(g)}{\mathit{C(g)}\),"\(\mathit{MainC(g)\) returns the total maintenance cost for group \(g\).
\newline \(\mathit{C(g)\) returns the number of cases in group \(g\). \\"
103,,expected-missed-deadline-cost-c-g,Expected Missed Deadline Cost,1,3,Expected cost for missing deadlines associated with a case belonging to a group of cases.,Process where missing a deadline incurs in additional costs.,Minimizing missed deadline cost is desirable.,minimize,\(\mathit{e\mathit{MDC(g)\),\(\frac{\mathit{MDC(g)}{\mathit{C(g)}\),\(\frac{\mathit{MDC(g)}{\mathit{C(g)}\),"\(\mathit{MDC(g)\) returns the total missed deadline cost for group \(g\).
\newline \(\mathit{C(g)\) returns the number of cases in group \(g\). \\"
104,,expected-non-automated-activity-count-group-of-cases-granularity-q-g,Expected Non-Automated Activity count (group of cases granularity),4,3,Expected number of non-automated activities that occur in a case belonging to a group of cases.,Event log that contains automated activities.,"Non-automated activities are prone to errors, which reduces the quality of the process.",minimize,\(\mathit{NAutA(g)\),\(\frac{\sum _{c \in g} \mathit{NAutA(c)}{\mathit{C(g)}\),\(\frac{\sum _{c \in g} \mathit{NAutA(c)}{\mathit{C(g)}\),"\(\mathit{NAutA(c)\) returns the non-automated activity count for case \(c\).
\newline \(\mathit{C(g)\) returns the number of cases in group \(g\). \\"
105,,expected-non-automated-activity-instance-count-q-g,Expected Non-Automated activity Instance count,4,3,Expected number of times that a non-automated activity is instantiated in a case belonging to a group of cases.,Event log that contains automated activities.,"Non-automated activities are prone to errors, which reduces the quality of the process.",minimize,\(\mathit{e\mathit{NAutI(g)\),\(\frac{\mathit{NAutI(g)}{\mathit{C(g)}\),\(\frac{\mathit{NAutI(g)}{\mathit{C(g)}\),"\(\mathit{NAutI(g)\) returns the total non-automated activity instance count for group \(g\).
\newline \(\mathit{C(g)\) returns the number of cases in group \(g\). \\"
106,,expected-optional-activity-count-f-g,Expected Optional Activity count,2,3,Expected number of optional activities that are instantiated in a case belonging to a group of cases. \newline An activity is considered optional if there is at least one case in the event log where it does not occur.,Process with multiple activities that are not instantiated in every case.,"A greater number of optional activities is desired, as it implies a greater capability to address unexpected situations.",maximize,\(\mathit{e\mathit{OptA(g)\),\(\frac{\sum _{c \in g} \mathit{OptA(c)}{\mathit{C(g)}\),\(\frac{\sum _{c \in g} \mathit{OptA(c)}{\mathit{C(g)}\),"\(\mathit{OptA(c)\) returns the optional activity count for case \(c\).
\newline \(\mathit{C(g)\) returns the number of cases in group \(g\). \\"
107,,expected-optionality-f-g,Expected Optionality,2,3,"Ratio between the expected number of optional activities that are instantiated in a case belonging to a group of cases, and the expected number of activities that occur in a case belonging to a group of cases. \newline An activity is considered optional if there is at least one case in the event log where it does not occur.",Process with multiple activities that are not instantiated in every case.,"A greater number of optional activities is desired, as it implies a greater capability to address unexpected situations.",maximize,\(\mathit{e\mathit{Opt(g)\),\(\frac{\sum _{c \in g} \mathit{OptA(c)}{\sum _{c \in g} \mathit{A(c)}\),\(\frac{\sum _{c \in g} \mathit{OptA(c)}{\sum _{c \in g} \mathit{A(c)}\),"\(\mathit{OptA(c)\) returns the optional activity count for case \(c\).
\newline \(\mathit{A(c)\) returns the number of unique activities in case \(c\). \\"
108,,expected-outcome-unit-count-q-g,Expected outcome Unit count,4,3,Expected outcome units associated with all activity instances in a case belonging to a group of cases.,Process where the outcome of activity instances can be measured.,Maximizing outcome unit count is desirable.,maximize,"\(\mathit{e\mathit{U\mathit{^{\times(g)\)
\newline \newline \(\mathit{\times \in \{\mathit{sgl, \mathit{sum\}\)","\(\frac{\mathit{U\mathit{^{\times(g)}{\mathit{C(g)}\)
\newline \newline The $\mathit{\times$ indicates that the PPI can take multiple forms, in this case, $\mathit{\times \in \{\mathit{sgl, \mathit{sum\}$. If $\mathit{\times = \mathit{sgl$, then the function considers single events of activity instances for outcome unit calculations, i.e., it uses $\mathit{U\mathit{^{sgl$; if $\mathit{\times = \mathit{sum$, then the function considers the sum of all events of activity instances for outcome unit calculations, i.e., it uses $\mathit{U\mathit{^{sum$.",\(\frac{\mathit{U(g)}{\mathit{C(g)}\),"\(\mathit{U(g)\) returns the total outcome unit count for group \(g\).
\newline \(\mathit{C(g)\) returns the number of cases in group \(g\). \\"
109,,expected-overall-quality-q-g,Expected Overall Quality,4,3,Expected overall quality associated with the outcome of a case belonging to a group of cases.,"Event log contains information that allows measuring overall quality, such as customer satisfaction or a quantifier of the outcome of the process.",Maximizing the quality of the process is desirable.,maximize,\(\mathit{e\mathit{OQ(g)\),\(\frac{\sum _{c \in g} \mathit{OQ(c)}{\mathit{C(g)}\),\(\frac{\sum _{c \in g} \mathit{OQ(c)}{\mathit{C(g)}\),"\(\mathit{OQ(c)\) returns the overall quality associated with case \(c\).
\newline \(\mathit{C(g)\) returns the number of cases in group \(g\). \\"
110,,expected-overhead-cost-c-g,Expected Overhead Cost,1,3,Expected total cost associated with all instantiations of activities that do not have a direct effect on the outcome of a case belonging to a group of cases.,Event log in which activities can be categorized based on whether they directly contribute to the outcome of the process or not.,Minimizing total cost is desirable.,minimize,"\(\mathit{e\mathit{OC\mathit{^{\times(g)\) 
\newline \newline \(\mathit{\times \in \{\mathit{sgl, \mathit{sum\}\)","\(\frac{\mathit{OC\mathit{^{\times(g)}{\mathit{C(g)}\)
\newline \newline The $\mathit{\times$ indicates that the PPI can take multiple forms, in this case, $\mathit{\times \in \{\mathit{sgl, \mathit{sum\}$. If $\mathit{\times = \mathit{sgl$, then the function considers single events of activity instances for cost calculations, i.e., it uses $\mathit{OC\mathit{^{sgl$; if $\mathit{\times = \mathit{sum$, then the function considers the sum of all events of activity instances for cost calculations, i.e., it uses $\mathit{OC\mathit{^{sum$.",\(\frac{\mathit{OC(g)}{\mathit{C(g)}\),"\(\mathit{OC(g)\) returns the total overhead cost for group \(g\).
\newline \(\mathit{C(g)\) returns the number of cases in group \(g\). \\"
111,,expected-repeatability-q-g,Expected Repeatability,4,3,"One minus the expected ratio between the number of activities that occur in a case belonging to a group of cases, and the number of times that an activity is instantiated in a case belonging to a group of cases.",Process where activity repetition is common.,It is desirable not to repeat activities.,minimize,\(\mathit{e\mathit{Rep(g)\),\(1 - \frac{\sum _{c \in g} \mathit{A(c)}{\mathit{I(g)}\),\(1 - \frac{\sum _{c \in g} \mathit{A(c)}{\mathit{I(g)}\),"\(\mathit{A(c)\) returns the number of unique activities in case \(c\).
\newline \(\mathit{I(g)\) returns the total number of activity instances in group \(g\). \\"
112,,expected-resource-count-c-g,Expected Resource count,1,3,Expected number of resources that are involved in the execution of a case belonging to a group of cases.,"If the event log does not contain cost information, Expected Resource count can be used as a proxy for the cost performance of a group of cases.",Minimizing the number of resources involved is desirable.,minimize,\(\mathit{e\mathit{R(g)\),\(\frac{\sum _{c \in g} \mathit{R(c)}{\mathit{C(g)}\),\(\frac{\sum _{c \in g} \mathit{R(c)}{\mathit{C(g)}\),"\(\mathit{R(c)\) returns the resource count for case \(c\).
\newline \(\mathit{C(g)\) returns the number of cases in group \(g\). \\"
113,,expected-resource-count-g-g,Expected Resource count,3,3,Expected number of resources that are involved in the execution of a case belonging to a group of cases.,Calculation of several other PPIs.,,,\(\mathit{e\mathit{R(g)\),\(\frac{\sum _{c \in g} \mathit{R(c)}{\mathit{C(g)}\),\(\frac{\sum _{c \in \mathit{cases(g)} \mathit{R(c)}{\mathit{C(g)}\),"$\mathit{cases(g)$ returns the set of cases in group of cases $g$.
\newline $\mathit{R(c)$ returns the resource count of case $c$.
\newline $\mathit{C(g)$ returns the case count of group of cases $g$. \\"
114,,expected-rework-cost-c-g,Expected Rework Cost,1,3,"Expected total cost of all times that any activity is instantiated again, after its first instantiation, in a case belonging to a group of cases.",Event log that contains cost information where measuring rework is of relevance.,Minimizing the cost of rework is desirable.,minimize,"\(\mathit{e\mathit{RC\mathit{^{\times(g)\)
\newline \newline \(\mathit{\times \in \{\mathit{sgl, \mathit{sum\}\)","\(\frac{\mathit{RC\mathit{^{\times(g)}{\mathit{C(g)}\)
\newline \newline The $\mathit{\times$ indicates that the PPI can take multiple forms, in this case, $\mathit{\times \in \{\mathit{sgl, \mathit{sum\}$. If $\mathit{\times = \mathit{sgl$, then the function considers single events of activity instances for cost calculations, i.e., it uses $\mathit{RC\mathit{^{sgl$; if $\mathit{\times = \mathit{sum$, then the function considers the sum of all events of activity instances for cost calculations, i.e., it uses $\mathit{RC\mathit{^{sum$.",\(\frac{\mathit{RC(g)}{\mathit{C(g)}\),"\(\mathit{RC(g)\) returns the total rework cost for group \(g\).
\newline \(\mathit{C(g)\) returns the number of cases in group \(g\). \\"
115,,expected-rework-count-c-g,Expected Rework Count,1,3,"Expected number of times that any activity is instantiated again, after its first instantiation, in a case belonging to a group of cases.","If the event log does not contain cost information, Expected Rework Count can be used as a proxy for the cost performance of a group of cases.",Minimizing rework is desirable.,minimize,\(\mathit{e\mathit{RewC(g)\),\(\frac{\mathit{RewC(g)}{\mathit{C(g)}\),\(\frac{\mathit{RewC(g)}{\mathit{C(g)}\),"\(\mathit{RewC(g)\) returns the total rework count for group \(g\).
\newline \(\mathit{C(g)\) returns the number of cases in group \(g\). \\"
116,,expected-rework-count-q-g,Expected Rework Count,4,3,"Expected number of times that any activity is instantiated again, after its first instantiation, in a case belonging to a group of cases.",Process where rework recurrently occurs.,Minimizing rework is desirable.,minimize,\(\mathit{e\mathit{RewC(g)\),\(\frac{\mathit{RewC(g)}{\mathit{C(g)}\),\(\frac{\mathit{RewC(g)}{\mathit{C(g)}\),"\(\mathit{RewC(g)\) returns the total rework count for group \(g\).
\newline \(\mathit{C(g)\) returns the number of cases in group \(g\). \\"
117,,expected-rework-count-by-value-q-g,Expected Rework Count by Value,4,3,"Expected number of times that any activity is instantiated again, after it is instantiated a certain number of times, in a case belonging to a group of cases.",Process where rework recurrently occurs.,Minimizing rework is desirable.,minimize,"\(\mathit{e\mathit{RewCV(g, \mathit{val)\)","\(\frac{\mathit{RewCV(g, \mathit{val)}{\mathit{C(g)}\)","\(\frac{\mathit{RewCV(g, \mathit{val)}{\mathit{C(g)}\)","\(\mathit{RewCV(g, \mathit{val)\) returns the total rework count by value \(\mathit{val\) for group \(g\).
\newline \(\mathit{C(g)\) returns the number of cases in group \(g\). \\"
118,,expected-rework-of-activities-subset-q-g,Expected Rework of activities Subset,4,3,"Expected number of times that any activity belonging to a subset of activities is instantiated again, after its first instantiation, in a case belonging to a group of cases.","Process where rework occurs recurrently, but only the rework of some activities is of interest.",Minimizing rework is desirable.,minimize,"\(\mathit{e\mathit{RewSub(g, \mathit{sub)\)","\(\frac{\mathit{RewSub(g, \mathit{sub)}{\mathit{C(g)}\)","\(\frac{\mathit{RewSub(g, \mathit{sub)}{\mathit{C(g)}\)","\(\mathit{RewSub(g, \mathit{sub)\) returns the total rework count for subset \(\mathit{sub\) in group \(g\).
\newline \(\mathit{C(g)\) returns the number of cases in group \(g\). \\"
119,,expected-rework-percentage-c-g,Expected Rework Percentage,1,3,"Expected percentage of times that any activity is instantiated again, after its first instantiation, in a case belonging to a group of cases.","If the event log does not contain cost information, Expected Rework Percentage can be used as a proxy for the cost performance of a group of cases.",Minimizing rework is desirable.,minimize,\(\mathit{e\mathit{RewP(g)\),\(\frac{\sum _{c \in g} \mathit{RewP(c)}{\mathit{C(g)}\),\(\frac{\sum _{c \in g} \mathit{RewP(c)}{\mathit{C(g)}\),"\(\mathit{RewP(c)\) returns the rework percentage for case \(c\).
\newline \(\mathit{C(g)\) returns the number of cases in group \(g\). \\"
120,,expected-rework-percentage-q-g,Expected Rework Percentage,4,3,"Expected percentage of times that any activity is instantiated again, after its first instantiation, in a case belonging to a group of cases.",Process where rework occurs recurrently.,Minimizing rework is desirable.,minimize,\(\mathit{e\mathit{RewP(g)\),\(\frac{\sum _{c \in g} \mathit{RewP(c)}{\mathit{C(g)}\),\(\frac{\sum _{c \in g} \mathit{RewP(c)}{\mathit{C(g)}\),"\(\mathit{RewP(c)\) returns the rework percentage for case \(c\).
\newline \(\mathit{C(g)\) returns the number of cases in group \(g\). \\"
121,,expected-rework-percentage-by-value-q-g,Expected Rework Percentage by Value,4,3,"Expected percentage of times that any activity is instantiated again, after it is instantiated a certain number of times, in a case belonging to a group of cases.",Process where rework occurs recurrently.,Minimizing rework is desirable.,minimize,\(\mathit{e\mathit{RewPV(g)\),"\(\frac{\sum _{c \in g} \mathit{RewPV(c, \mathit{val)}{\mathit{C(g)}\)","\(\frac{\sum _{c \in g} \mathit{RewPV(c, \mathit{val)}{\mathit{C(g)}\)","\(\mathit{RewPV(c, \mathit{val)\) returns the rework percentage by value \(\mathit{val\) for case \(c\).
\newline \(\mathit{C(g)\) returns the number of cases in group \(g\). \\"
122,,expected-rework-time-q-g,Expected Rework Time,4,3,"Expected sum of the elapsed time for all times that any activity is instantiated again, after its first instantiation, in a case belonging to a group of cases.",Process where measuring the time spent on rework activities is of relevance.,Minimizing the time spent on reworking is desirable.,minimize,\(\mathit{e\mathit{RT(g)\),\(\frac{\mathit{RT(g)}{\mathit{C(g)}\),\(\frac{\mathit{RT(g)}{\mathit{C(g)}\),"\(\mathit{RT(g)\) returns the total rework time for group \(g\).
\newline \(\mathit{C(g)\) returns the number of cases in group \(g\). \\"
123,,expected-role-count-f-g,Expected Role count,2,3,Expected number of human resource roles that are involved in the execution of a case belonging to a group of cases.,Process where several roles are involved.,A greater number of roles involved in the execution of the process implies greater flexibility.,maximize,\(\mathit{e\mathit{Role(g)\),\(\frac{\sum _{c \in g} \mathit{Role(c)}{\mathit{C(g)}\),\(\frac{\sum _{c \in g} \mathit{Role(c)}{\mathit{C(g)}\),"\(\mathit{Role(c)\) returns the role count for case \(c\).
\newline \(\mathit{C(g)\) returns the number of cases in group \(g\). \\"
124,,expected-role-count-g-g,Expected Role count,3,3,Expected number of human resource roles that are involved in the execution of a case belonging to a group of cases.,Calculation of several other PPIs.,,,\(\mathit{e\mathit{Role(g)\),\(\frac{\sum _{c \in g} \mathit{Role(c)}{\mathit{C(g)}\),\(\frac{\sum_{c \in \mathit{cases(g)} \mathit{Role(c)}{\mathit{C(g)}\),"$\mathit{cases(g)$ returns the set of cases in group of cases $g$.
\newline $\mathit{Role(c)$ returns the role count of case $c$.
\newline$\mathit{C(g)$ returns the case count of group of cases $g$. \\"
125,,expected-service-and-lead-time-ratio-t-g,Expected Service and Lead Time Ratio,5,3,Expected ratio between the service time and the lead time of a case belonging to a group of cases.,Event log in which the difference between service time and lead time is of relevance.,Ratio between service time and lead time should be as large as possible.,maximize,\(\mathit{e\mathit{SLTR(g)\),\(\frac{\mathit{ST(g)}{\sum _{c \in g} \mathit{LT(c)}\),\(\frac{\mathit{ST(g)}{\sum _{c \in g} \mathit{LT(c)}\),"\(\mathit{ST(g)\) returns the total service time accumulated across all cases in group \(g\).
\newline \(\mathit{LT(c)\) returns the total lead time of case \(c\). \\"
126,,expected-service-time-t-g,Expected Service Time,5,3,Expected sum of elapsed time between the start and complete events of all activity instances of a case belonging to a group of cases.,Event log that contains lifecycle information for activity instances where the actual time spent executing them is of interest.,Minimizing service time is desirable.,minimize,\(\mathit{e\mathit{ST(g)\),\(\frac{\mathit{ST(g)}{\mathit{C(g)}\),\(\frac{\mathit{ST(g)}{\mathit{C(g)}\),"\(\mathit{ST(g)\) returns the total service time accumulated across all cases in group \(g\).
\newline \(\mathit{C(g)\) returns the number of cases in group \(g\). \\"
127,,expected-service-time-from-activity-a-to-activity-b-t-g,Expected Service Time from activity A to activity B,5,3,"Expected sum of elapsed time between the start and complete events of all activity instances of a case belonging to a group of cases, which occur between the earliest instantiation of a specific activity, and the earliest instantiation of another specific activity that occurs after the former one, including both.",Event log is associated with a process in which the actual time spent executing a specific subprocess is of relevance.,Minimizing service time is desirable.,minimize,"\(\mathit{e\mathit{STAB\mathit{^{\times(g, \mathit{a, \mathit{b)\)
\newline \newline \(\mathit{\times \in \{\mathit{s, \mathit{c, \mathit{sc, \mathit{w\}\)","\(\frac{\mathit{STAB\mathit{^{\times(g, \mathit{a, \mathit{b)}{|\{c \in g \mid \mathit{fi\mathit{^{sc(c, \mathit{a, \mathit{b) \neq \emptyset\}|}\)
\newline \newline The $\mathit{\times$ indicates that the PPI can take multiple forms, in this case, $\mathit{\times \in \{\mathit{s, \mathit{c, \mathit{sc, \mathit{w\}$. If $\mathit{\times = \mathit{s$, then the function considers activity instances that were started within the start and end activity instances, i.e., it uses $\mathit{STAB\mathit{^{s$; if $\mathit{\times = \mathit{c$, then the function considers activity instances that were completed within the start and end activity instances, i.e., it uses $\mathit{STAB\mathit{^{c$; if $\mathit{\times = \mathit{sc$, then the function considers activity instances that were either started or completed within the start and end activity instances, i.e., it uses $\mathit{STAB\mathit{^{sc$; if $\mathit{\times = \mathit{^{w$, then the function considers all activity instances that were active within the start and end activity instances, i.e., it uses $\mathit{STAB\mathit{^{w$.","\(\frac{\mathit{STAB(g, \mathit{a, \mathit{b)}{|\{c \in g \mid \mathit{fi(c, \mathit{a, \mathit{b) \neq \emptyset\}|}\)","\(\mathit{STAB\) returns the total service time from activity \(\mathit{a\) to activity \(\mathit{b\) accumulated across all cases in group \(g\).
\newline \(\mathit{fi\) returns the set of first instances of activity \(\mathit{b\) that occur after the first instance of \(\mathit{a\) in case \(c\). \\"
128,,expected-successful-outcome-unit-count-q-g,Expected Successful outcome Unit Count,4,3,"Expected outcome units associated with all activity instances in a case belonging to a group of cases, after deducting those that were unsuccessfully completed.","Process where the outcome of activity instances, as well as whether they are successful or not, can be measured.",Maximizing the number of successful outcome units is desirable.,maximize,"\(\mathit{e\mathit{SUC\mathit{^{\times(g)\)
\newline \newline \(\mathit{\times \in \{\mathit{sgl, \mathit{sum\}\)","\(\frac{\mathit{SUC\mathit{^{\times(g)}{\mathit{C(g)}\)
\newline \newline The $\mathit{\times$ indicates that the PPI can take multiple forms, in this case, $\mathit{\times \in \{\mathit{sgl, \mathit{sum\}$. If $\mathit{\times = \mathit{sgl$, then the function considers single events of activity instances for outcome unit calculations, i.e., it uses $\mathit{SUC\mathit{^{sgl$; if $\mathit{\times = \mathit{sum$, then the function considers the sum of all events of activity instances for outcome unit calculations, i.e., it uses $\mathit{SUC\mathit{^{sum$.",\(\frac{\mathit{SUC(g)}{\mathit{C(g)}\),"\(\mathit{SUC(g)\) returns the total successful outcome unit count for group \(g\).
\newline \(\mathit{C(g)\) returns the number of cases in group \(g\). \\"
129,,expected-successful-outcome-unit-percentage-q-g,Expected Successful outcome Unit Percentage,4,3,Expected percentage of outcome units associated with all activity instances of a case belonging to a group of cases that are successfully completed.,"Process where the outcome of activity instances, as well as whether they are successful or not, can be measured.",Maximizing the percentage of successful outcome units is desirable.,maximize,"\(\mathit{e\mathit{SUP\mathit{^{\times(g)\)
\newline \newline \(\mathit{\times \in \{\mathit{sgl, \mathit{sum\}\)","\(\frac{\sum _{c \in g} \mathit{SUP\mathit{^{\times(c)}{\mathit{C(g)}\)
\newline \newline The $\mathit{\times$ indicates that the PPI can take multiple forms, in this case, $\mathit{\times \in \{\mathit{sgl, \mathit{sum\}$. If $\mathit{\times = \mathit{sgl$, then the function considers single events of activity instances for outcome unit calculations, i.e., it uses $\mathit{SUP\mathit{^{sgl$; if $\mathit{\times = \mathit{sum$, then the function considers the sum of all events of activity instances for outcome unit calculations, i.e., it uses $\mathit{SUP\mathit{^{sum$.",\(\frac{\sum _{c \in g} \mathit{SUP(c)}{\mathit{C(g)}\),"\(\mathit{SUP(c)\) returns the successful outcome unit percentage of case \(c\).
\newline \(\mathit{C(g)\) returns the number of cases in group \(g\). \\"
130,,expected-total-cost-c-g,Expected Total Cost,1,3,Expected total cost associated with all activity instances of a case belonging to a group of cases.,Event log in which total cost information is recorded.,Minimizing total cost is desirable.,minimize,"\(\mathit{e\mathit{TC\mathit{^{\times(g)\)
\newline \newline \(\mathit{\times \in \{\mathit{sgl, \mathit{sum\}\)","\(\frac{\mathit{TC\mathit{^{\times(g)}{\mathit{C(g)}\)
\newline \newline The $\mathit{\times$ indicates that the PPI can take multiple forms, in this case, $\mathit{\times \in \{\mathit{sgl, \mathit{sum\}$. If $\mathit{\times = \mathit{sgl$, then the function considers single events of activity instances for cost calculations, i.e., it uses $\mathit{TC\mathit{^{sgl$; if $\mathit{\times = \mathit{sum$, then the function considers the sum of all events of activity instances for cost calculations, i.e., it uses $\mathit{TC\mathit{^{sum$.",\(\frac{\mathit{TC(g)}{\mathit{C(g)}\),"\(\mathit{TC(g)\) returns the total cost for group \(g\).
\newline \(\mathit{C(g)\) returns the number of cases in group \(g\). \\"
131,,expected-total-cost-and-client-count-ratio-q-g,Expected Total Cost and Client count Ratio,4,3,"Ratio between the total cost associated with all activity instances of a group of cases, and the number of distinct clients associated with cases in a group of cases.","Process is executed for different clients, where the event log contains cost information.",It is desirable to execute the process for as many clients at the least cost.,minimize,"\(\mathit{e\mathit{TCCliR\mathit{^{\times(g)\)
\newline \newline \(\mathit{\times \in \{\mathit{sgl, \mathit{sum\}\)","\(\frac{\mathit{TC\mathit{^{\times(g)}{\mathit{Cli(g)}\)
\newline \newline The $\mathit{\times$ indicates that the PPI can take multiple forms, in this case, $\mathit{\times \in \{\mathit{sgl, \mathit{sum\}$. If $\mathit{\times = \mathit{sgl$, then the function considers single events of activity instances for cost calculations, i.e., it uses $\mathit{TC\mathit{^{sgl$; if $\mathit{\times = \mathit{sum$, then the function considers the sum of all events of activity instances for cost calculations, i.e., it uses $\mathit{TC\mathit{^{sum$.",\(\frac{\mathit{TC(g)}{\mathit{Cli(g)}\),"\(\mathit{TC(g)\) returns the total cost of case group \(g\).
\newline \(\mathit{Cli(g)\) returns the number of distinct clients associated with group \(g\). \\"
132,,expected-total-cost-and-lead-time-ratio-c-g,Expected Total Cost and Lead Time Ratio,1,3,Ratio between the expected total cost of a case belonging to a group of cases and the expected lead time of a case belonging to a group of cases.,Event log in which the total cost in relation to the total time taken for conducting cases is of relevance.,Ratio between total cost and lead time should be as close to 0 as possible.,minimize,"\(\mathit{e\mathit{TCLTR\mathit{^{\times(g)\)
\newline \newline \(\mathit{\times \in \{\mathit{sgl, \mathit{sum\}\)","\(\frac{\mathit{TC\mathit{^{\times(g)}{\sum _{c \in g} \mathit{LT(c)}\)
\newline \newline The $\mathit{\times$ indicates that the PPI can take multiple forms, in this case, $\mathit{\times \in \{\mathit{sgl, \mathit{sum\}$. If $\mathit{\times = \mathit{sgl$, then the function considers single events of activity instances for cost calculations, i.e., it uses $\mathit{TC\mathit{^{sgl$; if $\mathit{\times = \mathit{sum$, then the function considers the sum of all events of activity instances for cost calculations, i.e., it uses $\mathit{TC\mathit{^{sum$.",\(\frac{\mathit{TC(g)}{\sum _{c \in g} \mathit{LT(c)}\),"\(\mathit{TC(g)\) returns the total cost of case group \(g\).
\newline \(\mathit{LT(c)\) returns the total lead time of case \(c\). \\"
133,,expected-total-cost-and-outcome-unit-ratio-c-g,Expected Total Cost and outcome Unit Ratio,1,3,"Ratio between the expected total cost of a case belonging to a group of cases, and the expected outcome units associated with all activity instances of a case belonging to a group of cases.",Event log in which the total cost in relation to the outcome units of cases is of relevance.,Ratio between total cost and outcome unit count should be as close to 0 as possible.,minimize,"\(\mathit{e\mathit{TCUR\mathit{^{\times(g)\)
\newline \newline \(\mathit{\times \in \{\mathit{sgl, \mathit{sum\}\)","\(\frac{\mathit{TC\mathit{^{\times(g)}{\mathit{U\mathit{^{\times(g)}\)
\newline \newline The $\mathit{\times$ indicates that the PPI can take multiple forms, in this case, $\mathit{\times \in \{\mathit{sgl, \mathit{sum\}$. If $\mathit{\times = \mathit{sgl$, then the function considers single events of activity instances for cost and outcome unit calculations, i.e., it uses $\mathit{TC\mathit{^{sgl$ and $\mathit{U\mathit{^{sgl$; if $\mathit{\times = \mathit{sum$, then the function considers the sum of all events of activity instances for cost and outcome unit calculations, i.e., it uses $\mathit{TC\mathit{^{sum$ and $\mathit{U\mathit{^{sum$.",\(\frac{\mathit{TC(g)}{\mathit{U(g)}\),"\(\mathit{TC(g)\) returns the total cost of case group \(g\).
\newline \(\mathit{U(g)\) returns the total outcome unit count of case group \(g\). \\"
134,,expected-total-cost-and-service-time-ratio-c-g,Expected Total Cost and Service Time Ratio,1,3,"Ratio between the expected total cost of a case belonging to a group of cases, and the expected service time of a case belonging to a group of cases.",Event log in which the total cost in relation to the time taken for conducting activity instances is of relevance.,Ratio between total cost and service time should be as close to 0 as possible.,minimize,"\(\mathit{e\mathit{TCSTR\mathit{^{\times(g)\)
\newline \newline \(\mathit{\times \in \{\mathit{sgl, \mathit{sum\}\)","\(\frac{\mathit{TC\mathit{^{\times(g)}{\mathit{ST(g)}\)
\newline \newline The $\mathit{\times$ indicates that the PPI can take multiple forms, in this case, $\mathit{\times \in \{\mathit{sgl, \mathit{sum\}$. If $\mathit{\times = \mathit{sgl$, then the function considers single events of activity instances for cost calculations, i.e., it uses $\mathit{TC\mathit{^{sgl$; if $\mathit{\times = \mathit{sum$, then the function considers the sum of all events of activity instances for cost calculations, i.e., it uses $\mathit{TC\mathit{^{sum$.",\(\frac{\mathit{TC(g)}{\mathit{ST(g)}\),"\(\mathit{TC(g)\) returns the total cost of case group \(g\).
\newline \(\mathit{ST(g)\) returns the total service time of case group \(g\). \\"
135,,expected-transportation-cost-c-g,Expected Transportation Cost,1,3,Expected transportation cost of a case belonging to a group of cases.,Process where the cost of transportation is relevant.,Minimizing transportation cost is desirable.,minimize,\(\mathit{e\mathit{TransC(g)\),\(\frac{\mathit{TransC(g)}{\mathit{C(g)}\),\(\frac{\mathit{TransC(g)}{\mathit{C(g)}\),"\(\mathit{TransC(g)\) returns the total transportation cost for group \(g\).
\newline \(\mathit{C(g)\) returns the number of cases in group \(g\). \\"
136,,expected-unwanted-activity-count-q-g,Expected Unwanted Activity count,4,3,Expected number of unwanted activities that occur in a case belonging to a group of cases.,Event log that contains activities whose execution is unwanted.,Unwanted activities negatively affect the quality of the process.,minimize,\(\mathit{UAC(g)\),\(\frac{\sum _{c \in g} \mathit{UAC(c)}{\mathit{C(g)}\),\(\frac{\sum _{c \in g} \mathit{UAC(c)}{\mathit{C(g)}\),"\(\mathit{UAC(c)\) returns the unwanted activity count for case \(c\).
\newline \(\mathit{C(g)\) returns the number of cases in group \(g\). \\"
137,,expected-unwanted-activity-instance-count-q-g,Expected Unwanted activity Instance count,4,3,Expected number of times that an unwanted activity is instantiated in a case belonging to a group of cases.,Event log that contains activities whose execution is unwanted.,Unwanted activities negatively affect the quality of the process.,minimize,\(\mathit{e\mathit{UIC(g)\),\(\frac{\mathit{UIC(g)}{\mathit{C(g)}\),\(\frac{\mathit{UIC(g)}{\mathit{C(g)}\),"\(\mathit{UIC(g)\) returns the total unwanted activity instance count for group \(g\).
\newline \(\mathit{C(g)\) returns the number of cases in group \(g\). \\"
138,,expected-unwanted-activity-instance-percentage-q-g,Expected Unwanted activity Instance Percentage,4,3,Expected percentage of times that an unwanted activity is instantiated in a case belonging to a group of cases.,Event log that contains activities whose execution is unwanted.,Unwanted activities negatively affect the quality of the process.,minimize,\(\mathit{e\mathit{UIP(g)\),\(\frac{\sum _{c \in g} \mathit{UIP(c)}{\mathit{C(g)}\),\(\frac{\sum _{c \in g} \mathit{UIP(c)}{\mathit{C(g)}\),"\(\mathit{UIP(c)\) returns the unwanted activity instance percentage for case \(c\).
\newline \(\mathit{C(g)\) returns the number of cases in group \(g\). \\"
139,,expected-unwanted-activity-percentage-q-g,Expected Unwanted Activity Percentage,4,3,Expected percentage of unwanted activities that occur in a case belonging to a group of cases.,Event log that contains activities whose execution is unwanted.,Unwanted activities negatively affect the quality of the process.,minimize,\(\mathit{e\mathit{UAP(g)\),\(\frac{\sum _{c \in g} \mathit{UAP(c)}{\mathit{C(g)}\),\(\frac{\sum _{c \in g} \mathit{UAP(c)}{\mathit{C(g)}\),"\(\mathit{UAP(c)\) returns the unwanted activity percentage for case \(c\).
\newline \(\mathit{C(g)\) returns the number of cases in group \(g\). \\"
140,,expected-variable-cost-c-g,Expected Variable Cost,1,3,Expected variable cost of a case belonging to a group of cases.,Event log in which variable cost information is recorded.,Minimizing variable cost is desirable.,minimize,"\(\mathit{e\mathit{VC\mathit{^{\times(g)\)
\newline \newline \(\mathit{\times \in \{\mathit{sgl, \mathit{sum\}\)","\(\frac{\mathit{VC\mathit{^{\times(g)}{\mathit{C(g)}\)
\newline \newline The $\mathit{\times$ indicates that the PPI can take multiple forms, in this case, $\mathit{\times \in \{\mathit{sgl, \mathit{sum\}$. If $\mathit{\times = \mathit{sgl$, then the function considers single events of activity instances for cost calculations, i.e., it uses $\mathit{VC\mathit{^{sgl$; if $\mathit{\times = \mathit{sum$, then the function considers the sum of all events of activity instances for cost calculations, i.e., it uses $\mathit{VC\mathit{^{sum$.",\(\frac{\mathit{VC(g)}{\mathit{C(g)}\),"\(\mathit{VC(g)\) returns the total variable cost for group \(g\).
\newline \(\mathit{C(g)\) returns the number of cases in group \(g\). \\"
141,,expected-waiting-time-t-g,Expected Waiting Time,5,3,"Expected sum of elapsed time between the start event of an activity instance and the complete event of the activity instance that precedes it, for all activity instances in a case belonging to a group of cases.",Event log in which the time spent between every activity instance is of relevance.,Minimizing waiting time is desirable.,minimize,\(\mathit{e\mathit{WT(g)\),\(\frac{\sum _{c \in g} \mathit{WT(c)}{\mathit{C(g)}\),\(\frac{\sum _{c \in g} \mathit{WT(c)}{\mathit{C(g)}\),"\(\mathit{WT(c)\) returns the total waiting time of case \(c\).
\newline \(\mathit{C(g)\) returns the number of cases in group \(g\). \\"
142,,expected-waiting-time-from-activity-a-to-activity-b-t-g,Expected Waiting Time from activity A to activity B,5,3,"Expected sum of elapsed time between the start event of an activity instance and the complete event of the activity instance that precedes it, for all activity instances in a case that occurs between the earliest instantiation of a specific activity and the earliest instantiation of another specific activity that occurs after the former one, including both, for all cases belonging to a group of cases.",Event log in which the time spent between every activity instance of a specific subprocess is of relevance.,Minimizing waiting time is desirable.,minimize,"\(\mathit{e\mathit{WTAB\mathit{^{\times(g, \mathit{a, \mathit{b)\)
\newline \newline \(\mathit{\times \in \{\mathit{s, \mathit{c, \mathit{sc, \mathit{w\}\)","\(\frac{\sum _{c \in g} \begin{cases}
\mathit{WTAB\mathit{^{\times(c, \mathit{a, \mathit{b) & \mathit{if \  \mathit{fi\mathit{^{sc(c, \mathit{a, \mathit{b) \neq \emptyset \\ 0 & \mathit{if \  \mathit{fi\mathit{^{sc(c, \mathit{a, \mathit{b) = \emptyset
\end{cases}}{|\{c \in g \mid \mathit{fi\mathit{^{sc(c, \mathit{a, \mathit{b) \neq \emptyset\}|}\)
\newline \newline The $\mathit{\times$ indicates that the PPI can take multiple forms, in this case, $\mathit{\times \in \{\mathit{s, \mathit{c, \mathit{sc, \mathit{w\}$. If $\mathit{\times = \mathit{s$, then the function considers activity instances that were started within the start and end activity instances, i.e., it uses $\mathit{WTAB\mathit{^{s$; if $\mathit{\times = \mathit{c$, then the function considers activity instances that were completed within the start and end activity instances, i.e., it uses $\mathit{WTAB\mathit{^{c$; if $\mathit{\times = \mathit{sc$, then the function considers activity instances that were either started or completed within the start and end activity instances, i.e., it uses $\mathit{WTAB\mathit{^{sc$; if $\mathit{\times = \mathit{^{w$, then the function considers all activity instances that were active within the start and end activity instances, i.e., it uses $\mathit{WTAB\mathit{^{w$.","\(\displaystyle \frac{\sum _{c \in g} \begin{cases}
\mathit{WTAB(c, \mathit{a, \mathit{b) & \mathit{if \  \mathit{fi(c, \mathit{a, \mathit{b) \neq \emptyset \\
0 & \mathit{if \  \mathit{fi(c, \mathit{a, \mathit{b) = \emptyset
\end{cases}}{
\sum_{c \in g}
\begin{cases}
1 & \text{if } \mathit{fi(c, \mathit{a, \mathit{b) \neq \emptyset \\
0 & \text{otherwise}
\end{cases}
}\)","\(\mathit{WTAB\) returns the waiting time from activity \(\mathit{a\) to activity \(\mathit{b\) in case \(c\).
\newline \(\mathit{fi\) returns the set of first instances of activity \(\mathit{b\) that occur after the first instance of \(\mathit{a\) in case \(c\). \\"
143,,expected-warehousing-cost-c-g,Expected Warehousing Cost,1,3,Expected warehousing cost associated with all activity instances of a case belonging to a group of cases.,Process where the cost of warehousing is relevant.,Minimizing warehousing cost is desirable.,minimize,\(\mathit{e\mathit{WareC(g)\),\(\frac{\mathit{WareC(g)}{\mathit{C(g)}\),\(\frac{\mathit{WareC(g)}{\mathit{C(g)}\),"\(\mathit{WareC(g)\) returns the total warehousing cost for group \(g\).
\newline \(\mathit{C(g)\) returns the number of cases in group \(g\). \\"
144,,fixed-cost-activity-granularity-c-a,Fixed Cost (activity granularity),1,1,Sum of fixed cost of all instantiations of an activity in the event log.,Event log in which fixed cost information is recorded.,Minimizing fixed cost is desirable.,minimize,"\(\mathit{FC\mathit{^{\times(a)\) 
\newline \newline \(\mathit{\times \in \{\mathit{sgl, \mathit{sum\}\)","\(\sum _{i \in \mathit{inst(a)} \mathit{FC\mathit{^{\times(i)\)
\newline \newline The $\mathit{\times$ indicates that the PPI can take multiple forms, in this case, $\mathit{\times \in \{\mathit{sgl, \mathit{sum\}$. If $\mathit{\times = \mathit{sgl$, then the function considers single events of activity instances for cost calculations, i.e., it uses $\mathit{FC\mathit{^{sgl$; if $\mathit{\times = \mathit{sum$, then the function considers the sum of all events of activity instances for cost calculations, i.e., it uses $\mathit{FC\mathit{^{sum$.",\(\sum _{i \in \mathit{inst(a)} \mathit{FC(i)\),"\(\mathit{inst(a)\) returns the set of all instances of activity \(a\).
\newline \(\mathit{FC(i)\) returns the fixed cost of activity instance \(i\). \\"
145,,fixed-cost-case-granularity-c-c,Fixed Cost (case granularity),1,2,Sum of fixed cost of all activity instances of a case.,Event log in which fixed cost information is recorded.,Minimizing fixed cost is desirable.,minimize,"\(\mathit{FC\mathit{^{\times(c)\) 
\newline \newline \(\mathit{\times \in \{\mathit{sgl, \mathit{sum\}\)","\(\sum _{i \in \mathit{inst(c)} \mathit{FC\mathit{^{\times(i)\)
\newline \newline The $\mathit{\times$ indicates that the PPI can take multiple forms, in this case, $\mathit{\times \in \{\mathit{sgl, \mathit{sum\}$. If $\mathit{\times = \mathit{sgl$, then the function considers single events of activity instances for cost calculations, i.e., it uses $\mathit{FC\mathit{^{sgl$; if $\mathit{\times = \mathit{sum$, then the function considers the sum of all events of activity instances for cost calculations, i.e., it uses $\mathit{FC\mathit{^{sum$.",\(\sum _{i \in \mathit{inst(c)} \mathit{FC(i)\),"\(\mathit{inst(c)\) returns the set of all activity instances in case \(c\).
\newline \(\mathit{FC(i)\) returns the fixed cost of activity instance \(i\). \\"
146,,fixed-cost-group-of-cases-granularity-c-g,Fixed Cost (group of cases granularity),1,3,Sum of fixed cost of all activity instances of a group of cases.,Event log in which fixed cost information is recorded.,Minimizing fixed cost is desirable.,minimize,"\(\mathit{FC\mathit{^{\times(g)\) 
\newline \newline \(\mathit{\times \in \{\mathit{sgl, \mathit{sum\}\)","\(\sum _{c \in g} \mathit{FC\mathit{^{\times(c)\)
\newline \newline The $\mathit{\times$ indicates that the PPI can take multiple forms, in this case, $\mathit{\times \in \{\mathit{sgl, \mathit{sum\}$. If $\mathit{\times = \mathit{sgl$, then the function considers single events of activity instances for cost calculations, i.e., it uses $\mathit{FC\mathit{^{sgl$; if $\mathit{\times = \mathit{sum$, then the function considers the sum of all events of activity instances for cost calculations, i.e., it uses $\mathit{FC\mathit{^{sum$.",\(\sum _{c \in g} \mathit{FC(c)\),\(\mathit{FC(c)\) returns the fixed cost for case \(c\). \\
147,,fixed-cost-considering-single-events-of-activity-instances-activity-instance-granularity-c-i,Fixed Cost considering single events of activity instances (activity instance granularity),1,4,"Fixed cost associated with an activity instance, measured as the latest recorded value among the events of the activity instance.",Event log in which fixed cost information is recorded.,Minimizing fixed cost is desirable.,minimize,\(\mathit{FC\mathit{^{sgl(i)\),"\(\begin{cases}
#^{}_{\mathit{fc}(\mathit{cpl(i)) & \mathit{if \  #^{}_{\mathit{fc}(\mathit{cpl(i)) \neq \bot",\(\begin{cases} #^{}_{\mathit{fc}(\mathit{cpl(i)) & \mathit{if \  #^{}_{\mathit{fc}(\mathit{cpl(i)) \neq undefined \\ #^{}_{\mathit{fc}(\mathit{str(i)) & \mathit{if \  #^{}_{\mathit{fc}(\mathit{cpl(i)) = undefined \land #^{}_{\mathit{fc}(\mathit{str(i)) \neq undefined \\ undefined & \mathit{if \  #^{}_{\mathit{fc}(\mathit{cpl(i)) = undefined \land #^{}_{\mathit{fc}(\mathit{str(i)) = undefined \\ \end{cases}\),"\(#^{}_{\mathit{fc}\) returns the fixed cost associated with an event.
\newline \(\mathit{cpl(i)\) returns the completion event of activity instance \(i\).
\newline \(\mathit{str(i)\) returns the start event of activity instance \(i\). \\"
148,,fixed-cost-considering-the-sum-of-all-events-of-activity-instances-activity-instance-granularity-c-i,Fixed Cost considering the sum of all events of activity instances (activity instance granularity),1,4,"Fixed cost associated with an activity instance, measured as the sum of all values among the events of the activity instance.",Event log in which fixed cost information is recorded.,Minimizing fixed cost is desirable.,minimize,\(\mathit{FC\mathit{^{sum(i)\),"\(\begin{cases}
#^{}_{\mathit{fc}(\mathit{str(i)) + & \\ #^{}_{\mathit{fc}(\mathit{cpl(i)) & \mathit{if \  #^{}_{\mathit{fc}(\mathit{cpl(i)) \neq \bot \land #^{}_{\mathit{fc}(\mathit{str(i)) \neq \bot",\(\begin{cases} #^{}_{\mathit{fc}(\mathit{str(i)) + & \\ #^{}_{\mathit{fc}(\mathit{cpl(i)) & \mathit{if \  #^{}_{\mathit{fc}(\mathit{cpl(i)) \neq undefined \land #^{}_{\mathit{fc}(\mathit{str(i)) \neq undefined \\ undefined & \mathit{if \  #^{}_{\mathit{fc}(\mathit{cpl(i)) = undefined \lor #^{}_{\mathit{fc}(\mathit{str(i)) = undefined \\ \end{cases}\),"\(#^{}_{\mathit{fc}\) returns the fixed cost associated with an event.
\newline \(\mathit{str(i)\) returns the start event of activity instance \(i\).
\newline \(\mathit{cpl(i)\) returns the completion event of activity instance \(i\). \\"
149,,handover-count-case-granularity-t-c,Handover count (case granularity),5,2,Number of times that the human resource associated with an activity instance differs from the human resource associated with the preceding activity instance within a case.,"If actual time spent on a case is not of interest, Handover count can be used as a workload estimation within the time dimension.",Reducing the times that work handover occurs is desirable.,minimize,\(\mathit{H(c)\),\(\sum _{i \in \mathit{inst(c)} \mathit{dres(i)\),\(\sum_{i \in \mathit{inst(c)} \mathit{dres(i)\),"Here, \(\mathit{inst(c)\) is the set of activity instances in case \(c\), \newline \(\mathit{dres(i)\) returns the number of distinct resources involved in the execution of activity instance \(i\). 
\newline The formula sums these values to obtain the total handovers in case \(c\). \\"
150,,human-resource-and-case-count-ratio-group-of-cases-granularity-c-g,Human Resource and Case count Ratio (group of cases granularity),1,3,"Ratio between the number of human resources that are involved in the execution of cases in a group of cases, and the number of cases belonging to a group of cases.",Event log in which the optimal allocation of human resources to cases allows an improvement in cost performance.,Minimizing the number of human resources per case is desirable.,minimize,\(\mathit{HRCR(g)\),\(\frac{\mathit{HR(g)}{\mathit{C(g)}\),\(\frac{\mathit{HR(g)}{\mathit{C(g)}\),"\(\mathit{HR(g)\) returns the number of unique human resources involved in group \(g\).
\newline \(\mathit{C(g)\) returns the number of cases in group \(g\). \\"
151,,human-resource-count-activity-granularity-c-a,Human Resource count (activity granularity),1,1,Number of human resources that are involved in the execution of an activity.,"If the event log does not contain cost information, Human Resource count can be used as a proxy for the cost performance of an activity.",Minimizing the number of human resources involved is desirable.,minimize,\(\mathit{HR(a)\),\(|\mathit{hres(a)|\),\(\mathit{count(\mathit{hres(a))\),$\mathit{hres(a)$ returns the set of human resources that perform activity $a$ in the event log. \\
152,,human-resource-count-case-granularity-c-c,Human Resource count (case granularity),1,2,Number of human resources that are involved in the execution of a case.,"If the event log does not contain cost information, Human Resource count can be used as a proxy for the cost performance of a case.",Minimizing the number of human resources involved is desirable.,minimize,\(\mathit{HR(c)\),\(|\mathit{hres(c)|\),\(\mathit{count(\mathit{hres(c))\),$\mathit{hres(c)$ returns the set of human resources that work in case $c$. \\
153,,human-resource-count-group-of-cases-granularity-c-g,Human Resource count (group of cases granularity),1,3,Number of human resources that are involved in the execution of a group of cases.,"If the event log does not contain cost information, Human Resource count can be used as a proxy for the cost performance of a group of cases.",Minimizing the number of human resources involved is desirable.,minimize,\(\mathit{HR(g)\),\(|\cup_{c \in g} \mathit{hres(c)|\),\(\mathit{count(\mathit{hres(g))\),$\mathit{hres(g)$ returns the set of human resources that work in group of cases $g$. \\
154,,human-resource-count-activity-granularity-f-a,Human Resource count (activity granularity),2,1,Number of human resources that are involved in the execution of an activity in the event log.,Human Resource count can be used as a proxy to measure the flexibility of a process.,"Maximizing the number of human resources involved is desirable, as it implies a greater capability to address unexpected situations.",maximize,\(\mathit{HR(a)\),\(|\mathit{hres(a)|\),\(\mathit{count(\mathit{hres(a))\),$\mathit{hres(a)$ returns the set of human resources that perform activity $a$ in the event log. \\
155,,human-resource-count-case-granularity-f-c,Human Resource count (case granularity),2,2,Number of human resources that are involved in the execution of a case.,Human Resource count can be used as a proxy to measure the flexibility of a process.,"Maximizing the number of human resources involved is desirable, as it implies a greater capability to address unexpected situations.",maximize,\(\mathit{HR(c)\),\(|\mathit{hres(c)|\),\(\mathit{count(\mathit{hres(c))\),$\mathit{hres(c)$ returns the set of human resources that work in case $c$. \\
156,,human-resource-count-group-of-cases-granularity-f-g,Human Resource count (group of cases granularity),2,3,Number of human resources that are involved in the execution of a group of cases.,Human Resource count can be used as a proxy to measure the flexibility of a process.,"Maximizing the number of human resources involved is desirable, as it implies a greater capability to address unexpected situations.",maximize,\(\mathit{HR(g)\),\(|\cup_{c \in g} \mathit{hres(c)|\),\(\mathit{count(\mathit{hres(g))\),$\mathit{hres(g)$ returns the set of human resources that work in group of cases $g$. \\
157,,human-resource-count-activity-granularity-g-a,Human Resource count (activity granularity),3,1,Number of human resources that are involved in the execution of an activity in the event log.,Calculation of several other PPIs.,,,\(\mathit{HR(a)\),\(|\mathit{hres(a)|\),\(\mathit{count(\mathit{hres(a))\),$\mathit{hres(a)$ returns the set of human resources that perform activity $a$ in the event log. \\
158,,human-resource-count-case-granularity-g-c,Human Resource count (case granularity),3,2,Number of human resources that are involved in the execution of a case.,Calculation of several other PPIs.,,,\(\mathit{HR(c)\),\(|\mathit{hres(c)|\),\(\mathit{count(\mathit{hres(c))\),$\mathit{hres(c)$ returns the set of human resources that work in case $c$. \\
159,,human-resource-count-group-of-cases-granularity-g-g,Human Resource count (group of cases granularity),3,3,Number of human resources that are involved in the execution of a group of cases.,Calculation of several other PPIs.,,,\(\mathit{HR(g)\),\(|\cup_{c \in g} \mathit{hres(c)|\),\(\mathit{count(\mathit{hres(g))\),$\mathit{hres(g)$ returns the set of human resources that work in group of cases $g$. \\
160,,human-resource-count-activity-granularity-q-a,Human Resource count (activity granularity),4,1,Number of human resources that are involved in the execution of an activity in the event log.,Human Resource count can be used as a proxy to measure the quality of the process.,"Minimizing the number of human resources involved is desirable, as it reduces the possibility of errors due to, e.g., handovers of work.",minimize,\(\mathit{HR(a)\),\(|\mathit{hres(a)|\),\(\mathit{count(\mathit{hres(a))\),$\mathit{hres(a)$ returns the set of human resources that perform activity $a$ in the event log. \\
161,,human-resource-count-case-granularity-q-c,Human Resource count (case granularity),4,2,Number of human resources that are involved in the execution of a case.,Human Resource count can be used as a proxy to measure the quality of the process.,"Minimizing the number of human resources involved is desirable, as it reduces the possibility of errors due to, e.g., handovers of work.",minimize,\(\mathit{HR(c)\),\(|\mathit{hres(c)|\),\(\mathit{count(\mathit{hres(c))\),$\mathit{hres(c)$ returns the set of human resources that work in case $c$. \\
162,,human-resource-count-group-of-cases-granularity-q-g,Human Resource count (group of cases granularity),4,3,Number of human resources that are involved in the execution of cases in a group of cases.,Human Resource count can be used as a proxy to measure the quality of the process.,"Minimizing the number of human resources involved is desirable, as it reduces the possibility of errors due to, e.g., handovers of work.",minimize,\(\mathit{HR(g)\),\(|\cup_{c \in g} \mathit{hres(c)|\),\(\mathit{count(\mathit{hres(g))\),$\mathit{hres(g)$ returns the set of human resources that work in group of cases $g$. \\
163,,idle-time-case-granularity-t-c,Idle Time (case granularity),5,2,Sum of time periods in which no activity instance is executed during a case.,Event log that contains lifecycle information for activity instances in which the time the case is inactive is of interest.,Minimizing idle time is desirable.,minimize,\(\mathit{IT(c)\),"\(\sum _{i \in \mathit{inst(c)} \begin{cases}
\frac{\mathit{WT(i)}{|\mathit{concstr(i)|} & \mathit{if \  \mathit{prevstr(i) = \emptyset","\(\sum_{i \in \mathit{inst(c)} 
\begin{cases}
\frac{\mathit{WT(i)}{|\mathit{concstr(i)|} & \text{if } \mathit{prevstr(i) = \emptyset \\
0 & \text{if } \mathit{prevstr(i) \neq \emptyset
\end{cases}\)","$\mathit{inst(c)$ returns the set of activity instances that occur in case $c$.
\newline $\mathit{WT(i)$ returns the waiting time of activity instance $i$.
\newline $\mathit{concstr(i)$ returns the set of concurrent structures (parallel branches) related to instance $i$.
\newline $\mathit{prevstr(i)$ returns the preceding structure of activity instance $i$.\\"
164,,inventory-cost-activity-granularity-c-a,Inventory Cost (activity granularity),1,1,Inventory cost associated with all instantiations of an activity in the event log.,Event log in which inventory cost information is recorded.,Minimizing inventory cost is desirable.,minimize,"\(\mathit{IC\mathit{^{\times(a)\) 
\newline \newline \(\mathit{\times \in \{\mathit{sgl, \mathit{sum\}\)","\(\sum _{i \in \mathit{inst(a)} \mathit{IC\mathit{^{\times(i)\)
\newline \newline The $\mathit{\times$ indicates that the PPI can take multiple forms, in this case, $\mathit{\times \in \{\mathit{sgl, \mathit{sum\}$. If $\mathit{\times = \mathit{sgl$, then the function considers single events of activity instances for cost calculations, i.e., it uses $\mathit{IC\mathit{^{sgl$; if $\mathit{\times = \mathit{sum$, then the function considers the sum of all events of activity instances for cost calculations, i.e., it uses $\mathit{IC\mathit{^{sum$.",\(\sum _{i \in \mathit{inst(a)} \mathit{IC(i)\),"\(\mathit{inst(a)\) returns the set of all instances of activity \(a\).
\newline \(\mathit{IC(i)\) returns the inventory cost of activity instance \(i\). \\"
165,,inventory-cost-case-granularity-c-c,Inventory Cost (case granularity),1,2,Inventory cost associated with all activity instances of a case.,Event log in which inventory cost information is recorded.,Minimizing inventory cost is desirable.,minimize,"\(\mathit{IC\mathit{^{\times(c)\) 
\newline \newline \(\mathit{\times \in \{\mathit{sgl, \mathit{sum\}\)","\(\sum _{i \in \mathit{inst(c)} \mathit{IC\mathit{^{\times(i)\)
\newline \newline The $\mathit{\times$ indicates that the PPI can take multiple forms, in this case, $\mathit{\times \in \{\mathit{sgl, \mathit{sum\}$. If $\mathit{\times = \mathit{sgl$, then the function considers single events of activity instances for cost calculations, i.e., it uses $\mathit{IC\mathit{^{sgl$; if $\mathit{\times = \mathit{sum$, then the function considers the sum of all events of activity instances for cost calculations, i.e., it uses $\mathit{IC\mathit{^{sum$.",\(\sum _{i \in \mathit{inst(c)} \mathit{IC(i)\),"\(\mathit{inst(c)\) returns the set of all activity instances in case \(c\).
\newline \(\mathit{IC(i)\) returns the inventory cost of activity instance \(i\). \\"
166,,inventory-cost-group-of-cases-granularity-c-g,Inventory Cost (group of cases granularity),1,3,Inventory cost associated with all activity instances of a group of cases.,Event log in which inventory cost information is recorded.,Minimizing inventory cost is desirable.,minimize,"\(\mathit{IC\mathit{^{\times(g)\) 
\newline \newline \(\mathit{\times \in \{\mathit{sgl, \mathit{sum\}\)","\(\sum _{c \in g} \mathit{IC\mathit{^{\times(c)\)
\newline \newline The $\mathit{\times$ indicates that the PPI can take multiple forms, in this case, $\mathit{\times \in \{\mathit{sgl, \mathit{sum\}$. If $\mathit{\times = \mathit{sgl$, then the function considers single events of activity instances for cost calculations, i.e., it uses $\mathit{IC\mathit{^{sgl$; if $\mathit{\times = \mathit{sum$, then the function considers the sum of all events of activity instances for cost calculations, i.e., it uses $\mathit{IC\mathit{^{sum$.",\(\sum _{c \in g} \mathit{IC(c)\),\(\mathit{IC(c)\) returns the inventory cost for case \(c\). \\
167,,inventory-cost-considering-single-events-of-activity-instances-activity-instance-granularity-c-i,Inventory Cost considering single events of activity instances (activity instance granularity),1,4,"Inventory cost associated with an activity instance, measured as the latest recorded value among the events of the activity instance.",Event log in which inventory cost information is recorded.,Minimizing inventory cost is desirable.,minimize,\(\mathit{IC\mathit{^{sgl(i)\),"\(\begin{cases}
#^{}_{\mathit{ic}(\mathit{cpl(i)) & \mathit{if \  #^{}_{\mathit{ic}(\mathit{cpl(i)) \neq \bot",\(\begin{cases} #^{}_{\mathit{ic}(\mathit{cpl(i)) & \mathit{if \  #^{}_{\mathit{ic}(\mathit{cpl(i)) \neq undefined \\ #^{}_{\mathit{ic}(\mathit{str(i)) & \mathit{if \  #^{}_{\mathit{ic}(\mathit{cpl(i)) = undefined \land #^{}_{\mathit{ic}(\mathit{str(i)) \neq undefined \\ undefined & \mathit{if \  #^{}_{\mathit{ic}(\mathit{cpl(i)) = undefined \land #^{}_{\mathit{ic}(\mathit{str(i)) = undefined \\ \end{cases}\),"\(#^{}_{\mathit{ic}\) returns the inventory cost associated with an event.
\newline \(\mathit{cpl(i)\) returns the completion event of activity instance \(i\).
\newline \(\mathit{str(i)\) returns the start event of activity instance \(i\). \\"
168,,inventory-cost-considering-the-sum-of-all-events-of-activity-instances-activity-instance-granularity-c-i,Inventory Cost considering the sum of all events of activity instances (activity instance granularity),1,4,"Inventory cost associated with an activity instance, measured as the sum of all values among the events of the activity instance.",Event log in which inventory cost information is recorded.,Minimizing inventory cost is desirable.,minimize,\(\mathit{IC\mathit{^{sum(i)\),"\(\begin{cases}
#^{}_{\mathit{ic}(\mathit{str(i)) + & \\ #^{}_{\mathit{ic}(\mathit{cpl(i)) & \mathit{if \  #^{}_{\mathit{ic}(\mathit{cpl(i)) \neq \bot \land #^{}_{\mathit{ic}(\mathit{str(i)) \neq \bot",\(\begin{cases} #^{}_{\mathit{ic}(\mathit{str(i)) + & \\ #^{}_{\mathit{ic}(\mathit{cpl(i)) & \mathit{if \  #^{}_{\mathit{ic}(\mathit{cpl(i)) \neq undefined \land #^{}_{\mathit{ic}(\mathit{str(i)) \neq undefined \\ undefined & \mathit{if \  #^{}_{\mathit{ic}(\mathit{cpl(i)) = undefined \lor #^{}_{\mathit{ic}(\mathit{str(i)) = undefined \\ \end{cases}\),"\(#^{}_{\mathit{ic}\) returns the inventory cost associated with an event.
\newline \(\mathit{str(i)\) returns the start event of activity instance \(i\).
\newline \(\mathit{cpl(i)\) returns the completion event of activity instance \(i\). \\"
169,,labor-cost-activity-granularity-c-a,Labor Cost (activity granularity),1,1,Labor cost associated with all instantiations of the activity in the event log.,Event log in which labor cost information is recorded.,Minimizing labor cost is desirable.,minimize,"\(\mathit{LC\mathit{^{\times(a)\) 
\newline \newline \(\mathit{\times \in \{\mathit{sgl, \mathit{sum\}\)","\(\sum _{i \in \mathit{inst(a)} \mathit{LC\mathit{^{\times(i)\)
\newline \newline The $\mathit{\times$ indicates that the PPI can take multiple forms, in this case, $\mathit{\times \in \{\mathit{sgl, \mathit{sum\}$. If $\mathit{\times = \mathit{sgl$, then the function considers single events of activity instances for cost calculations, i.e., it uses $\mathit{LC\mathit{^{sgl$; if $\mathit{\times = \mathit{sum$, then the function considers the sum of all events of activity instances for cost calculations, i.e., it uses $\mathit{LC\mathit{^{sum$.",\(\sum _{i \in \mathit{inst(a)} \mathit{LC(i)\),"\(\mathit{inst(a)\) returns the set of all instances of activity \(a\).
\newline \(\mathit{LC(i)\) returns the labor cost of activity instance \(i\). \\"
170,,labor-cost-case-granularity-c-c,Labor Cost (case granularity),1,2,Labor cost associated with all activity instances of a case.,Event log in which labor cost information is recorded.,Minimizing labor cost is desirable.,minimize,"\(\mathit{LC\mathit{^{\times(c)\) 
\newline \newline \(\mathit{\times \in \{\mathit{sgl, \mathit{sum\}\)","\(\sum _{i \in \mathit{inst(c)} \mathit{LC\mathit{^{\times(i)\)
\newline \newline The $\mathit{\times$ indicates that the PPI can take multiple forms, in this case, $\mathit{\times \in \{\mathit{sgl, \mathit{sum\}$. If $\mathit{\times = \mathit{sgl$, then the function considers single events of activity instances for cost calculations, i.e., it uses $\mathit{LC\mathit{^{sgl$; if $\mathit{\times = \mathit{sum$, then the function considers the sum of all events of activity instances for cost calculations, i.e., it uses $\mathit{LC\mathit{^{sum$.",\(\sum _{i \in \mathit{inst(c)} \mathit{LC(i)\),"\(\mathit{inst(c)\) returns the set of all activity instances in case \(c\).
\newline \(\mathit{LC(i)\) returns the labor cost of activity instance \(i\). \\"
171,,labor-cost-group-of-cases-granularity-c-g,Labor Cost (group of cases granularity),1,3,Labor cost associated with all activity instances of a group of cases.,Event log in which labor cost information is recorded.,Minimizing labor cost is desirable.,minimize,"\(\mathit{LC\mathit{^{\times(g)\) 
\newline \newline \(\mathit{\times \in \{\mathit{sgl, \mathit{sum\}\)","\(\sum _{c \in g} \mathit{LC\mathit{^{\times(c)\)
\newline \newline The $\mathit{\times$ indicates that the PPI can take multiple forms, in this case, $\mathit{\times \in \{\mathit{sgl, \mathit{sum\}$. If $\mathit{\times = \mathit{sgl$, then the function considers single events of activity instances for cost calculations, i.e., it uses $\mathit{LC\mathit{^{sgl$; if $\mathit{\times = \mathit{sum$, then the function considers the sum of all events of activity instances for cost calculations, i.e., it uses $\mathit{LC\mathit{^{sum$.",\(\sum _{c \in g} \mathit{LC(c)\),\(\mathit{LC(c)\) returns the labor cost for case \(c\). \\
172,,labor-cost-and-total-cost-ratio-activity-granularity-c-a,Labor Cost and Total Cost Ratio (activity granularity),1,1,"Ratio between the labor cost associated with all instantiations of an activity in the event log, and the total cost associated with all instantiations of an activity in the event log.",Event log in which both labor and total cost information are recorded.,Minimizing the cost associated with human resources is desirable.,minimize,"\(\mathit{LCTCR\mathit{^{\times(a)\) 
\newline \newline \(\mathit{\times \in \{\mathit{sgl, \mathit{sum\}\)","\(\frac{\mathit{LC\mathit{^{\times(a)}{\mathit{TC\mathit{^{\times(a)}\)
\newline \newline The $\mathit{\times$ indicates that the PPI can take multiple forms, in this case, $\mathit{\times \in \{\mathit{sgl, \mathit{sum\}$. If $\mathit{\times = \mathit{sgl$, then the function considers single events of activity instances for cost calculations, i.e., it uses $\mathit{LC\mathit{^{sgl$ and $\mathit{TC\mathit{^{sgl$; if $\mathit{\times = \mathit{sum$, then the function considers the sum of all events of activity instances for cost calculations, i.e., it uses $\mathit{LC\mathit{^{sum$ and $\mathit{TC\mathit{^{sum$.",\(\frac{\mathit{LC(a)}{\mathit{TC(a)}\),"\(\mathit{LC(a)\) returns the total labor cost of activity \(a\).
\newline \(\mathit{TC(a)\) returns the total cost of activity \(a\). \\"
173,,labor-cost-and-total-cost-ratio-case-granularity-c-c,Labor Cost and Total Cost Ratio (case granularity),1,2,"Ratio between the labor cost associated with all activity instances of a case, and the total cost associated with all activity instances of a case.",Event log in which both labor and total cost information are recorded.,Minimizing the cost associated with human resources is desirable.,minimize,"\(\mathit{LCTCR\mathit{^{\times(c)\) 
\newline \newline \(\mathit{\times \in \{\mathit{sgl, \mathit{sum\}\)","\(\frac{\mathit{LC\mathit{^{\times(c)}{\mathit{TC\mathit{^{\times(c)}\)
\newline \newline The $\mathit{\times$ indicates that the PPI can take multiple forms, in this case, $\mathit{\times \in \{\mathit{sgl, \mathit{sum\}$. If $\mathit{\times = \mathit{sgl$, then the function considers single events of activity instances for cost calculations, i.e., it uses $\mathit{LC\mathit{^{sgl$ and $\mathit{TC\mathit{^{sgl$; if $\mathit{\times = \mathit{sum$, then the function considers the sum of all events of activity instances for cost calculations, i.e., it uses $\mathit{LC\mathit{^{sum$ and $\mathit{TC\mathit{^{sum$.",\(\frac{\mathit{LC(c)}{\mathit{TC(c)}\),"\(\mathit{LC(c)\) returns the total labor cost of case \(c\).
\newline \(\mathit{TC(c)\) returns the total cost of case \(c\). \\"
174,,labor-cost-and-total-cost-ratio-group-of-cases-granularity-c-g,Labor Cost and Total Cost Ratio (group of cases granularity),1,3,"Ratio between the labor cost associated with all activity instances of a group of cases, and the total cost associated with all activity instances of a group of cases.",Event log in which both labor and total cost information are recorded.,Minimizing the cost associated with human resources is desirable.,minimize,"\(\mathit{LCTCR\mathit{^{\times(g)\) 
\newline \newline \(\mathit{\times \in \{\mathit{sgl, \mathit{sum\}\)","\(\frac{\mathit{LC\mathit{^{\times(g)}{\mathit{TC\mathit{^{\times(g)}\)
\newline \newline The $\mathit{\times$ indicates that the PPI can take multiple forms, in this case, $\mathit{\times \in \{\mathit{sgl, \mathit{sum\}$. If $\mathit{\times = \mathit{sgl$, then the function considers single events of activity instances for cost calculations, i.e., it uses $\mathit{LC\mathit{^{sgl$ and $\mathit{TC\mathit{^{sgl$; if $\mathit{\times = \mathit{sum$, then the function considers the sum of all events of activity instances for cost calculations, i.e., it uses $\mathit{LC\mathit{^{sum$ and $\mathit{TC\mathit{^{sum$.",\(\frac{\mathit{LC(g)}{\mathit{TC(g)}\),"\(\mathit{LC(g)\) returns the total labor cost of case group \(g\).
\newline \(\mathit{TC(g)\) returns the total cost of case group \(g\). \\"
175,,labor-cost-and-total-cost-ratio-activity-instance-granularity-c-i,Labor Cost and Total Cost Ratio (activity instance granularity),1,4,Ratio between the labor cost associated with an activity instance and the total cost associated with an activity instance.,Event log in which both labor and total cost information are recorded.,Minimizing the cost associated with human resources is desirable.,minimize,"\(\mathit{LCTCR\mathit{^{\times(i)\) 
\newline \newline \(\mathit{\times \in \{\mathit{sgl, \mathit{sum\}\)","\(\frac{\mathit{LC\mathit{^{\times(i)}{\mathit{TC\mathit{^{\times(i)}\)
\newline \newline The $\mathit{\times$ indicates that the PPI can take multiple forms, in this case, $\mathit{\times \in \{\mathit{sgl, \mathit{sum\}$. If $\mathit{\times = \mathit{sgl$, then the function considers single events of activity instances for cost calculations, i.e., it uses $\mathit{LC\mathit{^{sgl$ and $\mathit{TC\mathit{^{sgl$; if $\mathit{\times = \mathit{sum$, then the function considers the sum of all events of activity instances for cost calculations, i.e., it uses $\mathit{LC\mathit{^{sum$ and $\mathit{TC\mathit{^{sum$.",\(\frac{\mathit{LC(i)}{\mathit{TC(i)}\),"\(\mathit{LC(i)\) returns the labor cost of activity instance \(i\).
\newline \(\mathit{TC(i)\) returns the total cost of activity instance \(i\). \\"
176,,labor-cost-considering-single-events-of-activity-instances-activity-instance-granularity-c-i,Labor Cost considering single events of activity instances (activity instance granularity),1,4,"Labor cost associated with an activity instance, measured as the latest recorded value among the events of the activity instance.",Event log in which labor cost information is recorded.,Minimizing labor cost is desirable.,minimize,\(\mathit{LC\mathit{^{sgl(i)\),"\(\begin{cases}
#^{}_{\mathit{lc}(\mathit{cpl(i)) & \mathit{if \  #^{}_{\mathit{lc}(\mathit{cpl(i)) \neq \bot","\(\begin{cases}
#^{}_{\mathit{lc}(\mathit{cpl(i)) & \mathit{if \  #^{}_{\mathit{lc}(\mathit{cpl(i)) \neq undefined \\
#^{}_{\mathit{lc}(\mathit{str(i)) & \mathit{if \  #^{}_{\mathit{lc}(\mathit{cpl(i)) = undefined \land #^{}_{\mathit{lc}(\mathit{str(i)) \neq undefined \\
undefined & \mathit{if \  #^{}_{\mathit{lc}(\mathit{cpl(i)) = undefined \land #^{}_{\mathit{lc}(\mathit{str(i)) = undefined \\
\end{cases}\)","\(#^{}_{\mathit{lc}\) returns the labor cost associated with an event.
\newline \(\mathit{cpl(i)\) returns the completion event of activity instance \(i\).
\newline \(\mathit{str(i)\) returns the start event of activity instance \(i\). \\"
177,,labor-cost-considering-the-sum-of-all-events-of-activity-instances-activity-instance-granularity-c-i,Labor Cost considering the sum of all events of activity instances (activity instance granularity),1,4,"Labor cost associated with an activity instance, measured as the sum of all values among the events of the activity instance.",Event log in which labor cost information is recorded.,Minimizing labor cost is desirable.,minimize,\(\mathit{LC\mathit{^{sum(i)\),"\(\begin{cases}
#^{}_{\mathit{lc}(\mathit{str(i)) + & \\ #^{}_{\mathit{lc}(\mathit{cpl(i)) & \mathit{if \  #^{}_{\mathit{lc}(\mathit{cpl(i)) \neq \bot \land #^{}_{\mathit{lc}(\mathit{str(i)) \neq \bot","\(\begin{cases}
#^{}_{\mathit{lc}(\mathit{str(i)) + & \\ #^{}_{\mathit{lc}(\mathit{cpl(i)) & \mathit{if \  #^{}_{\mathit{lc}(\mathit{cpl(i)) \neq undefined \land #^{}_{\mathit{lc}(\mathit{str(i)) \neq undefined \\
undefined & \mathit{if \  #^{}_{\mathit{lc}(\mathit{cpl(i)) = undefined \lor #^{}_{\mathit{lc}(\mathit{str(i)) = undefined \\
\end{cases}\)","\(#^{}_{\mathit{lc}\) returns the labor cost associated with an event.
\newline \(\mathit{str(i)\) returns the start event of activity instance \(i\).
\newline \(\mathit{cpl(i)\) returns the completion event of activity instance \(i\). \\"
178,,lead-time-activity-granularity-t-a,Lead Time (activity granularity),5,1,Sum of the total elapsed time for all instantiations of an activity in the event log. Also known as cycle time.,Event log is associated with a process in which the total elapsed time of activity instances is of relevance.,Minimizing lead time is desirable.,minimize,\(\mathit{LT(a)\),\(\sum _{i \in \mathit{inst(a)} \mathit{LT(i)\),\(\sum_{i \in \mathit{inst(a)} \mathit{LT(i)\),"$\mathit{inst(a)$ returns the set of activity instances that belong to activity $a$.
\newline $\mathit{LT(i)$ returns the lead time of activity instance $i$.\\"
179,,lead-time-case-granularity-t-c,Lead Time (case granularity),5,2,Total elapsed time between the earliest and latest timestamps in a case. Also known as cycle time.,Event log is associated with a process in which the total elapsed time of a case is of relevance.,Minimizing lead time is desirable.,minimize,\(\mathit{LT(c)\),\(\mathit{endt(c) - \mathit{startt(c)\),\(\mathit{endt(c) - \mathit{startt(c)\),"$\mathit{endt(c)$ returns the end timestamp of case $c$.
\newline $\mathit{startt(c)$ returns the start timestamp of case $c$.\\"
180,,lead-time-group-of-cases-granularity-t-g,Lead Time (group of cases granularity),5,3,Total elapsed time between the earliest and latest events in a group of cases. Also known as cycle time.,Event log is associated with a process in which the total elapsed time of a group of cases is of relevance.,Minimizing lead time is desirable.,minimize,\(\mathit{LT(g)\),\(^{\mathit{max}_{c \in g} \mathit{endt(c) - ^{\mathit{min}_{c \in g} \mathit{startt(c)\),\(^{\mathit{max}_{c \in g} \mathit{endt(c) - ^{\mathit{min}_{c \in g} \mathit{startt(c)\),"$\mathit{endt(c)$ returns the end timestamp of case $c$.
\newline $\mathit{startt(c)$ returns the start timestamp of case $c$.
\newline  $^{\mathit{max}_{c \in g}$ and $^{\mathit{min}_{c \in g}$ indicate that the maximum end time and minimum start time are taken across all cases in the group $g$.\\"
181,,lead-time-activity-instance-granularity-t-i,Lead Time (activity instance granularity),5,4,Sum of the waiting time and the service time of an activity instance. Also known as cycle time.,Event log is associated with a process in which the total elapsed time of activity instances is of relevance.,Minimizing lead time is desirable.,minimize,\(\mathit{LT(i)\),\(\mathit{ST(i) + \mathit{WT(i)\),\(\mathit{ST(i) + \mathit{WT(i)\),"$\mathit{ST(i)$ returns the service time of activity instance $i$, representing the time between its start and completion.
\newline $\mathit{WT(i)$ returns the waiting time of activity instance $i$, representing the idle period before the instance starts execution.\\"
182,,lead-time-and-case-count-ratio-group-of-cases-granularity-t-g,Lead Time and Case count Ratio (group of cases granularity),5,3,Ratio between the lead time of a group of cases and the number of cases belonging to a group of cases.,Event log is associated with a process for which the number of cases executed within a specific period is relevant.,Maximizing the number of cases performed during a specific period is desirable.,minimize,\(\mathit{LTCR(g)\),\(\frac{\mathit{LT(g)}{\mathit{C(g)}\),\(\frac{\mathit{LT(g)}{\mathit{C(g)}\),"$\mathit{LT(g)$ returns the total lead time of group $g$.
\newline $\mathit{C(g)$ returns the total number of cases in group $g$.\\"
183,,lead-time-deviation-from-expectation-case-granularity-t-c,Lead Time Deviation from Expectation (case granularity),5,2,Absolute value of the difference between the time that a case is expected to take and its lead time.,Event log is associated with a process in which the lead time of a case should be as close as possible to a specific value.,A lead time that is closer to the expected value is desirable.,minimize,"\(\mathit{LTDE(c, \mathit{val)\)",\(|\mathit{val - \mathit{LT(c)|\),\(|val - \mathit{LT(c)|\),"\ $val$ represents the expected time value.
\newline $\mathit{LT(c)$ returns the lead time of case $c$.\\"
184,,lead-time-deviation-from-time-limit-case-granularity-t-c,Lead Time Deviation from time Limit (case granularity),5,2,Difference between the time that a case is expected to take and its lead time.,Event log is associated with a process in which the lead time of a case should not exceed a specific value.,Exceeding the lead time limit value is undesired.,maximize,"\(\mathit{LTDL(c, \mathit{val)\)",\(\mathit{val - \mathit{LT(c)\),\(val - \mathit{LT(c)\),"$\mathit{LT(c)$ returns the lead time of case $c$.
\newline $val$ represents the predefined time Limit for the case.
\newline The expression $|val - \mathit{LT(c)|$ measures the absolute deviation of the case lead time from its deadline.\\"
185,,lead-time-from-activity-a-case-granularity-t-c,Lead Time from activity A (case granularity),5,2,Total elapsed time between the earliest instantiation of a specific activity and the latest event of a case.,Event log is associated with a process in which the total elapsed time of a specific subprocess is of relevance.,Minimizing lead time is desirable.,minimize,"\(\mathit{LTfA(c, \mathit{a)\)","\(\begin{cases}
\mathit{lt(x, y) & \mathit{for~any \  x \in \mathit{fi\mathit{^{s(c, \mathit{a) \mathit{\ and \  y \in \mathit{endin(c) \\ \bot & \mathit{if \  \mathit{fi\mathit{^{s(c, \mathit{a) = \emptyset
\end{cases}\)","\(\begin{cases}
\mathit{lt(any (\mathit{fi\mathit{^{s(c, \mathit{a), any (\mathit{endin(c))) & \mathit{if \  \mathit{fi\mathit{^{s(c, \mathit{a) \neq \emptyset \\
undefined & \mathit{if \  \mathit{fi\mathit{^{s(c, \mathit{a) = \emptyset
\end{cases}\)","$\mathit{fi\mathit{^{s(c, \mathit{a)$ returns the set of first started instances of activity $\mathit{a$ in case $c$.
\newline $\mathit{endin(c)$ returns the final activity instance of case $c$.
\newline $\mathit{lt(x, y)$ returns the lead time from activity instance $x$ to $y$.\\"
186,,lead-time-from-activity-a-to-activity-b-case-granularity-t-c,Lead Time from activity A to activity B (case granularity),5,2,Total elapsed time between the earliest instantiation of a specific activity and the earliest instantiation of another specific activity that occurs after the former one in a case.,Event log is associated with a process in which the total elapsed time of a specific subprocess is of relevance.,Minimizing lead time is desirable.,minimize,"\(\mathit{LTAB(c, \mathit{a, \mathit{b)\)","\(\begin{cases}
\mathit{lt(x,y) & \mathit{for~any \  x \in \mathit{fi\mathit{^{s(c, \mathit{a) \mathit{\ and \  y \in \mathit{fi\mathit{^{sc(c, \mathit{a, \mathit{b)","\(\begin{cases}
\mathit{lt(x,y) & \mathit{for~any \  x \in \mathit{fi\mathit{^{s(c, \mathit{a) \mathit{\ and \  y \in \mathit{fi(c, \mathit{a, \mathit{b) \\
undefined & \mathit{if \  \mathit{fi(c, \mathit{a, \mathit{b) = \emptyset
\end{cases}\)","$\mathit{fi\mathit{^{s(c, \mathit{a)$ returns the set of first started instances of activity $\mathit{a$ in case $c$.
\newline $\mathit{fi(c, \mathit{a, \mathit{b)$ returns the first instance of activity $\mathit{b$ occurring after the first started instance of activity $\mathit{a$ in case $c$.
\newline $\mathit{lt(x,y)$ returns the lead time between activity instances $x$ and $y$.\\"
187,,lead-time-to-activity-a-case-granularity-t-c,Lead Time to activity A (case granularity),5,2,Total elapsed time between the earliest event and the earliest instantiation of a specific activity in a case.,Event log is associated with a process in which the total elapsed time of a specific subprocess is of relevance.,Minimizing lead time is desirable.,minimize,"\(\mathit{LTtA(c, \mathit{a)\)","\(\begin{cases}
\mathit{lt(x, y) & \mathit{for~any \  x \in \mathit{strin(c) \mathit{\ and \  y \in \mathit{fi\mathit{^{c(c, \mathit{a) \\ \bot & \mathit{if \  \mathit{fi\mathit{^{c(c, \mathit{a) = \emptyset
\end{cases}\)","\(\begin{cases}
\mathit{lt(x, y) & \mathit{for~any \  x \in \mathit{strin(c) \mathit{\ and \  y \in \mathit{fi\mathit{^{c(c, \mathit{a) \\
undefined & \mathit{if \  \mathit{fi\mathit{^{c(c, \mathit{a) = \emptyset
\end{cases}\)","$\mathit{strin(c)$ returns the activity instance that starts case $c$.
\newline $\mathit{fi\mathit{^{c(c, \mathit{a)$ returns the first completed instance of activity $\mathit{a$ in case $c$.
\newline $\mathit{lt(x, y)$ returns the lead time between activity instances $x$ and $y$.\\"
188,,maintenance-cost-case-granularity-c-c,Maintenance Cost (case granularity),1,2,Maintenance cost associated with a case.,Process where the cost of conducting maintenance is relevant.,Minimizing maintenance cost is desirable.,minimize,\(\mathit{MainC(c)\),\(#^{}_{\mathit{mainc}(c)\),\(#^{}_{\mathit{mainc}(c)\),\(#^{}_{\mathit{mainc}\) returns the maintenance cost associated with case \(c\). \\
189,,maintenance-cost-group-of-cases-granularity-c-g,Maintenance Cost (group of cases granularity),1,3,Maintenance cost associated with all cases in a group of cases.,Process where the cost of conducting maintenance is relevant.,Minimizing maintenance cost is desirable.,minimize,\(\mathit{MainC(g)\),\(\sum _{c \in g} \mathit{MainC(c)\),\(\sum _{c \in g} \mathit{MainC(c)\),\(\mathit{MainC(c)\) returns the maintenance cost for case \(c\). \\
190,,missed-deadline-cost-case-granularity-c-c,Missed Deadline Cost (case granularity),1,2,Cost for missing deadlines associated with a case.,Process where missing a deadline incurs in additional costs.,Minimizing missed deadline cost is desirable.,minimize,\(\mathit{MDC(c)\),\(#^{}_{\mathit{mdc}(c)\),\(#^{}_{\mathit{mdc}(c)\),\(#^{}_{\mathit{mdc}\) returns the missed deadline cost associated with case \(c\). \\
191,,missed-deadline-cost-group-of-cases-granularity-c-g,Missed Deadline Cost (group of cases granularity),1,3,Cost for missing deadlines associated with all cases in a group of cases.,Process where missing a deadline incurs in additional costs.,Minimizing missed deadline cost is desirable.,minimize,\(\mathit{MDC(g)\),\(\sum _{c \in g} \mathit{MDC(c)\),\(\sum _{c \in g} \mathit{MDC(c)\),\(\mathit{MDC(c)\) returns the missed deadline cost for case \(c\). \\
192,,non-automated-activity-count-case-granularity-q-c,Non-Automated Activity count (case granularity),4,2,Number of non-automated activities that occur in a case.,Event log that contains automated activities.,"Non-automated activities are prone to errors, which reduces the quality of the process.",minimize,\(\mathit{NAutA(c)\),\(|\mathit{act(c) \backslash \mathit{Autl|\),"\(\displaystyle \sum_{a \in \mathit{act(c)}
\begin{cases}
1 & \text{if } a \notin \mathit{Autl \\
0 & \text{otherwise}
\end{cases}
\)","\(\mathit{act(c)\) returns the set of activities that occurred in case \(c\).
\newline \(\mathit{Autl\) returns the set of automated activities. \\"
193,,non-automated-activity-count-group-of-cases-granularity-q-g,Non-Automated Activity count (group of cases granularity),4,3,Number of non-automated activities that occur in a group of cases.,Event log that contains automated activities.,"Non-automated activities are prone to errors, which reduces the quality of the process.",minimize,\(\mathit{NAutA(g)\),\(|(\cup _{c \in g} \mathit{act(c)) \backslash \mathit{Autl|\),"\(\displaystyle \sum_{a \in (\cup _{c \in g} \mathit{act(c))}
\begin{cases}
1 & \text{if } a \notin \mathit{Autl \\
0 & \text{otherwise}
\end{cases}
\)","\(\mathit{act(c)\) returns the set of activities that occurred in case \(c\).
\newline \(\mathit{Autl\) returns the set of automated activities. \\"
194,,non-automated-activity-instance-count-case-granularity-q-c,Non-Automated activity Instance count (case granularity),4,2,Number of times that a non-automated activity is instantiated in a case.,Event log that contains automated activities.,"Non-automated activities are prone to errors, which reduces the quality of the process.",minimize,\(\mathit{NAutI(c)\),\(|\{i \in \mathit{inst(c) \mid \mathit{act(i) \notin \mathit{Autl\}|\),"\(\displaystyle \sum_{i \in \mathit{inst(c)}
\begin{cases}
1 & \text{if } \mathit{act(i) \notin \mathit{Autl \\
0 & \text{otherwise}
\end{cases}
\)","\(\mathit{inst(c)\) returns the set of all activity instances in case \(c\).
\newline \(\mathit{act(i)\) returns the activity of activity instance \(i\).
\newline \(\mathit{Autl\) returns the set of automated activities. \\"
195,,non-automated-activity-instance-count-group-of-cases-granularity-q-g,Non-Automated activity Instance count (group of cases granularity),4,3,Number of times that a non-automated activity is instantiated in a group of cases.,Event log that contains automated activities.,"Non-automated activities are prone to errors, which reduces the quality of the process.",minimize,\(\mathit{NAutI(g)\),\(\sum _{c \in g} \mathit{NAutI(c)\),\(\sum _{c \in g} \mathit{NAutI(c)\),\(\mathit{NAutI(c)\) returns the non-automated activity instance count for case \(c\). \\
196,,optional-activity-count-case-granularity-f-c,Optional Activity count (case granularity),2,2,Number of optional activities that are instantiated in a case. \newline An activity is considered optional if there is at least one case in the event log where it does not occur.,fProcess with multiple activities that are not instantiated in every case.,"A greater number of optional activities is desired, as it implies a greater capability to address unexpected situations.",maximize,\(\mathit{OptA(c)\),\(|\{a \in \mathit{act(c) \mid \exists c' \in C[a \notin \mathit{act(c')]\}|\),"\(\displaystyle \sum_{a \in \mathit{act(c)}
\begin{cases}
1 & \text{if } a \in \mathit{opt(C) \\
0 & \text{otherwise}
\end{cases}
\)","\(\mathit{act(c)\) returns the set of activities that occurred in case \(c\).
\newline \(\mathit{opt(C)\) returns the set of optional activities in the event log \(C\). \\"
197,,optional-activity-count-group-of-cases-granularity-f-g,Optional Activity count (group of cases granularity),2,3,Number of optional activities that are instantiated in a group of cases. \newline An activity is considered optional if there is at least one case in the event log where it does not occur.,Process with multiple activities that are not instantiated in every case.,"A greater number of optional activities is desired, as it implies a greater capability to address unexpected situations.",maximize,\(\mathit{OptA(g)\),\(|\{a \in \mathit{act(c) \mid c \in g \land \exists c' \in C[a \notin \mathit{act(c')]\}|\),"\(\displaystyle \sum_{a \in \mathit{act(g)}
\begin{cases}
1 & \text{if } a \in \mathit{opt(C) \\
0 & \text{otherwise}
\end{cases}
\)","\(\mathit{act(c)\) returns the set of activities that occurred in case \(c\).
\newline \(\mathit{opt(C)\) returns the set of optional activities in the event log \(C\). \\"
198,,optionality-case-granularity-f-c,Optionality (case granularity),2,2,"Ratio between the number of optional activities that are instantiated in a case, and the number of activities that occur in a case. \newline An activity is considered optional if there is at least one case in the event log where it does not occur.",Process with multiple activities that are not instantiated in every case.,"A greater number of optional activities is desired, as it implies a greater capability to address unexpected situations.",maximize,\(\mathit{Opt(c)\),\(\frac{\mathit{OptA(c)}{\mathit{A(c)}\),\(\frac{\mathit{OptA(c)}{\mathit{A(c)}\),"\(\mathit{OptA(c)\) returns the optional activity count for case \(c\).
\newline \(\mathit{A(c)\) returns the number of unique activities in case \(c\). \\"
199,,optionality-group-of-cases-granularity-f-g,Optionality (group of cases granularity),2,3,"Ratio between the number of optional activities that are instantiated in a group of cases, and the number of activities that occur in a group of cases. \newline An activity is considered optional if there is at least one case in the event log where it does not occur.",Process with multiple activities that are not instantiated in every case.,"A greater number of optional activities is desired, as it implies a greater capability to address unexpected situations.",maximize,\(\mathit{Opt(g)\),\(\frac{\mathit{OptA(g)}{\mathit{A(g)}\),\(\frac{\mathit{OptA(g)}{\mathit{A(g)}\),"\(\mathit{OptA(g)\) returns the optional activity count for group \(g\).
\newline \(\mathit{A(g)\) returns the number of unique activities in group \(g\). \\"
200,,outcome-unit-count-activity-granularity-q-a,outcome Unit count (activity granularity),4,1,Outcome units associated with all instantiations of an activity in the event log.,Process where the outcome of activity instances can be measured.,Maximizing outcome unit count is desirable.,maximize,"\(\mathit{U\mathit{^{\times(a)\)
\newline \newline \(\mathit{\times \in \{\mathit{sgl, \mathit{sum\}\)","\(\sum _{i \in \mathit{inst(a)} \mathit{U\mathit{^{\times(i)\)
\newline \newline The $\mathit{\times$ indicates that the PPI can take multiple forms, in this case, $\mathit{\times \in \{\mathit{sgl, \mathit{sum\}$. If $\mathit{\times = \mathit{sgl$, then the function considers single events of activity instances for outcome unit calculations, i.e., it uses $\mathit{U\mathit{^{sgl$; if $\mathit{\times = \mathit{sum$, then the function considers the sum of all events of activity instances for outcome unit calculations, i.e., it uses $\mathit{U\mathit{^{sum$.",\(\sum _{i \in \mathit{inst(a)} \mathit{U(i)\),"\(\mathit{inst(a)\) returns the set of all instances of activity \(a\).
\newline \(\mathit{U(i)\) returns the outcome unit count of activity instance \(i\). \\"
201,,outcome-unit-count-case-granularity-q-c,outcome Unit count (case granularity),4,2,Outcome units associated with all activity instances in a case.,Process where the outcome of activity instances can be measured.,Maximizing outcome unit count is desirable.,maximize,"\(\mathit{U\mathit{^{\times(c)\)
\newline \newline \(\mathit{\times \in \{\mathit{sgl, \mathit{sum\}\)","\(\sum _{e \in \mathit{inst(c)} \mathit{U\mathit{^{\times(i)\)
\newline \newline The $\mathit{\times$ indicates that the PPI can take multiple forms, in this case, $\mathit{\times \in \{\mathit{sgl, \mathit{sum\}$. If $\mathit{\times = \mathit{sgl$, then the function considers single events of activity instances for outcome unit calculations, i.e., it uses $\mathit{U\mathit{^{sgl$; if $\mathit{\times = \mathit{sum$, then the function considers the sum of all events of activity instances for outcome unit calculations, i.e., it uses $\mathit{U\mathit{^{sum$.",\(\sum _{i \in \mathit{inst(c)} \mathit{U(i)\),"\(\mathit{inst(c)\) returns the set of all activity instances in case \(c\).
\newline \(\mathit{U(i)\) returns the outcome unit count of activity instance \(i\). \\"
202,,outcome-unit-count-group-of-cases-granularity-q-g,outcome Unit count (group of cases granularity),4,3,Outcome units associated with all activity instances in a group of cases.,Process where the outcome of activity instances can be measured.,Maximizing outcome unit count is desirable.,maximize,"\(\mathit{U\mathit{^{\times(g)\)
\newline \newline \(\mathit{\times \in \{\mathit{sgl, \mathit{sum\}\)","\(\sum _{c \in g} \mathit{U\mathit{^{\times(c)\)
\newline \newline The $\mathit{\times$ indicates that the PPI can take multiple forms, in this case, $\mathit{\times \in \{\mathit{sgl, \mathit{sum\}$. If $\mathit{\times = \mathit{sgl$, then the function considers single events of activity instances for outcome unit calculations, i.e., it uses $\mathit{U\mathit{^{sgl$; if $\mathit{\times = \mathit{sum$, then the function considers the sum of all events of activity instances for outcome unit calculations, i.e., it uses $\mathit{U\mathit{^{sum$.",\(\sum _{c \in g} \mathit{U(c)\),\(\mathit{U(c)\) returns the outcome unit count of case \(c\). \\
203,,outcome-unit-count-considering-single-events-of-activity-instances-activity-instance-granularity-q-i,outcome Unit count considering single events of activity instances (activity instance granularity),4,4,"Outcome units associated with an activity instance, measured as the latest recorded value among the events of the activity instance.",Process where the outcome of activity instances can be measured.,Maximizing outcome unit count is desirable.,maximize,\(\mathit{U\mathit{^{sgl(i)\),"\(\begin{cases}
#^{}_{\mathit{unt}(\mathit{cpl(i)) & \mathit{if \  #^{}_{\mathit{unt}(\mathit{cpl(i)) \neq \bot","\(\begin{cases}
#^{}_{\mathit{unt}(\mathit{cpl(i)) & \mathit{if \  #^{}_{\mathit{unt}(\mathit{cpl(i)) \neq undefined \\
#^{}_{\mathit{unt}(\mathit{str(i)) & \mathit{if \  #^{}_{\mathit{unt}(\mathit{cpl(i)) = undefined \land #^{}_{\mathit{unt}(\mathit{str(i)) \neq undefined \\
undefined & \mathit{if \  #^{}_{\mathit{unt}(\mathit{cpl(i)) = undefined \land #^{}_{\mathit{unt}(\mathit{str(i)) = undefined \\
\end{cases}\)","\(#^{}_{\mathit{unt}\) returns the outcome unit count associated with an event.
\newline \(\mathit{cpl(i)\) returns the completion event of activity instance \(i\).
\newline \(\mathit{str(i)\) returns the start event of activity instance \(i\). \\"
204,,outcome-unit-count-considering-the-sum-of-all-events-of-activity-instances-activity-instance-granularity-q-i,outcome Unit count considering the sum of all events of activity instances (activity instance granularity),4,4,"Outcome units associated with an activity instance, measured as the sum of all values among the events of the activity instance.",Process where the outcome of activity instances can be measured.,Maximizing outcome unit count is desirable.,maximize,\(\mathit{U\mathit{^{sum(i)\),"\(\begin{cases}
#^{}_{\mathit{unt}(\mathit{str(i)) + & \mathit{if \  #^{}_{\mathit{unt}(\mathit{cpl(i)) \neq \bot \land \\ #^{}_{\mathit{unt}(\mathit{cpl(i)) & #^{}_{\mathit{unt}(\mathit{str(i)) \neq \bot","\(\begin{cases}
#^{}_{\mathit{unt}(\mathit{str(i)) + #^{}_{\mathit{unt}(\mathit{cpl(i)) & \mathit{if \  #^{}_{\mathit{unt}(\mathit{cpl(i)) \neq undefined \land \\ & #^{}_{\mathit{unt}(\mathit{str(i)) \neq undefined \\
undefined & \mathit{if \  #^{}_{\mathit{unt}(\ \mathit{cpl(i)) = undefined \lor #^{}_{\mathit{unt}(\mathit{str(i)) = undefined \\
\end{cases}\)","\(#^{}_{\mathit{unt}\) returns the outcome unit count associated with an event.
\newline \(\mathit{str(i)\) returns the start event of activity instance \(i\).
\newline \(\mathit{cpl(i)\) returns the completion event of activity instance \(i\). \\"
205,,overall-quality-case-granularity-q-c,Overall Quality (case granularity),4,2,Overall quality associated with the outcome of a case.,"Event log contains information that allows measuring overall quality, such as customer satisfaction or a quantifier of the outcome of the process.",Maximizing the quality of the process is desirable.,maximize,\(\mathit{OQ(c)\),\(#^{}_{\mathit{qual}(c)\),\(#^{}_{\mathit{qual}(c)\),\(#^{}_{\mathit{qual}\) returns the overall quality associated with case \(c\). \\
206,,overhead-cost-case-granularity-c-c,Overhead Cost (case granularity),1,2,Total cost associated with all instantiations of activities that do not have a direct effect on the outcome of a case.,Event log in which activities can be categorized based on whether they directly contribute to the outcome of the process or not.,Minimizing total cost is desirable.,minimize,"\(\mathit{OC\mathit{^{\times(c)\) 
\newline \newline \(\mathit{\times \in \{\mathit{sgl, \mathit{sum\}\)","\(\sum _{i \in \mathit{inst(c), \mathit{act(i) \notin \mathit{DCl} \mathit{TC\mathit{^{\times(i)\)
\newline \newline The $\mathit{\times$ indicates that the PPI can take multiple forms, in this case, $\mathit{\times \in \{\mathit{sgl, \mathit{sum\}$. If $\mathit{\times = \mathit{sgl$, then the function considers single events of activity instances for cost calculations, i.e., it uses $\mathit{TC\mathit{^{sgl$; if $\mathit{\times = \mathit{sum$, then the function considers the sum of all events of activity instances for cost calculations, i.e., it uses $\mathit{TC\mathit{^{sum$.","\(\sum _{i \in \mathit{inst(c), \mathit{act(i) \notin \mathit{DCl} \mathit{TC(i)\)","\(\mathit{inst(c)\) returns the set of all activity instances in case \(c\).
\newline \(\mathit{act(i)\) returns the activity of activity instance \(i\).
\newline \(\mathit{DCl\) returns the set of direct cost activities.
\newline \(\mathit{TC(i)\) returns the total cost of activity instance \(i\). \\"
207,,overhead-cost-group-of-cases-granularity-c-g,Overhead Cost (group of cases granularity),1,3,Total cost associated with all instantiations of activities that do not have a direct effect on the outcome of cases in a group of cases.,Event log in which activities can be categorized based on whether they directly contribute to the outcome of the process or not.,Minimizing total cost is desirable.,minimize,"\(\mathit{OC\mathit{^{\times(g)\) 
\newline \newline \(\mathit{\times \in \{\mathit{sgl, \mathit{sum\}\)","\(\sum _{c \in g} \mathit{OC\mathit{^{\times(c)\)
\newline \newline The $\mathit{\times$ indicates that the PPI can take multiple forms, in this case, $\mathit{\times \in \{\mathit{sgl, \mathit{sum\}$. If $\mathit{\times = \mathit{sgl$, then the function considers single events of activity instances for cost calculations, i.e., it uses $\mathit{OC\mathit{^{sgl$; if $\mathit{\times = \mathit{sum$, then the function considers the sum of all events of activity instances for cost calculations, i.e., it uses $\mathit{OC\mathit{^{sum$.",\(\sum _{c \in g} \mathit{OC(c)\),\(\mathit{OC(c)\) returns the overhead cost for case \(c\). \\
208,,repeatability-case-granularity-q-c,Repeatability (case granularity),4,2,"One minus the ratio between the number of activities that occur in a case, and the number of times that an activity is instantiated in a case.",Process where activity repetition is common.,It is desirable not to repeat activities.,minimize,\(\mathit{Rep(c)\),\(1 - \frac{\mathit{A(c)}{\mathit{I(c)}\),\(1 - \frac{\mathit{A(c)}{\mathit{I(c)}\),"\(\mathit{A(c)\) returns the number of unique activities in case \(c\).
\newline \(\mathit{I(c)\) returns the total number of activity instances in case \(c\). \\"
209,,repeatability-group-of-cases-granularity-q-g,Repeatability (group of cases granularity),4,3,"One minus the ratio between the number of activities that occur in a group of cases, and the number of times that an activity is instantiated in a group of cases.",Process where activity repetition is common.,It is desirable not to repeat activities.,minimize,\(\mathit{Rep(g)\),\(1 - \frac{\mathit{A(g)}{\mathit{I(g)}\),\(1 - \frac{\mathit{A(g)}{\mathit{I(g)}\),"\(\mathit{A(g)\) returns the number of unique activities in group \(g\).
\newline \(\mathit{I(g)\) returns the total number of activity instances in group \(g\). \\"
210,,resource-count-activity-granularity-c-a,Resource count (activity granularity),1,1,Number of resources that are involved in the execution of an activity in the event log.,"If the event log does not contain cost information, Resource count can be used as a proxy for the cost performance of an activity.",Minimizing the number of resources involved is desirable.,minimize,\(\mathit{R(a)\),\(|\mathit{res(a)|\),\(\mathit{count(\mathit{res(a))\),$\mathit{res(a)$ returns the set of resources used for activity $a$ in the event log. \\
211,,resource-count-case-granularity-c-c,Resource count (case granularity),1,2,Number of resources that are involved in the execution of a case.,"If the event log does not contain cost information, Resource count can be used as a proxy for the cost performance of a case.",Minimizing the number of resources involved is desirable.,minimize,\(\mathit{R(c)\),\(|\mathit{res(c)|\),\(\mathit{count(\mathit{res(c))\),$\mathit{res(c)$ returns the set of resources used in case $c$. \\
212,,resource-count-group-of-cases-granularity-c-g,Resource count (group of cases granularity),1,3,Number of resources that are involved in the execution of a group of cases.,"If the event log does not contain cost information, Resource count can be used as a proxy for the cost performance of a group of cases.",Minimizing the number of resources involved is desirable.,minimize,\(\mathit{R(g)\),\(|\cup_{c \in g} \mathit{res(c)|\),\(\mathit{count(\cup_{c \in g} \mathit{res(c))\),\(\mathit{res(c)\) returns the set of unique resources involved in case \(c\). \\
213,,resource-count-activity-granularity-g-a,Resource count (activity granularity),3,1,Number of resources that are involved in the execution of an activity in the event log.,Calculation of several other PPIs.,,,\(\mathit{R(a)\),\(|\mathit{res(a)|\),\(\mathit{count(\mathit{res(a))\),$\mathit{res(a)$ returns the set of resources used for activity $a$ in the event log. \\
214,,resource-count-case-granularity-g-c,Resource count (case granularity),3,2,Number of resources that are involved in the execution of a case.,Calculation of several other PPIs.,,,\(\mathit{R(c)\),\(|\mathit{res(c)|\),\(\mathit{count(\mathit{res(c))\),$\mathit{res(c)$ returns the set of resources used in case $c$. \\
215,,resource-count-group-of-cases-granularity-g-g,Resource count (group of cases granularity),3,3,Number of resources that are involved in the execution of a group of cases.,Calculation of several other PPIs.,,,\(\mathit{R(g)\),\(|\cup_{c \in g} \mathit{res(c)|\),\(\mathit{count(\mathit{res(g))\),$\mathit{res(g)$ returns the set of resources used in group of cases $g$. \\
216,,rework-cost-activity-granularity-c-a,Rework Cost (activity granularity),1,1,"Total cost of all times that an activity is instantiated again, after its first instantiation, in any case of the event log.",Event log that contains cost information where measuring rework is of relevance.,Minimizing the cost of rework is desirable.,minimize,"\(\mathit{RC\mathit{^{\times(a)\)
\newline \newline \(\mathit{\times \in \{\mathit{sgl, \mathit{sum\}\)","\(\mathit{TC(a) - \sum _{c \in C} \mathit{fitc\mathit{^{\times(c, a)\)
\newline \newline The $\mathit{\times$ indicates that the PPI can take multiple forms, in this case, $\mathit{\times \in \{\mathit{sgl, \mathit{sum\}$. If $\mathit{\times = \mathit{sgl$, then the function considers single events of activity instances for cost calculations, i.e., it uses $\mathit{fitc\mathit{^{sgl$; if $\mathit{\times = \mathit{sum$, then the function considers the sum of all events of activity instances for cost calculations, i.e., it uses $\mathit{fitc\mathit{^{sum$.","\(\mathit{TC(a) - \sum _{c \in C} \mathit{fitc(c, a)\)","\(\mathit{TC(a)\) returns the total cost of activity \(a\).
\newline \(\mathit{fitc\) returns the cost of the first instance of activity \(a\) in case \(c\). \\"
217,,rework-cost-case-granularity-c-c,Rework Cost (case granularity),1,2,"Total cost of all times that any activity is instantiated again, after its first instantiation, in a case.",Event log that contains cost information where measuring rework is of relevance.,Minimizing the cost of rework is desirable.,minimize,"\(\mathit{RC\mathit{^{\times(c)\)
\newline \newline \(\mathit{\times \in \{\mathit{sgl, \mathit{sum\}\)","\(\mathit{TC(c) - \sum _{a \in A} \mathit{fitc\mathit{^{\times(c, a)\)
\newline \newline The $\mathit{\times$ indicates that the PPI can take multiple forms, in this case, $\mathit{\times \in \{\mathit{sgl, \mathit{sum\}$. If $\mathit{\times = \mathit{sgl$, then the function considers single events of activity instances for cost calculations, i.e., it uses $\mathit{fitc\mathit{^{sgl$; if $\mathit{\times = \mathit{sum$, then the function considers the sum of all events of activity instances for cost calculations, i.e., it uses $\mathit{fitc\mathit{^{sum$.","\(\mathit{TC(c) - \sum _{a \in A} \mathit{fitc(c, a)\)","\(\mathit{TC(c)\) returns the total cost of case \(c\).
\newline \(\mathit{fitc\) returns the cost of the first instance of activity \(a\) in case \(c\). \\"
218,,rework-cost-group-of-cases-granularity-c-g,Rework Cost (group of cases granularity),1,3,"Sum of total cost of all times that any activity is instantiated again, after its first instantiation, in every case of a group of cases.",Event log that contains cost information where measuring rework is of relevance.,Minimizing the cost of rework is desirable.,minimize,"\(\mathit{RC\mathit{^{\times(g)\)
\newline \newline \(\mathit{\times \in \{\mathit{sgl, \mathit{sum\}\)","\(\sum _{c \in g} \mathit{RC\mathit{^{\times(c)\)
\newline \newline The $\mathit{\times$ indicates that the PPI can take multiple forms, in this case, $\mathit{\times \in \{\mathit{sgl, \mathit{sum\}$. If $\mathit{\times = \mathit{sgl$, then the function considers single events of activity instances for cost calculations, i.e., it uses $\mathit{RC\mathit{^{sgl$; if $\mathit{\times = \mathit{sum$, then the function considers the sum of all events of activity instances for cost calculations, i.e., it uses $\mathit{RC\mathit{^{sum$.",\(\sum _{c \in g} \mathit{RC(c)\),\(\mathit{RC(c)\) returns the rework cost for case \(c\). \\
219,,rework-count-activity-granularity-c-a,Rework Count (activity granularity),1,1,"Number of times that an activity is instantiated again, after its first instantiation, in any case of the event log.","If the event log does not contain cost information, Rework Count can be used as a proxy for the cost performance of an activity.",Minimizing rework is desirable.,minimize,\(\mathit{RewC(a)\),"\(\sum _{c \in C} \mathit{max(0, \mathit{count(c, a) - 1)\)","\(\sum _{c \in C} \mathit{max(0, \mathit{count(c, a) - 1)\)","\(\mathit{count(c, a)\) returns the number of instances of activity \(a\) in case \(c\). \\"
220,,rework-count-case-granularity-c-c,Rework Count (case granularity),1,2,"Number of times that any activity is instantiated again, after its first instantiation, in a case.","If the event log does not contain cost information, Rework Count can be used as a proxy for the cost performance of a case.",Minimizing rework is desirable.,minimize,\(\mathit{RewC(c)\),"\(\sum _{a \in A} \mathit{max(0, \mathit{count(c, a) - 1)\)","\(\sum _{a \in A} \mathit{max(0, \mathit{count(c, a) - 1)\)","\(\mathit{count(c, a)\) returns the number of instances of activity \(a\) in case \(c\). \\"
221,,rework-count-group-of-cases-granularity-c-g,Rework Count (group of cases granularity),1,3,"Number of times that any activity is instantiated again, after its first instantiation, in every case of a group of cases.","If the event log does not contain cost information, Rework Count can be used as a proxy for the cost performance of a group of cases.",Minimizing rework is desirable.,minimize,\(\mathit{RewC(g)\),\(\sum _{c \in g} \mathit{RewC(c)\),\(\sum _{c \in g} \mathit{RewC(c)\),\(\mathit{RewC(c)\) returns the rework count for case \(c\). \\
222,,rework-count-activity-granularity-q-a,Rework Count (activity granularity),4,1,"Number of times that an activity is instantiated again, after its first instantiation, in any case of the event log.",Process where rework recurrently occurs.,Minimizing rework is desirable.,minimize,\(\mathit{RewC(a)\),"\(\sum _{c \in C} \mathit{max(0, \mathit{count(c, a) - 1)\)","\(\sum _{c \in C} \mathit{max(0, \mathit{count(c, a) - 1)\)","\(\mathit{count(c, a)\) returns the number of instances of activity \(a\) in case \(c\). \\"
223,,rework-count-case-granularity-q-c,Rework Count (case granularity),4,2,"Number of times that any activity is instantiated again, after its first instantiation, in a case.",Process where rework recurrently occurs.,Minimizing rework is desirable.,minimize,\(\mathit{RewC(c)\),"\(\sum _{a \in A} \mathit{max(0, \mathit{count(c, a) - 1)\)","\(\sum _{a \in A} \mathit{max(0, \mathit{count(c, a) - 1)\)","\(\mathit{count(c, a)\) returns the number of instances of activity \(a\) in case \(c\). \\"
224,,rework-count-group-of-cases-granularity-q-g,Rework Count (group of cases granularity),4,3,"Sum of the number of times that any activity is instantiated again, after its first instantiation, in every case of a group of cases.",Process where rework recurrently occurs.,Minimizing rework is desirable.,minimize,\(\mathit{RewC(g)\),\(\sum _{c \in g} \mathit{RewC(c)\),\(\sum _{c \in g} \mathit{RewC(c)\),\(\mathit{RewC(c)\) returns the rework count for case \(c\). \\
225,,rework-count-by-value-activity-granularity-q-a,Rework Count by Value (activity granularity),4,1,"Number of times that an activity is instantiated again, after it is instantiated a certain number of times, in any case of the event log.",Process where rework recurrently occurs.,Minimizing rework is desirable.,minimize,"\(\mathit{RewCV(a, \mathit{val)\)","\(\sum _{c \in C} \mathit{max(0, \mathit{count(c, a) - \mathit{val)\)","\(\sum _{c \in C} \mathit{max(0, \mathit{count(c, a) - \mathit{val)\)","\(\mathit{count(c, a)\) returns the number of instances of activity \(a\) in case \(c\). \\"
226,,rework-count-by-value-case-granularity-q-c,Rework Count by Value (case granularity),4,2,"Number of times that any activity is instantiated again, after it is instantiated a certain number of times, in a case.",Process where rework recurrently occurs.,Minimizing rework is desirable.,minimize,"\(\mathit{RewCV(c, \mathit{val)\)","\(\sum _{a \in A} \mathit{max(0, \mathit{count(c, a) - \mathit{val)\)","\(\sum _{a \in A} \mathit{max(0, \mathit{count(c, a) - \mathit{val)\)","\(\mathit{count(c, a)\) returns the number of instances of activity \(a\) in case \(c\). \\"
227,,rework-count-by-value-group-of-cases-granularity-q-g,Rework Count by Value (group of cases granularity),4,3,"Number of times that any activity is instantiated again, after it is instantiated a certain number of times, in every case of a group of cases.",Process where rework recurrently occurs.,Minimizing rework is desirable.,minimize,"\(\mathit{RewCV(g, \mathit{val)\)","\(\sum _{c \in g} \mathit{RewCV(c, \mathit{val)\)","\(\sum _{c \in g} \mathit{RewCV(c, \mathit{val)\)","\(\mathit{RewCV(c, \mathit{val)\) returns the rework count by value \(\mathit{val\) for case \(c\). \\"
228,,rework-of-activities-subset-case-granularity-q-c,Rework of activities Subset (case granularity),4,2,"Number of times that any activity belonging to a subset of activities is instantiated again, after its first instantiation, in a case.","Process where rework occurs recurrently, but only the rework of some activities is of interest.",Minimizing rework is desirable.,minimize,"\(\mathit{RewSub(c, \mathit{sub)\)","\(\sum _{a \in \mathit{sub} \mathit{max(0, \mathit{count(c, a) - 1)\)","\(\sum _{a \in \mathit{sub} \mathit{max(0, \mathit{count(c, a) - 1)\)","\(\mathit{count(c, a)\) returns the number of instances of activity \(a\) in case \(c\). \\"
229,,rework-of-activities-subset-group-of-cases-granularity-q-g,Rework of activities Subset (group of cases granularity),4,3,"Number of times that any activity belonging to a subset of activities is instantiated again, after its first instantiation, in all case of a group of cases.","Process where rework occurs recurrently, but only the rework of some activities is of interest.",Minimizing rework is desirable.,minimize,"\(\mathit{RewSub(g, \mathit{sub)\)","\(\sum _{c \in g} \mathit{RewSub(c, \mathit{sub)\)","\(\sum _{c \in g} \mathit{RewSub(c, \mathit{sub)\)","\(\mathit{RewSub(c, \mathit{sub)\) returns the rework count for subset \(\mathit{sub\) in case \(c\). \\"
230,,rework-percentage-activity-granularity-c-a,Rework Percentage (activity granularity),1,1,"Percentage of times that an activity is instantiated again, after its first instantiation, in any case of the event log.","If the event log does not contain cost information, Rework Percentage can be used as a proxy for the cost performance of an activity.",Minimizing rework is desirable.,minimize,\(\mathit{RewP(a)\),\(\frac{\mathit{RewC(a)}{\mathit{I(a)}\),\(\frac{\mathit{RewC(a)}{\mathit{I(a)}\),"\(\mathit{RewC(a)\) returns the rework count for activity \(a\).
\newline \(\mathit{I(a)\) returns the number of instances of activity \(a\). \\"
231,,rework-percentage-case-granularity-c-c,Rework Percentage (case granularity),1,2,"Percentage of times that any activity is instantiated again, after its first instantiation, in a case.","If the event log does not contain cost information, Rework Percentage can be used as a proxy for the cost performance of a case.",Minimizing rework is desirable.,minimize,\(\mathit{RewP(c)\),\(\frac{\mathit{RewC(c)}{\mathit{I(c)}\),\(\frac{\mathit{RewC(c)}{\mathit{I(c)}\),"\(\mathit{RewC(c)\) returns the rework count for case \(c\).
\newline \(\mathit{I(c)\) returns the total number of activity instances in case \(c\). \\"
232,,rework-percentage-group-of-cases-granularity-c-g,Rework Percentage (group of cases granularity),1,3,"Percentage of times that any activity is instantiated again, after its first instantiation, in every case of a group of cases.","If the event log does not contain cost information, Rework Percentage can be used as a proxy for the cost performance of a group of cases.",Minimizing rework is desirable.,minimize,\(\mathit{RewP(g)\),\(\frac{\mathit{RewC(g)}{\mathit{I(g)}\),\(\frac{\mathit{RewC(g)}{\mathit{I(g)}\),"\(\mathit{RewC(g)\) returns the rework count for group \(g\).
\newline \(\mathit{I(g)\) returns the total number of activity instances in group \(g\). \\"
233,,rework-percentage-activity-granularity-q-a,Rework Percentage (activity granularity),4,1,"Percentage of times that an activity is instantiated again, after its first instantiation, in any case of the event log.",Process where rework occurs recurrently.,Minimizing rework is desirable.,minimize,\(\mathit{RewP(a)\),\(\frac{\mathit{RewC(a)}{\mathit{I(a)}\),\(\frac{\mathit{RewC(a)}{\mathit{I(a)}\),"\(\mathit{RewC(a)\) returns the rework count for activity \(a\).
\newline \(\mathit{I(a)\) returns the total number of instances of activity \(a\). \\"
234,,rework-percentage-case-granularity-q-c,Rework Percentage (case granularity),4,2,"Percentage of times that any activity is instantiated again, after its first instantiation, in a case.",Process where rework occurs recurrently.,Minimizing rework is desirable.,minimize,\(\mathit{RewP(c)\),\(\frac{\mathit{RewC(c)}{\mathit{I(c)}\),\(\frac{\mathit{RewC(c)}{\mathit{I(c)}\),"\(\mathit{RewC(c)\) returns the rework count for case \(c\).
\newline \(\mathit{I(c)\) returns the total number of activity instances in case \(c\). \\"
235,,rework-percentage-group-of-cases-granularity-q-g,Rework Percentage (group of cases granularity),4,3,"Percentage of times that any activity is instantiated again, after its first instantiation, in every case of a group of cases.",Process where rework occurs recurrently.,Minimizing rework is desirable.,minimize,\(\mathit{RewP(g)\),\(\frac{\mathit{RewC(g)}{\mathit{I(g)}\),\(\frac{\mathit{RewC(g)}{\mathit{I(g)}\),"\(\mathit{RewC(g)\) returns the total rework count for group \(g\).
\newline \(\mathit{I(g)\) returns the total number of activity instances in group \(g\). \\"
236,,rework-percentage-by-value-activity-granularity-q-a,Rework Percentage by Value (activity granularity),4,1,"Percentage of times that an activity is instantiated again, after it is instantiated a certain number of times, in any case in the event log.",Process where rework occurs recurrently.,Minimizing rework is desirable.,minimize,"\(\mathit{RewPV(a, \mathit{val)\)","\(\frac{\mathit{RewCV(a, \mathit{val)}{\mathit{I(a)}\)","\(\frac{\mathit{RewCV(a, \mathit{val)}{\mathit{I(a)}\)","\(\mathit{RewCV(a, \mathit{val)\) returns the rework count by value \(\mathit{val\) for activity \(a\).
\newline \(\mathit{I(a)\) returns the total number of instances of activity \(a\). \\"
237,,rework-percentage-by-value-case-granularity-q-c,Rework Percentage by Value (case granularity),4,2,"Percentage of times that any activity is instantiated again, after it is instantiated a certain number of times, in a case.",Process where rework occurs recurrently.,Minimizing rework is desirable.,minimize,"\(\mathit{RewPV(c, \mathit{val)\)","\(\frac{\mathit{RewCV(c, \mathit{val)}{\mathit{I(c)}\)","\(\frac{\mathit{RewCV(c, \mathit{val)}{\mathit{I(c)}\)","\(\mathit{RewCV(c, \mathit{val)\) returns the rework count by value \(\mathit{val\) for case \(c\).
\newline \(\mathit{I(c)\) returns the total number of activity instances in case \(c\). \\"
238,,rework-percentage-by-value-group-of-cases-granularity-q-g,Rework Percentage by Value (group of cases granularity),4,3,"Percentage of times that any activity is instantiated again, after it is instantiated a certain number of times, in every case of a group of cases.",Process where rework occurs recurrently.,Minimizing rework is desirable.,minimize,"\(\mathit{RewPV(g, \mathit{val)\)","\(\frac{\mathit{RewCV(g, \mathit{val)}{\mathit{I(g)}\)","\(\frac{\mathit{RewCV(g, \mathit{val)}{\mathit{I(g)}\)","\(\mathit{RewCV(g, \mathit{val)\) returns the rework count by value \(\mathit{val\) for group \(g\).
\newline \(\mathit{I(g)\) returns the total number of activity instances in group \(g\). \\"
239,,rework-time-activity-granularity-q-a,Rework Time (activity granularity),4,1,"Sum of the elapsed time for all times an activity is instantiated again, after its first instantiation, in any case in the event log.",Process where measuring the time spent on rework activities is of relevance.,Minimizing the time spent on reworking is desirable.,minimize,\(\mathit{RT(a)\),"\(\mathit{LT(a) - \sum _{c \in C} \mathit{filt(c, a)\)","\(\mathit{LT(a) - \sum _{c \in C} \mathit{filt(c, a)\)","\(\mathit{LT(a)\) returns the total lead time of activity \(a\).
\newline \(\mathit{filt(c, a)\) returns the lead time of the first instance of activity \(a\) in case \(c\). \\"
240,,rework-time-case-granularity-q-c,Rework Time (case granularity),4,2,"Sum of the elapsed time for all times that any activity is instantiated again, after its first instantiation, in a case.",Process where measuring the time spent on rework activities is of relevance.,Minimizing the time spent on reworking is desirable.,minimize,\(\mathit{RT(c)\),"\(\mathit{LT(c) - \sum _{a \in A} \mathit{filt(c, a)\)","\(\mathit{LT(c) - \sum _{a \in A} \mathit{filt(c, a)\)","\(\mathit{LT(c)\) returns the total lead time of case \(c\).
\newline \(\mathit{filt(c, a)\) returns the lead time of the first instance of activity \(a\) in case \(c\). \\"
241,,rework-time-group-of-cases-granularity-q-g,Rework Time (group of cases granularity),4,3,"Sum of the elapsed time for all times that any activity is instantiated again, after its first instantiation, in every case of a group of cases.",Process where measuring the time spent on rework activities is of relevance.,Minimizing the time spent on reworking is desirable.,minimize,\(\mathit{RT(g)\),\(\sum _{c \in g} \mathit{RT(c)\),\(\sum _{c \in g} \mathit{RT(c)\),\(\mathit{RT(c)\) returns the rework time for case \(c\). \\
242,,role-and-variant-count-ratio-group-of-cases-granularity-f-g,Role and Variant count Ratio (group of cases granularity),2,3,"Ratio between the number of human resource roles that are involved in the execution of a case, and the number of variants that are observed in a group of cases.",Process where several roles are involved,Maximizing the number of roles involved in the execution of different process variants is desirable.,maximize,\(\mathit{RoleVR(g)\),\(\frac{\mathit{Role(g)}{\mathit{V(g)}\),\(\frac{\mathit{Role(g)}{\mathit{V(g)}\),"\(\mathit{Role(g)\) returns the number of unique roles involved in group \(g\).
\newline \(\mathit{V(g)\) returns the number of unique variants in group \(g\). \\"
243,,role-count-case-granularity-f-c,Role count (case granularity),2,2,Number of human resource roles that are involved in the execution of a case.,Process where several roles are involved.,A greater number of roles involved in the execution of the process implies greater flexibility.,maximize,\(\mathit{Role(c)\),\(|\mathit{role(c)|\),\(\mathit{count(\mathit{role(c))\),\(\mathit{role(c)\) returns the set of unique roles involved in case \(c\). \\
244,,role-count-group-of-cases-granularity-f-g,Role count (group of cases granularity),2,3,Number of human resource roles that are involved in the execution of a group of cases.,Process where several roles are involved.,A greater number of roles involved in the execution of the process implies greater flexibility.,maximize,\(\mathit{Role(g)\),\(|\cup_{c \in g} \mathit{role(c)|\),\(\mathit{count(\cup_{c \in g} \mathit{role(c))\),\(\mathit{role(c)\) returns the set of unique roles involved in case \(c\). \\
245,,role-count-case-granularity-g-c,Role count (case granularity),3,2,Number of human resource roles that are involved in the execution of a case.,Calculation of several other PPIs.,,,\(\mathit{Role(c)\),\(|\mathit{role(c)|\),\(\mathit{count(\mathit{role(c))\),$\mathit{role(c)$ returns all roles involved in case $c$. \\
246,,role-count-group-of-cases-granularity-g-g,Role count (group of cases granularity),3,3,Number of human resource roles that are involved in the execution of a group of cases.,Calculation of several other PPIs.,,,\(\mathit{Role(g)\),\(|\cup_{c \in g} \mathit{role(c)|\),\(\mathit{count(\mathit{role(g))\),$\mathit{role(g)$ returns the set of roles involved in group of cases \(g\). \\
247,,service-and-lead-time-ratio-activity-granularity-t-a,Service and Lead Time Ratio (activity granularity),5,1,Ratio between the service time and the lead time of all instantiations of an activity in the event log.,Event log in which the difference between service time and lead time is of relevance.,Ratio between service time and lead time should be as large as possible.,maximize,\(\mathit{SLTR(a)\),\(\frac{\mathit{ST(a)}{\mathit{LT(a)}\),\(\frac{\mathit{ST(a)}{\mathit{LT(a)}\),"\(\mathit{ST(a)\) returns the total service time accumulated across all instances of activity \(a\).
\newline \(\mathit{LT(a)\) returns the total lead time of activity \(a\). \\"
248,,service-and-lead-time-ratio-case-granularity-t-c,Service and Lead Time Ratio (case granularity),5,2,Ratio between the service time and the lead time of a case.,Event log in which the difference between service time and lead time is of relevance.,Ratio between service time and lead time should be as large as possible.,maximize,\(\mathit{SLTR(c)\),\(\frac{\mathit{ST(c)}{\mathit{LT(c)}\),\(\frac{\mathit{ST(c)}{\mathit{LT(c)}\),"\(\mathit{ST(c)\) returns the total service time of case \(c\).
\newline \(\mathit{LT(c)\) returns the total lead time of case \(c\). \\"
249,,service-and-lead-time-ratio-group-of-cases-granularity-t-g,Service and Lead Time Ratio (group of cases granularity),5,3,Ratio between the service time and the lead time of all activity instances in a group of cases.,Event log in which the difference between service time and lead time is of relevance.,Ratio between service time and lead time should be as large as possible.,maximize,\(\mathit{SLTR(g)\),\(\frac{\mathit{ST(g)}{\mathit{LT(g)}\),\(\frac{\mathit{ST(g)}{\mathit{LT(g)}\),"\(\mathit{ST(g)\) returns the total service time accumulated across all cases in group \(g\).
\newline \(\mathit{LT(g)\) returns the total lead time accumulated across all cases in group \(g\). \\"
250,,service-and-lead-time-ratio-activity-instance-granularity-t-i,Service and Lead Time Ratio (activity instance granularity),5,4,Ratio between the service time and the lead time of an activity instance.,Event log in which the difference between service time and lead time is of relevance.,Ratio between service time and lead time should be as large as possible.,maximize,\(\mathit{SLTR(i)\),\(\frac{\mathit{ST(i)}{\mathit{LT(i)}\),\(\frac{\mathit{ST(i)}{\mathit{LT(i)}\),"\(\mathit{ST(i)\) returns the service time of activity instance \(i\).
\newline \(\mathit{LT(i)\) returns the lead time of activity instance \(i\). \\"
251,,service-time-activity-granularity-t-a,Service Time (activity granularity),5,1,Sum of elapsed time between the start and complete events of all instantiations of an activity in the event log.,Event log that contains lifecycle information for activity instances where the actual time spent executing them is of interest.,Minimizing service time is desirable.,minimize,\(\mathit{ST(a)\),\(\sum _{i \in \mathit{inst(a)} \mathit{ST(i)\),\(\sum _{i \in \mathit{inst(a)} \mathit{ST(i)\),"\(\mathit{inst(a)\) returns the set of all instances of activity \(a\).
\newline \(\mathit{ST(i)\) returns the service time of activity instance \(i\). \\"
252,,service-time-case-granularity-t-c,Service Time (case granularity),5,2,Sum of elapsed time between the start and complete events of all activity instances of a case.,Event log that contains lifecycle information for activity instances where the actual time spent executing them is of interest.,Minimizing service time is desirable.,minimize,\(\mathit{ST(c)\),\(\sum _{i \in \mathit{inst(c)} \mathit{ST(i)\),\(\sum _{i \in \mathit{inst(c)} \mathit{ST(i)\),"\(\mathit{inst(c)\) returns the set of all activity instances in case \(c\).
\newline \(\mathit{ST(i)\) returns the service time of activity instance \(i\). \\"
253,,service-time-group-of-cases-granularity-t-g,Service Time (group of cases granularity),5,3,Sum of elapsed time between the start and complete events of all activity instances of a group of cases.,Event log that contains lifecycle information for activity instances where the actual time spent executing them is of interest.,Minimizing service time is desirable.,minimize,\(\mathit{ST(g)\),\(\sum _{c \in g} \mathit{ST(c)\),\(\sum _{c \in g} \mathit{ST(c)\),\(\mathit{ST(c)\) returns the total service time of case \(c\). \\
254,,service-time-activity-instance-granularity-t-i,Service Time (activity instance granularity),5,4,Elapsed time between the start and complete events of an activity instance.,Event log that contains lifecycle information for activity instances where the actual time spent executing them is of interest.,Minimizing service time is desirable.,minimize,\(\mathit{ST(i)\),\(\mathit{ctime(i) - \mathit{stime(i)\),\(\mathit{ctime(i) - \mathit{stime(i)\),"\(\mathit{ctime(i)\) returns the completion timestamp of activity instance \(i\).
\newline \(\mathit{stime(i)\) returns the start timestamp of activity instance \(i\). \\"
255,,service-time-from-activity-a-to-activity-b-case-granularity-t-c,Service Time from activity A to activity B (case granularity),5,2,"Sum of elapsed time between the start and complete events of all activity instances of a case, which occur between the earliest instantiation of a specific activity, and the earliest instantiation of another specific activity that occurs after the former one, including both.",Event log is associated with a process in which the actual time spent executing a specific subprocess is of relevance.,Minimizing service time is desirable.,minimize,"\(\mathit{STAB\mathit{^{\times(c, \mathit{a, \mathit{b)\)
\newline \newline \(\mathit{\times \in \{\mathit{s, \mathit{c, \mathit{sc, \mathit{w\}\)","\(\begin{cases} \mathit{st\mathit{^{\times(x, y) & \mathit{for~any \  x \in \mathit{fi\mathit{^{s(c, \mathit{a) \mathit{\ and \  y \in \mathit{fi\mathit{^{sc(c, \mathit{a, \mathit{b)","\(\begin{cases} \mathit{st(x, y) & \mathit{for~any \  x \in \mathit{fi\mathit{^{s(c, \mathit{a) \mathit{\ and \  y \in \mathit{fi(c, \mathit{a, \mathit{b) \\ undefined & \mathit{if \  \mathit{fi(c, \mathit{a, \mathit{b) = \emptyset \end{cases}\)","\(\mathit{st\) returns the service time between activity instance \(x\) and activity instance \(y\).
\newline \(\mathit{fi\mathit{^{s\) returns the set of first started instances of activity \(\mathit{a\) in case \(c\).
\newline \(\mathit{fi\) returns the set of first instances of activity \(\mathit{b\) that occur after the first instance of \(\mathit{a\) in case \(c\). \\"
256,,service-time-from-activity-a-to-activity-b-group-of-cases-granularity-t-g,Service Time from activity A to activity B (group of cases granularity),5,3,"Sum of elapsed time between the start and complete events of all activity instances of every case belonging to a group of cases, which occur between the earliest instantiation of a specific activity, and the earliest instantiation of another specific activity that occurs after the former one, including both, within each case.",Event log is associated with a process in which the actual time spent executing a specific subprocess is of relevance.,Minimizing service time is desirable.,minimize,"\(\mathit{STAB\mathit{^{\times(g, \mathit{a, \mathit{b)\)
\newline \newline \(\mathit{\times \in \{\mathit{s, \mathit{c, \mathit{sc, \mathit{w\}\)","\(\sum _{c \in g} \begin{cases}
\mathit{STAB\mathit{^{\times(c, \mathit{a, \mathit{b) & \mathit{if \  \mathit{fi\mathit{^{sc(c, \mathit{a, \mathit{b) \neq \emptyset \\ 0 & \mathit{if \  \mathit{fi\mathit{^{sc(c, \mathit{a, \mathit{b) = \emptyset
\end{cases}\)
\newline \newline The $\mathit{\times$ indicates that the PPI can take multiple forms, in this case, $\mathit{\times \in \{\mathit{s, \mathit{c, \mathit{sc, \mathit{w\}$. If $\mathit{\times = \mathit{s$, then the function considers activity instances that were started within the start and end activity instances, i.e., it uses $\mathit{STAB\mathit{^{s$; if $\mathit{\times = \mathit{c$, then the function considers activity instances that were completed within the start and end activity instances, i.e., it uses $\mathit{STAB\mathit{^{c$; if $\mathit{\times = \mathit{sc$, then the function considers activity instances that were either started or completed within the start and end activity instances, i.e., it uses $\mathit{STAB\mathit{^{sc$; if $\mathit{\times = \mathit{^{w$, then the function considers all activity instances that were active within the start and end activity instances, i.e., it uses $\mathit{STAB\mathit{^{w$.","\(\sum _{c \in g} \begin{cases} \mathit{STAB(c, \mathit{a, \mathit{b) & \mathit{if \  \mathit{fi(c, \mathit{a, \mathit{b) \neq \emptyset \\ 0 & \mathit{if \  \mathit{fi(c, \mathit{a, \mathit{b) = \emptyset \end{cases}\)","\(\mathit{STAB\) returns the service time from activity \(\mathit{a\) to activity \(\mathit{b\) in case \(c\).
\newline \(\mathit{fi\) returns the set of first instances of activity \(\mathit{b\) that occur after the first instance of \(\mathit{a\) in case \(c\). \\"
257,,successful-outcome-unit-count-activity-granularity-q-a,Successful outcome Unit Count (activity granularity),4,1,"Outcome units associated with all instantiations of an activity in the event log, after deducting those that were unsuccessfully completed.","Process where the outcome of activity instances, as well as whether they are successful or not, can be measured.",Maximizing the number of successful outcome units is desirable.,maximize,"\(\mathit{SUC\mathit{^{\times(a)\)
\newline \newline \(\mathit{\times \in \{\mathit{sgl, \mathit{sum\}\)","\(\sum _{i \in \mathit{inst(a)} \mathit{SUC\mathit{^{\times(i)\)
\newline \newline The $\mathit{\times$ indicates that the PPI can take multiple forms, in this case, $\mathit{\times \in \{\mathit{sgl, \mathit{sum\}$. If $\mathit{\times = \mathit{sgl$, then the function considers single events of activity instances for outcome unit calculations, i.e., it uses $\mathit{SUC\mathit{^{sgl$; if $\mathit{\times = \mathit{sum$, then the function considers the sum of all events of activity instances for outcome unit calculations, i.e., it uses $\mathit{SUC\mathit{^{sum$.",\(\sum _{i \in \mathit{inst(a)} \mathit{SUC(i)\),"\(\mathit{inst(a)\) returns the set of all instances of activity \(a\).
\newline \(\mathit{SUC(i)\) returns the successful outcome unit count of activity instance \(i\). \\"
258,,successful-outcome-unit-count-case-granularity-q-c,Successful outcome Unit Count (case granularity),4,2,"Outcome units associated with all activity instances in a case, after deducting those that were unsuccessfully completed.","Process where the outcome of activity instances, as well as whether they are successful or not, can be measured.",Maximizing the number of successful outcome units is desirable.,maximize,"\(\mathit{SUC\mathit{^{\times(c)\)
\newline \newline \(\mathit{\times \in \{\mathit{sgl, \mathit{sum\}\)","\(\sum _{i \in \mathit{inst(c)} \mathit{SUC\mathit{^{\times(i)\)
\newline \newline The $\mathit{\times$ indicates that the PPI can take multiple forms, in this case, $\mathit{\times \in \{\mathit{sgl, \mathit{sum\}$. If $\mathit{\times = \mathit{sgl$, then the function considers single events of activity instances for outcome unit calculations, i.e., it uses $\mathit{SUC\mathit{^{sgl$; if $\mathit{\times = \mathit{sum$, then the function considers the sum of all events of activity instances for outcome unit calculations, i.e., it uses $\mathit{SUC\mathit{^{sum$.",\(\sum _{i \in \mathit{inst(c)} \mathit{SUC(i)\),"\(\mathit{inst(c)\) returns the set of all activity instances in case \(c\).
\newline \(\mathit{SUC(i)\) returns the successful outcome unit count of activity instance \(i\). \\"
259,,successful-outcome-unit-count-group-of-cases-granularity-q-g,Successful outcome Unit Count (group of cases granularity),4,3,"Outcome units associated with all activity instances in a group of cases, after deducting those that were unsuccessfully completed.","Process where the outcome of activity instances, as well as whether they are successful or not, can be measured.",Maximizing the number of successful outcome units is desirable.,maximize,"\(\mathit{SUC\mathit{^{\times(g)\)
\newline \newline \(\mathit{\times \in \{\mathit{sgl, \mathit{sum\}\)","\(\sum _{c \in G} \mathit{SUC\mathit{^{\times(c)\)
\newline \newline The $\mathit{\times$ indicates that the PPI can take multiple forms, in this case, $\mathit{\times \in \{\mathit{sgl, \mathit{sum\}$. If $\mathit{\times = \mathit{sgl$, then the function considers single events of activity instances for outcome unit calculations, i.e., it uses $\mathit{SUC\mathit{^{sgl$; if $\mathit{\times = \mathit{sum$, then the function considers the sum of all events of activity instances for outcome unit calculations, i.e., it uses $\mathit{SUC\mathit{^{sum$.",\(\sum _{c \in G} \mathit{SUC(c)\),\(\mathit{SUC(c)\) returns the successful outcome unit count for case \(c\). \\
260,,successful-outcome-unit-count-activity-instance-granularity-q-i,Successful outcome Unit Count (activity instance granularity),4,4,"Outcome units associated with an activity instance, after deducting those that were unsuccessfully completed.","Process where the outcome of activity instances, as well as whether they are successful or not, can be measured.",Maximizing the number of successful outcome units is desirable.,maximize,"\(\mathit{SUC\mathit{^{\times(i)\)
\newline \newline \(\mathit{\times \in \{\mathit{sgl, \mathit{sum\}\)","\(\begin{cases}
\mathit{U\mathit{^{\times(i) - #^{}_{\mathit{uns}(\mathit{cpl(i)) & \mathit{if \  #^{}_{\mathit{uns}(\mathit{cpl(i)) \neq \bot","\(\begin{cases}
\mathit{U(i) - #^{}_{\mathit{uns}(\mathit{cpl(i)) & \mathit{if \  #^{}_{\mathit{uns}(\mathit{cpl(i)) \neq undefined \\
\mathit{U(i) & \mathit{if \  #^{}_{\mathit{uns}(\mathit{cpl(i)) = undefined \\
\end{cases}\)","\(\mathit{U(i)\) returns the outcome unit count of activity instance \(i\).
\newline \(#^{}_{\mathit{uns}\) returns the unsuccessful outcome unit count associated with an event.
\newline \(\mathit{cpl(i)\) returns the completion event of activity instance \(i\). \\"
261,,successful-outcome-unit-percentage-activity-granularity-q-a,Successful outcome Unit Percentage (activity granularity),4,1,Percentage of outcome units associated with all instantiations of an activity that are successfully completed.,"Process where the outcome of activity instances, as well as whether they are successful or not, can be measured.",Maximizing the percentage of successful outcome units is desirable.,maximize,"\(\mathit{SUP\mathit{^{\times(a)\)
\newline \newline \(\mathit{\times \in \{\mathit{sgl, \mathit{sum\}\)","\(\frac{\mathit{SUC\mathit{^{\times(a)}{\mathit{U\mathit{^{\times(a)}\)
\newline \newline The $\mathit{\times$ indicates that the PPI can take multiple forms, in this case, $\mathit{\times \in \{\mathit{sgl, \mathit{sum\}$. If $\mathit{\times = \mathit{sgl$, then the function considers single events of activity instances for outcome unit calculations, i.e., it uses $\mathit{SUC\mathit{^{sgl$ and $\mathit{U\mathit{^{sgl$; if $\mathit{\times = \mathit{sum$, then the function considers the sum of all events of activity instances for outcome unit calculations, i.e., it uses $\mathit{SUC\mathit{^{sum$ and $\mathit{U\mathit{^{sum$.",\(\frac{\mathit{SUC(a)}{\mathit{U(a)}\),"\(\mathit{SUC(a)\) returns the successful outcome unit count of activity \(a\).
\newline \(\mathit{U(a)\) returns the total outcome unit count of activity \(a\). \\"
262,,successful-outcome-unit-percentage-case-granularity-q-c,Successful outcome Unit Percentage (case granularity),4,2,Percentage of outcome units associated with all activity instances in a case that are successfully completed.,"Process where the outcome of activity instances, as well as whether they are successful or not, can be measured.",Maximizing the percentage of successful outcome units is desirable.,maximize,"\(\mathit{SUP\mathit{^{\times(c)\)
\newline \newline \(\mathit{\times \in \{\mathit{sgl, \mathit{sum\}\)","\(\frac{\mathit{SUC\mathit{^{\times(c)}{\mathit{U\mathit{^{\times(c)}\)
\newline \newline The $\mathit{\times$ indicates that the PPI can take multiple forms, in this case, $\mathit{\times \in \{\mathit{sgl, \mathit{sum\}$. If $\mathit{\times = \mathit{sgl$, then the function considers single events of activity instances for outcome unit calculations, i.e., it uses $\mathit{SUC\mathit{^{sgl$ and $\mathit{U\mathit{^{sgl$; if $\mathit{\times = \mathit{sum$, then the function considers the sum of all events of activity instances for outcome unit calculations, i.e., it uses $\mathit{SUC\mathit{^{sum$ and $\mathit{U\mathit{^{sum$.",\(\frac{\mathit{SUC(c)}{\mathit{U(c)}\),"\(\mathit{SUC(c)\) returns the successful outcome unit count of case \(c\).
\newline \(\mathit{U(c)\) returns the total outcome unit count of case \(c\). \\"
263,,successful-outcome-unit-percentage-group-of-cases-granularity-q-g,Successful outcome Unit Percentage (group of cases granularity),4,3,Percentage outcome units associated with all activity instances in a group of cases that are successfully completed.,"Process where the outcome of activity instances, as well as whether they are successful or not, can be measured.",Maximizing the percentage of successful outcome units is desirable.,maximize,"\(\mathit{SUP\mathit{^{\times(g)\)
\newline \newline \(\mathit{\times \in \{\mathit{sgl, \mathit{sum\}\)","\(\frac{\mathit{SUC\mathit{^{\times(g)}{\mathit{U\mathit{^{\times(g)}\)
\newline \newline The $\mathit{\times$ indicates that the PPI can take multiple forms, in this case, $\mathit{\times \in \{\mathit{sgl, \mathit{sum\}$. If $\mathit{\times = \mathit{sgl$, then the function considers single events of activity instances for outcome unit calculations, i.e., it uses $\mathit{SUC\mathit{^{sgl$ and $\mathit{U\mathit{^{sgl$; if $\mathit{\times = \mathit{sum$, then the function considers the sum of all events of activity instances for outcome unit calculations, i.e., it uses $\mathit{SUC\mathit{^{sum$ and $\mathit{U\mathit{^{sum$.",\(\frac{\mathit{SUC(g)}{\mathit{U(g)}\),"\(\mathit{SUC(g)\) returns the total successful outcome unit count of case group \(g\).
\newline \(\mathit{U(g)\) returns the total outcome unit count of case group \(g\). \\"
264,,successful-outcome-unit-percentage-activity-instance-granularity-q-i,Successful outcome Unit Percentage (activity instance granularity),4,4,Percentage of outcome units associated with an activity instance that are successfully completed.,"Process where the outcome of activity instances, as well as whether they are successful or not, can be measured.",Maximizing the percentage of successful outcome units is desirable.,maximize,"\(\mathit{SUP\mathit{^{\times(i)\)
\newline \newline \(\mathit{\times \in \{\mathit{sgl, \mathit{sum\}\)","\(\frac{\mathit{SUC\mathit{^{\times(i)}{\mathit{U\mathit{^{\times(i)}\)
\newline \newline The $\mathit{\times$ indicates that the PPI can take multiple forms, in this case, $\mathit{\times \in \{\mathit{sgl, \mathit{sum\}$. If $\mathit{\times = \mathit{sgl$, then the function considers single events of activity instances for outcome unit calculations, i.e., it uses $\mathit{SUC\mathit{^{sgl$ and $\mathit{U\mathit{^{sgl$; if $\mathit{\times = \mathit{sum$, then the function considers the sum of all events of activity instances for outcome unit calculations, i.e., it uses $\mathit{SUC\mathit{^{sum$ and $\mathit{U\mathit{^{sum$.",\(\frac{\mathit{SUC(i)}{\mathit{U(i)}\),"\(\mathit{SUC(i)\) returns the successful outcome unit count of activity instance \(i\).
\newline \(\mathit{U(i)\) returns the outcome unit count of activity instance \(i\). \\"
265,,total-cost-activity-granularity-c-a,Total Cost (activity granularity),1,1,Total cost associated with all instantiations of an activity in the event log.,Event log in which total cost information is recorded.,Minimizing total cost is desirable.,minimize,"\(\mathit{TC\mathit{^{\times(a)\)
\newline \newline \(\mathit{\times \in \{\mathit{sgl, \mathit{sum\}\)","\(\sum _{i \in \mathit{inst(a)} \mathit{TC\mathit{^{\times(i)\)
\newline \newline The $\mathit{\times$ indicates that the PPI can take multiple forms, in this case, $\mathit{\times \in \{\mathit{sgl, \mathit{sum\}$. If $\mathit{\times = \mathit{sgl$, then the function considers single events of activity instances for cost calculations, i.e., it uses $\mathit{TC\mathit{^{sgl$; if $\mathit{\times = \mathit{sum$, then the function considers the sum of all events of activity instances for cost calculations, i.e., it uses $\mathit{TC\mathit{^{sum$.",\(\sum _{i \in \mathit{inst(a)} \mathit{TC(i)\),"\(\mathit{inst(a)\) returns the set of all instances of activity \(a\).
\newline \(\mathit{TC(i)\) returns the total cost of activity instance \(i\). \\"
266,,total-cost-case-granularity-c-c,Total Cost (case granularity),1,2,Total cost associated with all activity instances of a case.,Event log in which total cost information is recorded.,Minimizing total cost is desirable.,minimize,"\(\mathit{TC\mathit{^{\times(c)\)
\newline \newline \(\mathit{\times \in \{\mathit{sgl, \mathit{sum\}\)","\(\sum _{i \in \mathit{inst(c)} \mathit{TC\mathit{^{\times(i)\)
\newline \newline The $\mathit{\times$ indicates that the PPI can take multiple forms, in this case, $\mathit{\times \in \{\mathit{sgl, \mathit{sum\}$. If $\mathit{\times = \mathit{sgl$, then the function considers single events of activity instances for cost calculations, i.e., it uses $\mathit{TC\mathit{^{sgl$; if $\mathit{\times = \mathit{sum$, then the function considers the sum of all events of activity instances for cost calculations, i.e., it uses $\mathit{TC\mathit{^{sum$.",\(\sum _{i \in \mathit{inst(c)} \mathit{TC(i)\),"\(\mathit{inst(c)\) returns the set of all activity instances in case \(c\).
\newline \(\mathit{TC(i)\) returns the total cost of activity instance \(i\). \\"
267,,total-cost-group-of-cases-granularity-c-g,Total Cost (group of cases granularity),1,3,Total cost associated with all activity instances of a group of cases.,Event log in which total cost information is recorded.,Minimizing total cost is desirable.,minimize,"\(\mathit{TC\mathit{^{\times(g)\)
\newline \newline \(\mathit{\times \in \{\mathit{sgl, \mathit{sum\}\)","\(\sum _{c \in g} \mathit{TC\mathit{^{\times(c)\)
\newline \newline The $\mathit{\times$ indicates that the PPI can take multiple forms, in this case, $\mathit{\times \in \{\mathit{sgl, \mathit{sum\}$. If $\mathit{\times = \mathit{sgl$, then the function considers single events of activity instances for cost calculations, i.e., it uses $\mathit{TC\mathit{^{sgl$; if $\mathit{\times = \mathit{sum$, then the function considers the sum of all events of activity instances for cost calculations, i.e., it uses $\mathit{TC\mathit{^{sum$.",\(\sum _{c \in g} \mathit{TC(c)\),\(\mathit{TC(c)\) returns the total cost of case \(c\). \\
268,,total-cost-and-client-count-ratio-activity-granularity-q-a,Total Cost and Client count Ratio (activity granularity),4,1,"Ratio between the total cost associated with all instantiations of an activity in the event log, and the number of distinct clients associated with cases where an activity is instantiated in the event log.","Process is executed for different clients, where the event log contains cost information.",It is desirable to execute the specific activity for as many clients at the least cost.,minimize,"\(\mathit{TCCliR\mathit{^{\times(a)\)
\newline \newline \(\mathit{\times \in \{\mathit{sgl, \mathit{sum\}\)","\(\frac{\mathit{TC\mathit{^{\times(a)}{\mathit{Cli(a)}\)
\newline \newline The $\mathit{\times$ indicates that the PPI can take multiple forms, in this case, $\mathit{\times \in \{\mathit{sgl, \mathit{sum\}$. If $\mathit{\times = \mathit{sgl$, then the function considers single events of activity instances for cost calculations, i.e., it uses $\mathit{TC\mathit{^{sgl$; if $\mathit{\times = \mathit{sum$, then the function considers the sum of all events of activity instances for cost calculations, i.e., it uses $\mathit{TC\mathit{^{sum$.",\(\frac{\mathit{TC(a)}{\mathit{Cli(a)}\),"\(\mathit{TC(a)\) returns the total cost of activity \(a\).
\newline \(\mathit{Cli(a)\) returns the number of distinct clients involved in activity \(a\). \\"
269,,total-cost-and-client-count-ratio-group-of-cases-granularity-q-g,Total Cost and Client count Ratio (group of cases granularity),4,3,"Ratio between the total cost associated with all activity instances of a group of cases, and the number of distinct clients associated with cases in a group of cases.","Process is executed for different clients, where the event log contains cost information.",It is desirable to execute the process for as many clients at the least cost.,minimize,"\(\mathit{TCCliR\mathit{^{\times(g)\)
\newline \newline \(\mathit{\times \in \{\mathit{sgl, \mathit{sum\}\)","\(\frac{\mathit{TC\mathit{^{\times(g)}{\mathit{Cli(g)}\)
\newline \newline The $\mathit{\times$ indicates that the PPI can take multiple forms, in this case, $\mathit{\times \in \{\mathit{sgl, \mathit{sum\}$. If $\mathit{\times = \mathit{sgl$, then the function considers single events of activity instances for cost calculations, i.e., it uses $\mathit{TC\mathit{^{sgl$; if $\mathit{\times = \mathit{sum$, then the function considers the sum of all events of activity instances for cost calculations, i.e., it uses $\mathit{TC\mathit{^{sum$.",\(\frac{\mathit{TC(g)}{\mathit{Cli(g)}\),"\(\mathit{TC(g)\) returns the total cost of case group \(g\).
\newline \(\mathit{Cli(g)\) returns the number of distinct clients associated with group \(g\). \\"
270,,total-cost-and-lead-time-ratio-activity-granularity-c-a,Total Cost and Lead Time Ratio (activity granularity),1,1,"Ratio between the total cost associated with all instantiations of an activity in the event log, and the sum of lead time for all instantiations of an activity in the event log.",Event log in which the total cost in relation to the total time taken for conducting activity instances is of relevance.,Ratio between total cost and lead time should be as close to 0 as possible.,minimize,"\(\mathit{TCLTR\mathit{^{\times(a)\)
\newline \newline \(\mathit{\times \in \{\mathit{sgl, \mathit{sum\}\)","\(\frac{\mathit{TC\mathit{^{\times(a)}{\mathit{LT(a)}\)
\newline \newline The $\mathit{\times$ indicates that the PPI can take multiple forms, in this case, $\mathit{\times \in \{\mathit{sgl, \mathit{sum\}$. If $\mathit{\times = \mathit{sgl$, then the function considers single events of activity instances for cost calculations, i.e., it uses $\mathit{TC\mathit{^{sgl$; if $\mathit{\times = \mathit{sum$, then the function considers the sum of all events of activity instances for cost calculations, i.e., it uses $\mathit{TC\mathit{^{sum$.",\(\frac{\mathit{TC(a)}{\mathit{LT(a)}\),"\(\mathit{TC(a)\) returns the total cost of activity \(a\).
\newline \(\mathit{LT(a)\) returns the total lead time of activity \(a\). \\"
271,,total-cost-and-lead-time-ratio-case-granularity-c-c,Total Cost and Lead Time Ratio (case granularity),1,2,Ratio between the total cost of a case and the lead time of a case.,Event log in which the total cost in relation to the total time taken for conducting cases is of relevance.,Ratio between total cost and lead time should be as close to 0 as possible.,minimize,"\(\mathit{TCLTR\mathit{^{\times(c)\)
\newline \newline \(\mathit{\times \in \{\mathit{sgl, \mathit{sum\}\)","\(\frac{\mathit{TC\mathit{^{\times(c)}{\mathit{LT(c)}\)
\newline \newline The $\mathit{\times$ indicates that the PPI can take multiple forms, in this case, $\mathit{\times \in \{\mathit{sgl, \mathit{sum\}$. If $\mathit{\times = \mathit{sgl$, then the function considers single events of activity instances for cost calculations, i.e., it uses $\mathit{TC\mathit{^{sgl$; if $\mathit{\times = \mathit{sum$, then the function considers the sum of all events of activity instances for cost calculations, i.e., it uses $\mathit{TC\mathit{^{sum$.",\(\frac{\mathit{TC(c)}{\mathit{LT(c)}\),"\(\mathit{TC(c)\) returns the total cost of case \(c\).
\newline \(\mathit{LT(c)\) returns the total lead time of case \(c\). \\"
272,,total-cost-and-lead-time-ratio-group-of-cases-granularity-c-g,Total Cost and Lead Time Ratio (group of cases granularity),1,3,Ratio between the total cost of a group of cases and the lead time of a group of cases.,Event log in which the total cost in relation to the total time taken for conducting the cases of a group of cases is of relevance.,Ratio between total cost and lead time should be as close to 0 as possible.,minimize,"\(\mathit{TCLTR\mathit{^{\times(g)\)
\newline \newline \(\mathit{\times \in \{\mathit{sgl, \mathit{sum\}\)","\(\frac{\mathit{TC\mathit{^{\times(g)}{\mathit{LT(g)}\)
\newline \newline The $\mathit{\times$ indicates that the PPI can take multiple forms, in this case, $\mathit{\times \in \{\mathit{sgl, \mathit{sum\}$. If $\mathit{\times = \mathit{sgl$, then the function considers single events of activity instances for cost calculations, i.e., it uses $\mathit{TC\mathit{^{sgl$; if $\mathit{\times = \mathit{sum$, then the function considers the sum of all events of activity instances for cost calculations, i.e., it uses $\mathit{TC\mathit{^{sum$.",\(\frac{\mathit{TC(g)}{\mathit{LT(g)}\),"\(\mathit{TC(g)\) returns the total cost of case group \(g\).
\newline \(\mathit{LT(g)\) returns the total lead time of case group \(g\). \\"
273,,total-cost-and-lead-time-ratio-activity-instance-granularity-c-i,Total Cost and Lead Time Ratio (activity instance granularity),1,4,Ratio between the total cost associated with an activity instance and the lead time of an activity instance.,Event log in which the total cost in relation to the total time taken for conducting activity instances is of relevance.,Ratio between total cost and lead time should be as close to 0 as possible.,minimize,"\(\mathit{TCLTR\mathit{^{\times(i)\)
\newline \newline \(\mathit{\times \in \{\mathit{sgl, \mathit{sum\}\)","\(\frac{\mathit{TC\mathit{^{\times(i)}{\mathit{LT(i)}\)
\newline \newline The $\mathit{\times$ indicates that the PPI can take multiple forms, in this case, $\mathit{\times \in \{\mathit{sgl, \mathit{sum\}$. If $\mathit{\times = \mathit{sgl$, then the function considers single events of activity instances for cost calculations, i.e., it uses $\mathit{TC\mathit{^{sgl$; if $\mathit{\times = \mathit{sum$, then the function considers the sum of all events of activity instances for cost calculations, i.e., it uses $\mathit{TC\mathit{^{sum$.",\(\frac{\mathit{TC(i)}{\mathit{LT(i)}\),"\(\mathit{TC(i)\) returns the total cost of activity instance \(i\).
\newline \(\mathit{LT(i)\) returns the lead time of activity instance \(i\). \\"
274,,total-cost-and-outcome-unit-ratio-activity-granularity-c-a,Total Cost and outcome Unit Ratio (activity granularity),1,1,"Ratio between the total cost associated with all instantiations of an activity in the event log, and the outcome units associated with all instantiations of an activity in the event log.",Event log in which the total cost in relation to the outcome units of activity instances is of relevance.,Ratio between total cost and outcome unit count should be as close to 0 as possible.,minimize,"\(\mathit{TCUR\mathit{^{\times(a)\)
\newline \newline \(\mathit{\times \in \{\mathit{sgl, \mathit{sum\}\)","\(\frac{\mathit{TC\mathit{^{\times(a)}{\mathit{U\mathit{^{\times(a)}\)
\newline \newline The $\mathit{\times$ indicates that the PPI can take multiple forms, in this case, $\mathit{\times \in \{\mathit{sgl, \mathit{sum\}$. If $\mathit{\times = \mathit{sgl$, then the function considers single events of activity instances for cost and outcome unit calculations, i.e., it uses $\mathit{TC\mathit{^{sgl$ and $\mathit{U\mathit{^{sgl$; if $\mathit{\times = \mathit{sum$, then the function considers the sum of all events of activity instances for cost and outcome unit calculations, i.e., it uses $\mathit{TC\mathit{^{sum$ and $\mathit{U\mathit{^{sum$.",\(\frac{\mathit{TC(a)}{\mathit{U(a)}\),"\(\mathit{TC(a)\) returns the total cost of activity \(a\).
\newline \(\mathit{U(a)\) returns the total outcome unit count of activity \(a\). \\"
275,,total-cost-and-outcome-unit-ratio-case-granularity-c-c,Total Cost and outcome Unit Ratio (case granularity),1,2,"Ratio between the total cost associated with all activity instances of a case, and the outcome units associated with all activity instances of a case.",Event log in which the total cost in relation to the outcome units of cases is of relevance.,Ratio between total cost and outcome unit count should be as close to 0 as possible.,minimize,"\(\mathit{TCUR\mathit{^{\times(c)\)
\newline \newline \(\mathit{\times \in \{\mathit{sgl, \mathit{sum\}\)","\(\frac{\mathit{TC\mathit{^{\times(c)}{\mathit{U\mathit{^{\times(c)}\)
\newline \newline The $\mathit{\times$ indicates that the PPI can take multiple forms, in this case, $\mathit{\times \in \{\mathit{sgl, \mathit{sum\}$. If $\mathit{\times = \mathit{sgl$, then the function considers single events of activity instances for cost and outcome unit calculations, i.e., it uses $\mathit{TC\mathit{^{sgl$ and $\mathit{U\mathit{^{sgl$; if $\mathit{\times = \mathit{sum$, then the function considers the sum of all events of activity instances for cost and outcome unit calculations, i.e., it uses $\mathit{TC\mathit{^{sum$ and $\mathit{U\mathit{^{sum$.",\(\frac{\mathit{TC(c)}{\mathit{U(c)}\),"\(\mathit{TC(c)\) returns the total cost of case \(c\).
\newline \(\mathit{U(c)\) returns the total outcome unit count of case \(c\). \\"
276,,total-cost-and-outcome-unit-ratio-group-of-cases-granularity-c-g,Total Cost and outcome Unit Ratio (group of cases granularity),1,3,"Ratio between the total cost associated with all activity instances of a group of cases, and the outcome units associated with all activity instances of a group of cases.",Event log in which the total cost in relation to the outcome units of the cases of a group of cases is of relevance.,Ratio between total cost and outcome unit count should be as close to 0 as possible.,minimize,"\(\mathit{TCUR\mathit{^{\times(g)\)
\newline \newline \(\mathit{\times \in \{\mathit{sgl, \mathit{sum\}\)","\(\frac{\mathit{TC\mathit{^{\times(g)}{\mathit{U\mathit{^{\times(g)}\)
\newline \newline The $\mathit{\times$ indicates that the PPI can take multiple forms, in this case, $\mathit{\times \in \{\mathit{sgl, \mathit{sum\}$. If $\mathit{\times = \mathit{sgl$, then the function considers single events of activity instances for cost and outcome unit calculations, i.e., it uses $\mathit{TC\mathit{^{sgl$ and $\mathit{U\mathit{^{sgl$; if $\mathit{\times = \mathit{sum$, then the function considers the sum of all events of activity instances for cost and outcome unit calculations, i.e., it uses $\mathit{TC\mathit{^{sum$ and $\mathit{U\mathit{^{sum$.",\(\frac{\mathit{TC(g)}{\mathit{U(g)}\),"\(\mathit{TC(g)\) returns the total cost of case group \(g\).
\newline \(\mathit{U(g)\) returns the total outcome unit count of case group \(g\). \\"
277,,total-cost-and-outcome-unit-ratio-activity-instance-granularity-c-i,Total Cost and outcome Unit Ratio (activity instance granularity),1,4,Ratio between the total cost associated with an activity instance and the outcome units associated with an activity instance.,Event log in which the total cost in relation to the outcome units of activity instances is of relevance.,Ratio between total cost and outcome unit count should be as close to 0 as possible.,minimize,"\(\mathit{TCUR\mathit{^{\times(i)\)
\newline \newline \(\mathit{\times \in \{\mathit{sgl, \mathit{sum\}\)","\(\frac{\mathit{TC\mathit{^{\times(i)}{\mathit{U\mathit{^{\times(i)}\)
\newline \newline The $\mathit{\times$ indicates that the PPI can take multiple forms, in this case, $\mathit{\times \in \{\mathit{sgl, \mathit{sum\}$. If $\mathit{\times = \mathit{sgl$, then the function considers single events of activity instances for cost and outcome unit calculations, i.e., it uses $\mathit{TC\mathit{^{sgl$ and $\mathit{U\mathit{^{sgl$; if $\mathit{\times = \mathit{sum$, then the function considers the sum of all events of activity instances for cost and outcome unit calculations, i.e., it uses $\mathit{TC\mathit{^{sum$ and $\mathit{U\mathit{^{sum$.",\(\frac{\mathit{TC(i)}{\mathit{U(i)}\),"\(\mathit{TC(i)\) returns the total cost of activity instance \(i\).
\newline \(\mathit{U(i)\) returns the outcome unit count of activity instance \(i\). \\"
278,,total-cost-and-service-time-ratio-activity-granularity-c-a,Total Cost and Service Time Ratio (activity granularity),1,1,"Ratio between the total cost associated with all instantiations of an activity, and the sum of the service time of all instantiations of an activity.",Event log in which the total cost in relation to the time taken for conducting activity instances is of relevance.,Ratio between total cost and service time should be as close to 0 as possible.,minimize,"\(\mathit{TCSTR\mathit{^{\times(a)\)
\newline \newline \(\mathit{\times \in \{\mathit{sgl, \mathit{sum\}\)","\(\frac{\mathit{TC\mathit{^{\times(a)}{\mathit{ST(a)}\)
\newline \newline The $\mathit{\times$ indicates that the PPI can take multiple forms, in this case, $\mathit{\times \in \{\mathit{sgl, \mathit{sum\}$. If $\mathit{\times = \mathit{sgl$, then the function considers single events of activity instances for cost calculations, i.e., it uses $\mathit{TC\mathit{^{sgl$; if $\mathit{\times = \mathit{sum$, then the function considers the sum of all events of activity instances for cost calculations, i.e., it uses $\mathit{TC\mathit{^{sum$.",\(\frac{\mathit{TC(a)}{\mathit{ST(a)}\),"\(\mathit{TC(a)\) returns the total cost of activity \(a\).
\newline \(\mathit{ST(a)\) returns the total service time of activity \(a\). \\"
279,,total-cost-and-service-time-ratio-case-granularity-c-c,Total Cost and Service Time Ratio (case granularity),1,2,Ratio between the total cost of a case and the service time of a case.,Event log in which the total cost in relation to the time taken for conducting activity instances is of relevance.,Ratio between total cost and service time should be as close to 0 as possible.,minimize,"\(\mathit{TCSTR\mathit{^{\times(c)\)
\newline \newline \(\mathit{\times \in \{\mathit{sgl, \mathit{sum\}\)","\(\frac{\mathit{TC\mathit{^{\times(c)}{\mathit{ST(c)}\)
\newline \newline The $\mathit{\times$ indicates that the PPI can take multiple forms, in this case, $\mathit{\times \in \{\mathit{sgl, \mathit{sum\}$. If $\mathit{\times = \mathit{sgl$, then the function considers single events of activity instances for cost calculations, i.e., it uses $\mathit{TC\mathit{^{sgl$; if $\mathit{\times = \mathit{sum$, then the function considers the sum of all events of activity instances for cost calculations, i.e., it uses $\mathit{TC\mathit{^{sum$.",\(\frac{\mathit{TC(c)}{\mathit{ST(c)}\),"\(\mathit{TC(c)\) returns the total cost of case \(c\).
\newline \(\mathit{ST(c)\) returns the total service time of case \(c\). \\"
280,,total-cost-and-service-time-ratio-group-of-cases-granularity-c-g,Total Cost and Service Time Ratio (group of cases granularity),1,3,"Ratio between the total cost of a group of cases, and the service time of a group of cases.",Event log in which the total cost in relation to the time taken for conducting activity instances is of relevance.,Ratio between total cost and service time should be as close to 0 as possible.,minimize,"\(\mathit{TCSTR\mathit{^{\times(g)\)
\newline \newline \(\mathit{\times \in \{\mathit{sgl, \mathit{sum\}\)","\(\frac{\mathit{TC\mathit{^{\times(g)}{\mathit{ST(g)}\)
\newline \newline The $\mathit{\times$ indicates that the PPI can take multiple forms, in this case, $\mathit{\times \in \{\mathit{sgl, \mathit{sum\}$. If $\mathit{\times = \mathit{sgl$, then the function considers single events of activity instances for cost calculations, i.e., it uses $\mathit{TC\mathit{^{sgl$; if $\mathit{\times = \mathit{sum$, then the function considers the sum of all events of activity instances for cost calculations, i.e., it uses $\mathit{TC\mathit{^{sum$.",\(\frac{\mathit{TC(g)}{\mathit{ST(g)}\),"\(\mathit{TC(g)\) returns the total cost of case group \(g\).
\newline \(\mathit{ST(g)\) returns the total service time of case group \(g\). \\"
281,,total-cost-and-service-time-ratio-activity-instance-granularity-c-i,Total Cost and Service Time Ratio (activity instance granularity),1,4,"Ratio between the total cost associated with an activity instance, and the service time of an activity instance.",Event log in which the total cost in relation to the time taken for conducting activity instances is of relevance.,Ratio between total cost and service time should be as close to 0 as possible.,minimize,"\(\mathit{TCSTR\mathit{^{\times(i)\)
\newline \newline \(\mathit{\times \in \{\mathit{sgl, \mathit{sum\}\)","\(\frac{\mathit{TC\mathit{^{\times(i)}{\mathit{ST(i)}\)
\newline \newline The $\mathit{\times$ indicates that the PPI can take multiple forms, in this case, $\mathit{\times \in \{\mathit{sgl, \mathit{sum\}$. If $\mathit{\times = \mathit{sgl$, then the function considers single events of activity instances for cost calculations, i.e., it uses $\mathit{TC\mathit{^{sgl$; if $\mathit{\times = \mathit{sum$, then the function considers the sum of all events of activity instances for cost calculations, i.e., it uses $\mathit{TC\mathit{^{sum$.",\(\frac{\mathit{TC(i)}{\mathit{ST(i)}\),"\(\mathit{TC(i)\) returns the total cost of activity instance \(i\).
\newline \(\mathit{ST(i)\) returns the service time of activity instance \(i\). \\"
282,,total-cost-considering-single-events-of-activity-instances-activity-instance-granularity-c-i,Total Cost considering single events of activity instances (activity instance granularity),1,4,"Total cost associated with an activity instance, measured as the latest recorded value among the events of an activity instance.",Event log in which total cost information is recorded.,Minimizing total cost is desirable.,minimize,\(\mathit{TC\mathit{^{sgl(i)\),"\(\begin{cases}
#^{}_{\mathit{tc}(\mathit{cpl(i)) & \mathit{if \  #^{}_{\mathit{tc}(\mathit{cpl(i)) \neq \bot","\(\begin{cases}
#^{}_{\mathit{tc}(\mathit{cpl(i)) & \mathit{if \  #^{}_{\mathit{tc}(\mathit{cpl(i)) \neq undefined \\
#^{}_{\mathit{tc}(\mathit{str(i)) & \mathit{if \  #^{}_{\mathit{tc}(\mathit{cpl(i)) = undefined \land #^{}_{\mathit{tc}(\mathit{str(i)) \neq undefined \\
undefined & \mathit{if \  #^{}_{\mathit{tc}(\mathit{cpl(i)) = undefined \land #^{}_{\mathit{tc}(\mathit{str(i)) = undefined \\
\end{cases}\)","\(#^{}_{\mathit{tc}\) returns the total cost associated with an event.
\newline \(\mathit{cpl(i)\) returns the completion event of activity instance \(i\).
\newline \(\mathit{str(i)\) returns the start event of activity instance \(i\). \\"
283,,total-cost-considering-the-sum-of-all-events-of-activity-instances-activity-instance-granularity-c-i,Total Cost considering the sum of all events of activity instances (activity instance granularity),1,4,"Total cost associated with an activity instance, measured as the sum of all values among the events of an activity instance.",Event log in which total cost information is recorded.,Minimizing total cost is desirable.,minimize,\(\mathit{TC\mathit{^{sum(i)\),"\(\begin{cases}
#^{}_{\mathit{tc}(\mathit{str(i)) + & \\ #^{}_{\mathit{tc}(\mathit{cpl(i)) & \mathit{if \  #^{}_{\mathit{tc}(\mathit{cpl(i)) \neq \bot \land #^{}_{\mathit{tc}(\mathit{str(i)) \neq \bot","\(\begin{cases}
#^{}_{\mathit{tc}(\mathit{str(i)) + & \\ #^{}_{\mathit{tc}(\mathit{cpl(i)) & \mathit{if \  #^{}_{\mathit{tc}(\mathit{cpl(i)) \neq undefined \land #^{}_{\mathit{tc}(\mathit{str(i)) \neq undefined \\
undefined & \mathit{if \  #^{}_{\mathit{tc}(\mathit{cpl(i)) = undefined \lor #^{}_{\mathit{tc}(\mathit{str(i)) = undefined \\
\end{cases}\)","\(#^{}_{\mathit{tc}\) returns the total cost associated with an event.
\newline \(\mathit{str(i)\) returns the start event of activity instance \(i\).
\newline \(\mathit{cpl(i)\) returns the completion event of activity instance \(i\). \\"
284,,transportation-cost-case-granularity-c-c,Transportation Cost (case granularity),1,2,Transportation cost associated with a case.,Process where the cost of transportation is relevant.,Minimizing transportation cost is desirable.,minimize,\(\mathit{TransC(c)\),\(#^{}_{\mathit{transc}(c)\),\(#^{}_{\mathit{transc}(c)\),\(#^{}_{\mathit{transc}\) returns the transportation cost associated with case \(c\). \\
285,,transportation-cost-group-of-cases-granularity-c-g,Transportation Cost (group of cases granularity),1,3,Sum of transportation cost associated with all cases in a group of cases.,Process where the cost of transportation is relevant.,Minimizing transportation cost is desirable.,minimize,\(\mathit{TransC(g)\),\(\sum _{c \in g} \mathit{TransC(c)\),\(\sum _{c \in g} \mathit{TransC(c)\),\(\mathit{TransC(c)\) returns the transportation cost for case \(c\). \\
286,,unwanted-activity-count-case-granularity-q-c,Unwanted Activity count (case granularity),4,2,Number of unwanted activities that occur in a case.,Event log that contains activities whose execution is unwanted.,Unwanted activities negatively affect the quality of the process.,minimize,\(\mathit{UAC(c)\),\(|\mathit{Unwl \cap \mathit{act(c)|\),"\(\displaystyle \sum_{a \in \mathit{act(c)}
\begin{cases}
1 & \text{if } a \in \mathit{Unwl \\
0 & \text{otherwise}
\end{cases}
\)","\(\mathit{Unwl\) returns the set of unwanted activities.
\newline \(\mathit{act(c)\) returns the set of activities that occurred in case \(c\). \\"
287,,unwanted-activity-count-group-of-cases-granularity-q-g,Unwanted Activity count (group of cases granularity),4,3,Number of unwanted activities that occur in a group of cases.,Event log that contains activities whose execution is unwanted.,Unwanted activities negatively affect the quality of the process.,minimize,\(\mathit{UAC(g)\),\(|\mathit{Unwl \cap (\cup_{c \in g} \mathit{act(c))|\),"\(\displaystyle \sum_{a \in (\cup_{c \in g} \mathit{act(c))}
\begin{cases}
1 & \text{if } a \in \mathit{Unwl \\
0 & \text{otherwise}
\end{cases}
\)","\(\mathit{Unwl\) returns the set of unwanted activities.
\newline \(\mathit{act(c)\) returns the set of activities that occurred in case \(c\). \\"
288,,unwanted-activity-instance-count-case-granularity-q-c,Unwanted activity Instance count (case granularity),4,2,Number of times that an unwanted activity is instantiated in a case.,Event log that contains activities whose execution is unwanted.,Unwanted activities negatively affect the quality of the process.,minimize,\(\mathit{UIC(c)\),\(|\{i \in \mathit{inst(c) \mid \mathit{act(i) \in \mathit{Unwl\}|\),"\(\displaystyle \sum_{i \in \mathit{inst(c)}
\begin{cases}
1 & \text{if } \mathit{act(i) \in \mathit{Unwl \\
0 & \text{otherwise}
\end{cases}
\)","\(\mathit{inst(c)\) returns the set of all activity instances in case \(c\).
\newline \(\mathit{act(i)\) returns the activity of activity instance \(i\).
\newline \(\mathit{Unwl\) returns the set of unwanted activities. \\"
289,,unwanted-activity-instance-count-group-of-cases-granularity-q-g,Unwanted activity Instance count (group of cases granularity),4,3,Number of times that an unwanted activity is instantiated in a group of cases.,Event log that contains activities whose execution is unwanted.,Unwanted activities negatively affect the quality of the process.,minimize,\(\mathit{UIC(g)\),\(\sum _{c \in g} \mathit{UIC(c)\),\(\sum _{c \in g} \mathit{UIC(c)\),\(\mathit{UIC(c)\) returns the unwanted activity instance count for case \(c\). \\
290,,unwanted-activity-instance-percentage-case-granularity-q-c,Unwanted activity Instance Percentage (case granularity),4,2,Percentage of times that an unwanted activity is instantiated in a case.,Event log that contains activities whose execution is unwanted.,Unwanted activities negatively affect the quality of the process.,minimize,\(\mathit{UIP(c)\),\(\frac{\mathit{UIC(c)}{\mathit{I(c)}\),\(\frac{\mathit{UIC(c)}{\mathit{I(c)}\),"\(\mathit{UIC(c)\) returns the unwanted activity instance count for case \(c\).
\newline \(\mathit{I(c)\) returns the total number of activity instances in case \(c\). \\"
291,,unwanted-activity-instance-percentage-group-of-cases-granularity-q-g,Unwanted activity Instance Percentage (group of cases granularity),4,3,Percentage of times that an unwanted activity is instantiated in a group of cases.,Event log that contains activities whose execution is unwanted.,Unwanted activities negatively affect the quality of the process.,minimize,\(\mathit{UIP(g)\),\(\frac{\mathit{UIC(g)}{\mathit{I(g)}\),\(\frac{\mathit{UIC(g)}{\mathit{I(g)}\),"\(\mathit{UIC(g)\) returns the unwanted activity instance count for group \(g\).
\newline \(\mathit{I(g)\) returns the total number of activity instances in group \(g\). \\"
292,,unwanted-activity-percentage-case-granularity-q-c,Unwanted Activity Percentage (case granularity),4,2,Percentage of unwanted activities that occur in a case.,Event log that contains activities whose execution is unwanted.,Unwanted activities negatively affect the quality of the process.,minimize,\(\mathit{UAP(c)\),\(\frac{\mathit{UAC(c)}{\mathit{A(c)}\),\(\frac{\mathit{UAC(c)}{\mathit{A(c)}\),"\(\mathit{UAC(c)\) returns the unwanted activity count for case \(c\).
\newline \(\mathit{A(c)\) returns the number of unique activities in case \(c\). \\"
293,,unwanted-activity-percentage-group-of-cases-granularity-q-g,Unwanted Activity Percentage (group of cases granularity),4,3,Percentage of unwanted activities that occur in a group of cases.,Event log that contains activities whose execution is unwanted.,Unwanted activities negatively affect the quality of the process.,minimize,\(\mathit{UAP(g)\),\(\frac{\mathit{UAC(g)}{\mathit{A(g)}\),\(\frac{\mathit{UAC(g)}{\mathit{A(g)}\),"\(\mathit{UAC(g)\) returns the unwanted activity count for group \(g\).
\newline \(\mathit{A(g)\) returns the number of unique activities in group \(g\). \\"
294,,variable-cost-activity-granularity-c-a,Variable Cost (activity granularity),1,1,Sum of variable cost of all instantiations of an activity in the event log.,Event log in which variable cost information is recorded.,Minimizing variable cost is desirable.,minimize,"\(\mathit{VC\mathit{^{\times(a)\)
\newline \newline \(\mathit{\times \in \{\mathit{sgl, \mathit{sum\}\)","\(\sum _{i \in \mathit{inst(a)} \mathit{VC\mathit{^{\times(i)\)
\newline \newline The $\mathit{\times$ indicates that the PPI can take multiple forms, in this case, $\mathit{\times \in \{\mathit{sgl, \mathit{sum\}$. If $\mathit{\times = \mathit{sgl$, then the function considers single events of activity instances for cost calculations, i.e., it uses $\mathit{VC\mathit{^{sgl$; if $\mathit{\times = \mathit{sum$, then the function considers the sum of all events of activity instances for cost calculations, i.e., it uses $\mathit{VC\mathit{^{sum$.",\(\sum _{i \in \mathit{inst(a)} \mathit{VC(i)\),"\(\mathit{inst(a)\) returns the set of all instances of activity \(a\).
\newline \(\mathit{VC(i)\) returns the variable cost of activity instance \(i\). \\"
295,,variable-cost-case-granularity-c-c,Variable Cost (case granularity),1,2,Sum of variable cost of all activity instances of a case.,Event log in which variable cost information is recorded.,Minimizing variable cost is desirable.,minimize,"\(\mathit{VC\mathit{^{\times(c)\)
\newline \newline \(\mathit{\times \in \{\mathit{sgl, \mathit{sum\}\)","\(\sum _{i \in \mathit{inst(c)} \mathit{VC\mathit{^{\times(i)\)
\newline \newline The $\mathit{\times$ indicates that the PPI can take multiple forms, in this case, $\mathit{\times \in \{\mathit{sgl, \mathit{sum\}$. If $\mathit{\times = \mathit{sgl$, then the function considers single events of activity instances for cost calculations, i.e., it uses $\mathit{VC\mathit{^{sgl$; if $\mathit{\times = \mathit{sum$, then the function considers the sum of all events of activity instances for cost calculations, i.e., it uses $\mathit{VC\mathit{^{sum$.",\(\sum _{i \in \mathit{inst(c)} \mathit{VC(i)\),"\(\mathit{inst(c)\) returns the set of all activity instances in case \(c\).
\newline \(\mathit{VC(i)\) returns the variable cost of activity instance \(i\). \\"
296,,variable-cost-group-of-cases-granularity-c-g,Variable Cost (group of cases granularity),1,3,Sum of variable cost of all activity instances of a group of cases.,Event log in which variable cost information is recorded.,Minimizing variable cost is desirable.,minimize,"\(\mathit{VC\mathit{^{\times(g)\)
\newline \newline \(\mathit{\times \in \{\mathit{sgl, \mathit{sum\}\)","\(\sum _{c \in g} \mathit{VC\mathit{^{\times(c)\)
\newline \newline The $\mathit{\times$ indicates that the PPI can take multiple forms, in this case, $\mathit{\times \in \{\mathit{sgl, \mathit{sum\}$. If $\mathit{\times = \mathit{sgl$, then the function considers single events of activity instances for cost calculations, i.e., it uses $\mathit{VC\mathit{^{sgl$; if $\mathit{\times = \mathit{sum$, then the function considers the sum of all events of activity instances for cost calculations, i.e., it uses $\mathit{VC\mathit{^{sum$.",\(\sum _{c \in g} \mathit{VC(c)\),\(\mathit{VC(c)\) returns the variable cost for case \(c\). \\
297,,variable-cost-considering-single-events-of-activity-instances-activity-instance-granularity-c-i,Variable Cost considering single events of activity instances (activity instance granularity),1,4,"Variable cost associated with an activity instance, measured as the latest recorded value among the events of the activity instance.",Event log in which variable cost information is recorded.,Minimizing variable cost is desirable.,minimize,\(\mathit{VC\mathit{^{sgl(i)\),"\(\begin{cases}
#^{}_{\mathit{vc}(\mathit{cpl(i)) & \mathit{if \  #^{}_{\mathit{vc}(\mathit{cpl(i)) \neq \bot","\(\begin{cases}
#^{}_{\mathit{vc}(\mathit{cpl(i)) & \mathit{if \  #^{}_{\mathit{vc}(\mathit{cpl(i)) \neq undefined \\
#^{}_{\mathit{vc}(\mathit{str(i)) & \mathit{if \  #^{}_{\mathit{vc}(\mathit{cpl(i)) = undefined \land #^{}_{\mathit{vc}(\mathit{str(i)) \neq undefined \\
undefined & \mathit{if \  #^{}_{\mathit{vc}(\mathit{cpl(i)) = undefined \land #^{}_{\mathit{vc}(\mathit{str(i)) = undefined \\
\end{cases}\)","\(#^{}_{\mathit{vc}\) returns the variable cost associated with an event.
\newline \(\mathit{cpl(i)\) returns the completion event of activity instance \(i\).
\newline \(\mathit{str(i)\) returns the start event of activity instance \(i\). \\"
298,,variable-cost-considering-the-sum-of-all-events-of-activity-instances-activity-instance-granularity-c-i,Variable Cost considering the sum of all events of activity instances (activity instance granularity),1,4,"Variable cost associated with an activity instance, measured as the sum of all values among the events of the activity instance.",Event log in which variable cost information is recorded.,Minimizing variable cost is desirable.,minimize,\(\mathit{VC\mathit{^{sum(i)\),"\(\begin{cases}
#^{}_{\mathit{vc}(\mathit{str(i)) + & \\ #^{}_{\mathit{vc}(\mathit{cpl(i)) & \mathit{if \  #^{}_{\mathit{vc}(\mathit{cpl(i)) \neq \bot \land #^{}_{\mathit{vc}(\mathit{str(i)) \neq \bot","\(\begin{cases}
#^{}_{\mathit{vc}(\mathit{str(i)) + & \\ #^{}_{\mathit{vc}(\mathit{cpl(i)) & \mathit{if \  #^{}_{\mathit{vc}(\mathit{cpl(i)) \neq undefined \land #^{}_{\mathit{vc}(\mathit{str(i)) \neq undefined \\
undefined & \mathit{if \  #^{}_{\mathit{vc}(\mathit{cpl(i)) = undefined \lor #^{}_{\mathit{vc}(\mathit{str(i)) = undefined \\
\end{cases}\)","\(#^{}_{\mathit{vc}\) returns the variable cost associated with an event.
\newline \(\mathit{str(i)\) returns the start event of activity instance \(i\).
\newline \(\mathit{cpl(i)\) returns the completion event of activity instance \(i\). \\"
299,,variant-case-coverage-case-granularity-f-c,Variant Case Coverage (case granularity),2,2,Percentage of cases in the event log that possess the same variant as a given case.,Process with several possible execution variants.,Smaller coverage implies that the case is executed with higher flexibility than other cases in the event log.,minimize,\(\mathit{VCC(c)\),\(\frac{|\{c' \in C \mid \exists tr \in \mathit{trace(c')[tr \in \mathit{trace(c)]\}|}{|C|}\),"\(\frac{
\sum_{c' \in C}
\begin{cases}
1 & \text{if } \exists tr \in \mathit{trace(c) \land tr' \in \mathit{trace(c') [tr = tr'] \\
0 & \text{otherwise}
\end{cases}
}{\mathit{count(C)}\)","$\mathit{trace(c')$ returns the trace (sequence of activities) of case $c'$.
\newline $\mathit{trace(c)$ returns the trace (sequence of activities) of case $c$.
\newline $\mathit{count(C)$ returns the total number of cases in the event log. \\"
300,,variant-case-coverage-group-of-cases-granularity-f-g,Variant Case Coverage (group of cases granularity),2,3,Percentage of cases in the event log that possess the same variant as any case in a group of cases.,Process with several possible execution variants.,Smaller coverage implies that the cases in a group of cases have been executed with higher flexibility than other cases in the event log.,minimize,\(\mathit{VCC(g)\),\(\frac{|\{c \in C \mid \exists tr \in \mathit{trace(c)[tr \in \mathit{variants(g)]|}{|C|}\),"\(\frac{
\sum_{c \in C}
\begin{cases}
1 & \text{if } \exists tr \in \mathit{trace(c) [tr \in \mathit{variants(g)] \\
0 & \text{otherwise}
\end{cases}
}{\mathit{count(C)}\)","$\mathit{trace(c)$ returns the trace (sequence of activities) of case $c$.
\newline $\mathit{variants(g)$ returns the set of unique traces (variants) present in group $g$.
\newline $\mathit{count(C)$ returns the total number of cases in the event log. \\"
301,,variant-count-group-of-cases-granularity-f-g,Variant count (group of cases granularity),2,3,Number of variants that are observed in a group of cases.,Process with several possible execution variants.,A greater number of variants implies greater flexibility.,maximize,\(\mathit{V(g)\),\(|\mathit{variants(g)|\),\(\mathit{count(\mathit{variants(g))\),\(\mathit{variants(g)\) returns the set of unique traces (variants) present in group \(g\). \\
302,,waiting-time-activity-granularity-t-a,Waiting Time (activity granularity),5,1,"Sum of elapsed time between the start event of an activity instance and the complete event of the activity instance that precedes it, for all the instantiations of a specific activity in the event log.",Event log in which the time spent between every activity instance is of relevance.,Minimizing waiting time is desirable.,minimize,\(\mathit{WT(a)\),\(\sum _{i \in \mathit{inst(a)} \mathit{WT(i)\),\(\sum _{i \in \mathit{inst(a)} \mathit{WT(i)\),"\(\mathit{inst(a)\) returns the set of all instances of activity \(a\).
\newline \(\mathit{WT(i)\) returns the waiting time of activity instance \(i\). \\"
303,,waiting-time-case-granularity-t-c,Waiting Time (case granularity),5,2,"Sum of elapsed time between the start event of an activity instance and the complete event of the activity instance that precedes it, for all activity instances in a case.",Event log in which the waiting time between every activity instance is of relevance.,Minimizing waiting time is desirable.,minimize,\(\mathit{WT(c)\),\(\sum _{i \in \mathit{inst(c)} \mathit{WT(i)\),\(\sum _{i \in \mathit{inst(c)} \mathit{WT(i)\),"\(\mathit{inst(c)\) returns the set of all activity instances in case \(c\).
\newline \(\mathit{WT(i)\) returns the waiting time of activity instance \(i\). \\"
304,,waiting-time-activity-instance-granularity-t-i,Waiting Time (activity instance granularity),5,4,Elapsed time between the start event of an activity instance and the complete event of the activity instance that precedes it.,Event log in which the time spent between every activity instance is of relevance.,Minimizing waiting time is desirable.,minimize,\(\mathit{WT(i)\),"\(\begin{cases}
\mathit{stime(i) - \mathit{ctime(x) & \mathit{for~any \  x \in \mathit{prev(i)",\(\begin{cases} \mathit{stime(i) - \mathit{ctime(x) & \mathit{for~any \  x \in \mathit{prev(i) \\ 0 & \mathit{if \  \mathit{prev(i) = \emptyset \end{cases}\),"\(\mathit{stime(i)\) returns the start timestamp of activity instance \(i\).
\newline \(\mathit{ctime(x)\) returns the completion timestamp of activity instance \(x\).
\newline \(\mathit{prev(i)\) returns the set of preceding activity instances to instance \(i\). \\"
305,,waiting-time-from-activity-a-to-activity-b-case-granularity-t-c,Waiting Time from activity A to activity B (case granularity),5,2,"Sum of elapsed time between the start event of an activity instance and the complete event of the activity instance that precedes it, for all activity instances in a case that occur between the earliest instantiation of a specific activity and the earliest instantiation of another specific activity that occurs after the former one, including both.",Event log in which the time spent between every activity instance of a specific subprocess is of relevance.,Minimizing waiting time is desirable.,minimize,"\(\mathit{WTAB\mathit{^{\times(c, \mathit{a, \mathit{b)\)
\newline \newline \(\mathit{\times \in \{\mathit{s, \mathit{c, \mathit{sc, \mathit{w\}\)","\(\begin{cases} \mathit{wt\mathit{^{\times(x, y) & \mathit{for~any \  x \in \mathit{fi\mathit{^{s(c, \mathit{a) \mathit{\ and \  y \in \mathit{fi\mathit{^{sc(c, \mathit{a, \mathit{b)","\(\begin{cases} \mathit{wt(x, y) & \mathit{for~any \  x \in \mathit{fi\mathit{^{s(c, \mathit{a) \mathit{\ and \  y \in \mathit{fi(c, \mathit{a, \mathit{b) \\ undefined & \mathit{if \  \mathit{fi(c, \mathit{a, \mathit{b) = \emptyset \end{cases}\)","\(\mathit{wt\) returns the waiting time between activity instance \(x\) and activity instance \(y\).
\newline \(\mathit{fi\mathit{^{s\) returns the set of first started instances of activity \(\mathit{a\) in case \(c\).
\newline \(\mathit{fi\) returns the set of first instances of activity \(\mathit{b\) that occur after the first instance of \(\mathit{a\) in case \(c\). \\"
306,,warehousing-cost-case-granularity-c-c,Warehousing Cost (case granularity),1,2,Warehousing cost associated with all activity instances of a case.,Process where the cost of warehousing is relevant.,Minimizing warehousing cost is desirable.,minimize,\(\mathit{WareC(c)\),\(#^{}_{\mathit{warec}(c)\),\(#^{}_{\mathit{warec}(c)\),\(#^{}_{\mathit{warec}\) returns the warehousing cost associated with case \(c\). \\
307,,warehousing-cost-group-of-cases-granularity-c-g,Warehousing Cost (group of cases granularity),1,3,Warehousing cost associated with all activity instances of a group of cases.,Process where the cost of warehousing is relevant.,Minimizing warehousing cost is desirable.,minimize,\(\mathit{WareC(g)\),\(\sum _{c \in g} \mathit{WareC(c)\),\(\sum _{c \in g} \mathit{WareC(c)\),\(\mathit{WareC(c)\) returns the warehousing cost for case \(c\). \\
