Indicator	Dimension	Granularity	Params	Function_name	Formalization_latex
Activity count (case granularity)	G	C	\(c \in C\)	\(\mathit{A(c)\)	\(|\mathit{act(c)|\)
Activity count (group of cases granularity)	G	G	\(g \subseteq C \colon\) \newline \(g \neq \emptyset\)	\(\mathit{A(g)\)	\(|\cup_{c \in g} \mathit{act(c)|\)
Expected Activity count	G	G	\(g \subseteq C \colon\) \newline \(g \neq \emptyset\)	\(\mathit{e\mathit{A(g)\)	\(\frac{\sum _{c \in g} \mathit{A(c)}{\mathit{C(g)}\)
activity Instance count (activity granularity)	G	A	\(a \in A\)	\(\mathit{I(a)\)	\(|\mathit{inst(a)|\)
activity Instance count (case granularity)	G	C	\(c \in C\)	\(\mathit{I(c)\)	\(|\mathit{inst(c)|\)
activity Instance count (group of cases granularity)	G	G	\(g \subseteq C \colon\) \newline \(g \neq \emptyset\)	\(\mathit{I(g)\)	\(\sum _{c \in g} \mathit{I(c)\)
Expected activity Instance count	G	G	\(g \subseteq C \colon\) \newline \(g \neq \emptyset\)	\(\mathit{e\mathit{I(g)\)	\(\frac{\mathit{I(g)}{\mathit{C(g)}\)
Case count (group of cases granularity)	G	G	\(g \subseteq C \colon\) \newline \(g \neq \emptyset\)	\(\mathit{C(g)\)	\(|g|\)
Human Resource count (activity granularity)	G	A	\(a \in A\)	\(\mathit{HR(a)\)	\(|\mathit{hres(a)|\)
Human Resource count (case granularity)	G	C	\(c \in C\)	\(\mathit{HR(c)\)	\(|\mathit{hres(c)|\)
Human Resource count (group of cases granularity)	G	G	\(g \subseteq C \colon\) \newline \(g \neq \emptyset\)	\(\mathit{HR(g)\)	\(|\cup_{c \in g} \mathit{hres(c)|\)
Expected Human Resource count	G	G	\(g \subseteq C \colon\) \newline \(g \neq \emptyset\)	\(\mathit{e\mathit{HR(g)\)	\(\frac{\sum _{c \in g} \mathit{HR(c)}{\mathit{C(g)}\)
Resource count (activity granularity)	G	A	\(a \in A\)	\(\mathit{R(a)\)	\(|\mathit{res(a)|\)
Resource count (case granularity)	G	C	\(c \in C\)	\(\mathit{R(c)\)	\(|\mathit{res(c)|\)
Resource count (group of cases granularity)	G	G	\(g \subseteq C \colon\) \newline \(g \neq \emptyset\)	\(\mathit{R(g)\)	\(|\cup_{c \in g} \mathit{res(c)|\)
Expected Resource count	G	G	\(g \subseteq C \colon\) \newline \(g \neq \emptyset\)	\(\mathit{e\mathit{R(g)\)	\(\frac{\sum _{c \in g} \mathit{R(c)}{\mathit{C(g)}\)
Role count (case granularity)	G	C	\(c \in C\)	\(\mathit{Role(c)\)	\(|\mathit{role(c)|\)
Role count (group of cases granularity)	G	G	\(g \subseteq C \colon\) \newline \(g \neq \emptyset\)	\(\mathit{Role(g)\)	\(|\cup_{c \in g} \mathit{role(c)|\)
Expected Role count	G	G	\(g \subseteq C \colon\) \newline \(g \neq \emptyset\)	\(\mathit{e\mathit{Role(g)\)	\(\frac{\sum _{c \in g} \mathit{Role(c)}{\mathit{C(g)}\)
Active Time (case granularity)	T	C	\(c \in C\)	\(\mathit{AT(c)\)	\(\mathit{LT(c) - \mathit{IT(c)\)
Expected Active Time	T	G	\(g \subseteq C \colon\) \newline \(g \neq \emptyset\)	\(\mathit{e\mathit{AT(g)\)	\(\frac{\sum _{c \in g} \mathit{AT(c)}{\mathit{C(g)}\)
Activity count (case granularity)	T	C	\(c \in C\)	\(\mathit{A(c)\)	\(|\mathit{act(c)|\)
Activity count (group of cases granularity)	T	G	\(g \subseteq C \colon\) \newline \(g \neq \emptyset\)	\(\mathit{A(g)\)	\(|\cup_{c \in g} \mathit{act(c)|\)
Expected Activity count	T	G	\(g \subseteq C \colon\) \newline \(g \neq \emptyset\)	\(\mathit{e\mathit{A(g)\)	\(\frac{\sum _{c \in g} \mathit{A(c)}{\mathit{C(g)}\)
activity Instance count (case granularity)	T	C	\(c \in C\)	\(\mathit{I(c)\)	\(|\mathit{inst(c)|\)
activity Instance count (group of cases granularity)	T	G	\(g \subseteq C \colon\) \newline \(g \neq \emptyset\)	\(\mathit{I(g)\)	\(\sum _{c \in g} \mathit{I(c)\)
Expected activity Instance count	T	G	\(g \subseteq C \colon\) \newline \(g \neq \emptyset\)	\(\mathit{e\mathit{I(g)\)	\(\frac{\mathit{I(g)}{\mathit{C(g)}\)
Automated Activity count (case granularity)	T	C	\(c \in C\)	\(\mathit{Auta(c)\)	\(|\mathit{Autl \cap \mathit{act(c)|\)
Automated Activity count (group of cases granularity)	T	G	\(g \subseteq C \colon\) \newline \(g \neq \emptyset\)	\(\mathit{Auta(g)\)	\(|\mathit{Autl \cap (\cup_{c \in g} \mathit{act(c))|\)
Expected Automated Activity count	T	G	\(g \subseteq C \colon\) \newline \(g \neq \emptyset\)	\(\mathit{e\mathit{Auta(g)\)	\(\frac{\sum _{c \in g} \mathit{Auta(c)}{\mathit{C(g)}\)
Automated activity Instance count (case granularity)	T	C	\(c \in C\)	\(\mathit{Auti(c)\)	\(|\{i \in \mathit{inst(c) \mid \mathit{act(i) \in \mathit{Autl\}|\)
Automated activity Instance count (group of cases granularity)	T	G	\(g \subseteq C \colon\) \newline \(g \neq \emptyset\)	\(\mathit{Auti(g)\)	\(\sum _{c \in g} \mathit{Auti(c)\)
Expected Automated activity Instance count	T	G	\(g \subseteq C \colon\) \newline \(g \neq \emptyset\)	\(\mathit{e\mathit{Auti(g)\)	\(\frac{\mathit{Auti(g)}{\mathit{C(g)}\)
Automated Activity Service Time (case granularity)	T	C	\(c \in C\)	\(\mathit{AutST(c)\)	\(\sum _{i \in \mathit{inst(c), \mathit{act(i) \in \mathit{Autl} \mathit{ST(i)\)
Automated Activity Service Time (group of cases granularity)	T	G	\(g \subseteq C \colon\) \newline \(g \neq \emptyset\)	\(\mathit{AutST(g)\)	\(\sum _{c \in g} \mathit{AutST(c)\)
Expected Automated Activity Service Time	T	G	\(g \subseteq C \colon\) \newline \(g \neq \emptyset\)	\(\mathit{e\mathit{AutST(g)\)	\(\frac{\mathit{AutST(g)}{\mathit{C(g)}\)
Case count and Lead Time Ratio (group of cases granularity)	T	G	\(g \subseteq C \colon\) \newline \(g \neq \emptyset\)	\(\mathit{CLTR(g)\)	\(\frac{\mathit{C(g)}{\mathit{LT(g)}\)
Case Count where Lead Time Over value (group of cases granularity)	T	G	\(g \subseteq C \colon\) \newline \(g \neq \emptyset\) \newline \(\mathit{val \in \mathbb{R}\)	\(\mathit{CLTOC(g, \mathit{val)\)	\(|\{c \in g \mid \mathit{LT(c) > \mathit{val\}|\)
Case Percentage where Lead Time Over value (group of cases granularity)	T	G	\(g \subseteq C \colon\) \newline \(g \neq \emptyset\) \newline \(\mathit{val \in \mathbb{R}\)	\(\mathit{CLTOP(g, \mathit{val)\)	\(\frac{\mathit{CLTOC(g, \mathit{val)}{\mathit{C(g)}\)
Case Percentage with Missed Deadline (group of cases granularity)	T	G	\(g \subseteq C \colon\) \newline \(g \neq \emptyset\) \newline \(\mathit{val \in U^{}_{\mathit{time}\)	\(\mathit{CMDP(g, \mathit{val)\)	\(\frac{|\{c \in g \mid \mathit{endt(c) > \mathit{val\}|}{\mathit{C(g)}\)
Handover count (case granularity)	T	C	\(c \in C\)	\(\mathit{H(c)\)	\(\sum _{i \in \mathit{inst(c)} \mathit{dres(i)\)
Expected Handover count	T	G	\(g \subseteq C \colon\) \newline \(g \neq \emptyset\)	\(\mathit{e\mathit{H(g)\)	\(\frac{\sum _{c \in g} \mathit{H(c)}{\mathit{C(g)}\)
Idle Time (case granularity)	T	C	\(c \in C\)	\(\mathit{IT(c)\)	"\(\sum _{i \in \mathit{inst(c)} \begin{cases}
\frac{\mathit{WT(i)}{|\mathit{concstr(i)|} & \mathit{if \  \mathit{prevstr(i) = \emptyset"
Expected Idle Time	T	G	\(g \subseteq C \colon\) \newline \(g \neq \emptyset\)	\(\mathit{e\mathit{IT(g)\)	\(\frac{\sum _{c \in g} \mathit{IT(c)}{\mathit{C(g)}\)
Lead Time (activity instance granularity)	T	I	\(i \in I\)	\(\mathit{LT(i)\)	\(\mathit{ST(i) + \mathit{WT(i)\)
Lead Time (activity granularity)	T	A	\(a \in A\)	\(\mathit{LT(a)\)	\(\sum _{i \in \mathit{inst(a)} \mathit{LT(i)\)
Lead Time (case granularity)	T	C	\(c \in C\)	\(\mathit{LT(c)\)	\(\mathit{endt(c) - \mathit{startt(c)\)
Lead Time (group of cases granularity)	T	G	\(g \subseteq C \colon\) \newline \(g \neq \emptyset\)	\(\mathit{LT(g)\)	\(^{\mathit{max}_{c \in g} \mathit{endt(c) - ^{\mathit{min}_{c \in g} \mathit{startt(c)\)
Expected Lead Time	T	G	\(g \subseteq C \colon\) \newline \(g \neq \emptyset\)	\(\mathit{e\mathit{LT(g)\)	\(\frac{\sum _{c\in g}\mathit{LT(c)}{\mathit{C(g)}\)
Lead Time and Case count Ratio (group of cases granularity)	T	G	\(g \subseteq C \colon\) \newline \(g \neq \emptyset\)	\(\mathit{LTCR(g)\)	\(\frac{\mathit{LT(g)}{\mathit{C(g)}\)
Lead Time Deviation from time Limit (case granularity)	T	C	\(c \in C\) \newline \(\mathit{val \in \mathbb{R}\)	\(\mathit{LTDL(c, \mathit{val)\)	\(\mathit{val - \mathit{LT(c)\)
Expected Lead Time Deviation from time Limit	T	G	\(g \subseteq C \colon\) \newline \(g \neq \emptyset\) \newline \(\mathit{val \in \mathbb{R}\)	\(\mathit{e\mathit{LTDL(g, \mathit{val)\)	\(\frac{\sum _{c \in g} \mathit{LTDL(c, \mathit{val)}{\mathit{C(g)}\)
Lead Time Deviation from Expectation (case granularity)	T	C	\(c \in C\) \newline \(\mathit{val \in \mathbb{R}\)	\(\mathit{LTDE(c, \mathit{val)\)	\(|\mathit{val - \mathit{LT(c)|\)
Expected Lead Time Deviation from Expectation	T	G	\(g \subseteq C \colon\) \newline \(g \neq \emptyset\) \newline \(\mathit{val \in \mathbb{R}\)	\(\mathit{e\mathit{LTDE(g, \mathit{val)\)	\(\frac{\sum _{c \in g} \mathit{LTDE(c, \mathit{val)}{\mathit{C(g)}\)
Lead Time from activity A (case granularity)	T	C	\(c \in C\) \newline \(\mathit{a \in A\)	\(\mathit{LTfA(c, \mathit{a)\)	"\(\begin{cases}
\mathit{lt(x, y) & \mathit{for~any \  x \in \mathit{fi\mathit{^{s(c, \mathit{a) \mathit{\ and \  y \in \mathit{endin(c) \\ \bot & \mathit{if \  \mathit{fi\mathit{^{s(c, \mathit{a) = \emptyset
\end{cases}\)"
Expected Lead Time from activity A	T	G	\(g \subseteq C \colon\) \newline \(g \neq \emptyset\) \newline \(\mathit{a \in A\)	\(\mathit{e\mathit{LTfA(g, \mathit{a)\)	"\(\frac{\sum _{c \in g} \begin{cases}
\mathit{LTfA(c, \mathit{a) & \mathit{if \  \mathit{fi\mathit{^{s(c, \mathit{a) \neq \emptyset \\ 0 & \mathit{if \  \mathit{fi\mathit{^{s(c, \mathit{a) = \emptyset
\end{cases}}{|\{c \in g \mid \mathit{fi\mathit{^{s(c, \mathit{a) \neq \emptyset\}|}\)"
Lead Time from activity A to activity B (case granularity)	T	C	\(c \in C\) \newline \(\mathit{a, \mathit{b \in A \colon\) \newline \(\mathit{a \neq \mathit{b\)	\(\mathit{LTAB(c, \mathit{a, \mathit{b)\)	"\(\begin{cases}
\mathit{lt(x,y) & \mathit{for~any \  x \in \mathit{fi\mathit{^{s(c, \mathit{a) \mathit{\ and \  y \in \mathit{fi\mathit{^{sc(c, \mathit{a, \mathit{b)"
Expected Lead Time from activity A to activity B	T	G	\(g \subseteq C \colon\) \newline \(g \neq \emptyset\) \newline \(\mathit{a, \mathit{b \in A \colon\) \newline \(\mathit{a \neq \mathit{b\)	\(\mathit{e\mathit{LTAB(g, \mathit{a, \mathit{b)\)	"\(\frac{\sum _{c \in g} \begin{cases}
\mathit{LTAB(c, \mathit{a, \mathit{b) & \mathit{if \  \mathit{fi\mathit{^{sc(c, \mathit{a, \mathit{b) \neq \emptyset \\ 0 & \mathit{if \  \mathit{fi\mathit{^{sc(c, \mathit{a, \mathit{b) = \emptyset
\end{cases}}{|\{c \in g \mid \mathit{fi\mathit{^{sc(c, \mathit{a, \mathit{b) \neq \emptyset)\}|}\)"
Lead Time to activity A (case granularity)	T	C	\(c \in C\) \newline \(\mathit{a \in A\)	\(\mathit{LTtA(c, \mathit{a)\)	"\(\begin{cases}
\mathit{lt(x, y) & \mathit{for~any \  x \in \mathit{strin(c) \mathit{\ and \  y \in \mathit{fi\mathit{^{c(c, \mathit{a) \\ \bot & \mathit{if \  \mathit{fi\mathit{^{c(c, \mathit{a) = \emptyset
\end{cases}\)"
Expected Lead Time to activity A	T	G	\(g \subseteq C \colon\) \newline \(g \neq \emptyset\) \newline \(\mathit{a \in A\)	\(\mathit{e\mathit{LTtA(g, \mathit{a)\)	"\(\frac{\sum _{c \in g} \begin{cases}
\mathit{LTtA(c, \mathit{a) & \mathit{if \  \mathit{fi\mathit{^{c(c, \mathit{a) \neq \emptyset \\ 0 & \mathit{if \  \mathit{fi\mathit{^{c(c, \mathit{a) = \emptyset
\end{cases}}{|\{c \in g \mid \mathit{if \  \mathit{fi\mathit{^{c(c, \mathit{a) \neq \emptyset\}|}\)"
Service and Lead Time Ratio (activity instance granularity)	T	I	\(i \in I\)	\(\mathit{SLTR(i)\)	\(\frac{\mathit{ST(i)}{\mathit{LT(i)}\)
Service and Lead Time Ratio (activity granularity)	T	A	\(a \in A\)	\(\mathit{SLTR(a)\)	\(\frac{\mathit{ST(a)}{\mathit{LT(a)}\)
Service and Lead Time Ratio (case granularity)	T	C	\(c \in C\)	\(\mathit{SLTR(c)\)	\(\frac{\mathit{ST(c)}{\mathit{LT(c)}\)
Service and Lead Time Ratio (group of cases granularity)	T	G	\(g \subseteq C \colon\) \newline \(g \neq \emptyset\)	\(\mathit{SLTR(g)\)	\(\frac{\mathit{ST(g)}{\mathit{LT(g)}\)
Expected Service and Lead Time Ratio	T	G	\(g \subseteq C \colon\) \newline \(g \neq \emptyset\)	\(\mathit{e\mathit{SLTR(g)\)	\(\frac{\mathit{ST(g)}{\sum _{c \in g} \mathit{LT(c)}\)
Service Time (activity instance granularity)	T	I	\(i \in I\)	\(\mathit{ST(i)\)	\(\mathit{ctime(i) - \mathit{stime(i)\)
Service Time (activity granularity)	T	A	\(a \in A\)	\(\mathit{ST(a)\)	\(\sum _{i \in \mathit{inst(a)} \mathit{ST(i)\)
Service Time (case granularity)	T	C	\(c \in C\)	\(\mathit{ST(c)\)	\(\sum _{i \in \mathit{inst(c)} \mathit{ST(i)\)
Service Time (group of cases granularity)	T	G	\(g \subseteq C \colon\) \newline \(g \neq \emptyset\)	\(\mathit{ST(g)\)	\(\sum _{c \in g} \mathit{ST(c)\)
Expected Service Time	T	G	\(g \subseteq C \colon\) \newline \(g \neq \emptyset\)	\(\mathit{e\mathit{ST(g)\)	\(\frac{\mathit{ST(g)}{\mathit{C(g)}\)
Service Time from activity A to activity B (case granularity)	T	C	\(c \in C\) \newline \(\mathit{a, \mathit{b \in A \colon\) \newline \(\mathit{a \neq \mathit{b\)	"\(\mathit{STAB\mathit{^{\times(c, \mathit{a, \mathit{b)\)
\newline \newline \(\mathit{\times \in \{\mathit{s, \mathit{c, \mathit{sc, \mathit{w\}\)"	\(\begin{cases} \mathit{st\mathit{^{\times(x, y) & \mathit{for~any \  x \in \mathit{fi\mathit{^{s(c, \mathit{a) \mathit{\ and \  y \in \mathit{fi\mathit{^{sc(c, \mathit{a, \mathit{b)
Service Time from activity A to activity B (group of cases granularity)	T	G	\(g \subseteq C \colon\) \newline \(g \neq \emptyset\) \newline \(\mathit{a, \mathit{b \in A \colon\) \newline \(\mathit{a \neq \mathit{b\)	"\(\mathit{STAB\mathit{^{\times(g, \mathit{a, \mathit{b)\)
\newline \newline \(\mathit{\times \in \{\mathit{s, \mathit{c, \mathit{sc, \mathit{w\}\)"	"\(\sum _{c \in g} \begin{cases}
\mathit{STAB\mathit{^{\times(c, \mathit{a, \mathit{b) & \mathit{if \  \mathit{fi\mathit{^{sc(c, \mathit{a, \mathit{b) \neq \emptyset \\ 0 & \mathit{if \  \mathit{fi\mathit{^{sc(c, \mathit{a, \mathit{b) = \emptyset
\end{cases}\)
\newline \newline The $\mathit{\times$ indicates that the PPI can take multiple forms, in this case, $\mathit{\times \in \{\mathit{s, \mathit{c, \mathit{sc, \mathit{w\}$. If $\mathit{\times = \mathit{s$, then the function considers activity instances that were started within the start and end activity instances, i.e., it uses $\mathit{STAB\mathit{^{s$; if $\mathit{\times = \mathit{c$, then the function considers activity instances that were completed within the start and end activity instances, i.e., it uses $\mathit{STAB\mathit{^{c$; if $\mathit{\times = \mathit{sc$, then the function considers activity instances that were either started or completed within the start and end activity instances, i.e., it uses $\mathit{STAB\mathit{^{sc$; if $\mathit{\times = \mathit{^{w$, then the function considers all activity instances that were active within the start and end activity instances, i.e., it uses $\mathit{STAB\mathit{^{w$."
Expected Service Time from activity A to activity B	T	G	\(g \subseteq C \colon\) \newline \(g \neq \emptyset\) \newline \(\mathit{a, \mathit{b \in A \colon\) \newline \(\mathit{a \neq \mathit{b\)	"\(\mathit{e\mathit{STAB\mathit{^{\times(g, \mathit{a, \mathit{b)\)
\newline \newline \(\mathit{\times \in \{\mathit{s, \mathit{c, \mathit{sc, \mathit{w\}\)"	"\(\frac{\mathit{STAB\mathit{^{\times(g, \mathit{a, \mathit{b)}{|\{c \in g \mid \mathit{fi\mathit{^{sc(c, \mathit{a, \mathit{b) \neq \emptyset\}|}\)
\newline \newline The $\mathit{\times$ indicates that the PPI can take multiple forms, in this case, $\mathit{\times \in \{\mathit{s, \mathit{c, \mathit{sc, \mathit{w\}$. If $\mathit{\times = \mathit{s$, then the function considers activity instances that were started within the start and end activity instances, i.e., it uses $\mathit{STAB\mathit{^{s$; if $\mathit{\times = \mathit{c$, then the function considers activity instances that were completed within the start and end activity instances, i.e., it uses $\mathit{STAB\mathit{^{c$; if $\mathit{\times = \mathit{sc$, then the function considers activity instances that were either started or completed within the start and end activity instances, i.e., it uses $\mathit{STAB\mathit{^{sc$; if $\mathit{\times = \mathit{^{w$, then the function considers all activity instances that were active within the start and end activity instances, i.e., it uses $\mathit{STAB\mathit{^{w$."
Waiting Time (activity instance granularity)	T	I	\(i \in I\)	\(\mathit{WT(i)\)	"\(\begin{cases}
\mathit{stime(i) - \mathit{ctime(x) & \mathit{for~any \  x \in \mathit{prev(i)"
Waiting Time (activity granularity)	T	A	\(a \in A\)	\(\mathit{WT(a)\)	\(\sum _{i \in \mathit{inst(a)} \mathit{WT(i)\)
Waiting Time (case granularity)	T	C	\(c \in C\)	\(\mathit{WT(c)\)	\(\sum _{i \in \mathit{inst(c)} \mathit{WT(i)\)
Expected Waiting Time	T	G	\(g \subseteq C \colon\) \newline \(g \neq \emptyset\)	\(\mathit{e\mathit{WT(g)\)	\(\frac{\sum _{c \in g} \mathit{WT(c)}{\mathit{C(g)}\)
Waiting Time from activity A to activity B (case granularity)	T	C	\(c \in C\) \newline \(\mathit{a, \mathit{b \in A \colon\) \newline \(\mathit{a \neq \mathit{b\)	"\(\mathit{WTAB\mathit{^{\times(c, \mathit{a, \mathit{b)\)
\newline \newline \(\mathit{\times \in \{\mathit{s, \mathit{c, \mathit{sc, \mathit{w\}\)"	\(\begin{cases} \mathit{wt\mathit{^{\times(x, y) & \mathit{for~any \  x \in \mathit{fi\mathit{^{s(c, \mathit{a) \mathit{\ and \  y \in \mathit{fi\mathit{^{sc(c, \mathit{a, \mathit{b)
Expected Waiting Time from activity A to activity B	T	G	\(g \subseteq C \colon\) \newline \(g \neq \emptyset\) \newline \(\mathit{a, \mathit{b \in A \colon\) \newline \(\mathit{a \neq \mathit{b\)	"\(\mathit{e\mathit{WTAB\mathit{^{\times(g, \mathit{a, \mathit{b)\)
\newline \newline \(\mathit{\times \in \{\mathit{s, \mathit{c, \mathit{sc, \mathit{w\}\)"	"\(\frac{\sum _{c \in g} \begin{cases}
\mathit{WTAB\mathit{^{\times(c, \mathit{a, \mathit{b) & \mathit{if \  \mathit{fi\mathit{^{sc(c, \mathit{a, \mathit{b) \neq \emptyset \\ 0 & \mathit{if \  \mathit{fi\mathit{^{sc(c, \mathit{a, \mathit{b) = \emptyset
\end{cases}}{|\{c \in g \mid \mathit{fi\mathit{^{sc(c, \mathit{a, \mathit{b) \neq \emptyset\}|}\)
\newline \newline The $\mathit{\times$ indicates that the PPI can take multiple forms, in this case, $\mathit{\times \in \{\mathit{s, \mathit{c, \mathit{sc, \mathit{w\}$. If $\mathit{\times = \mathit{s$, then the function considers activity instances that were started within the start and end activity instances, i.e., it uses $\mathit{WTAB\mathit{^{s$; if $\mathit{\times = \mathit{c$, then the function considers activity instances that were completed within the start and end activity instances, i.e., it uses $\mathit{WTAB\mathit{^{c$; if $\mathit{\times = \mathit{sc$, then the function considers activity instances that were either started or completed within the start and end activity instances, i.e., it uses $\mathit{WTAB\mathit{^{sc$; if $\mathit{\times = \mathit{^{w$, then the function considers all activity instances that were active within the start and end activity instances, i.e., it uses $\mathit{WTAB\mathit{^{w$."
Automated Activity Cost (case granularity)	C	C	\(c \in C\)	"\(\mathit{AutC\mathit{^{\times(c)\)
\newline \newline \(\mathit{\times \in \{\mathit{sgl, \mathit{sum\}\)"	"\(\sum _{i \in \mathit{inst(c), \mathit{act(i) \in \mathit{Autl} \mathit{TC\mathit{^{\times(i)\)
\newline \newline The $\mathit{\times$ indicates that the PPI can take multiple forms, in this case, $\mathit{\times \in \{\mathit{sgl, \mathit{sum\}$. If $\mathit{\times = \mathit{sgl$, then the function considers single events of activity instances for cost calculations, i.e., it uses $\mathit{TC\mathit{^{sgl$; if $\mathit{\times = \mathit{sum$, then the function considers the sum of all events of activity instances for cost calculations, i.e., it uses $\mathit{TC\mathit{^{sum$."
Automated Activity Cost (group of cases granularity)	C	G	\(g \subseteq C \colon\) \newline \(g \neq \emptyset\)	"\(\mathit{AutC\mathit{^{\times(g)\)
\newline \newline \(\mathit{\times \in \{\mathit{sgl, \mathit{sum\}\)"	"\(\sum _{c \in g} \mathit{AutC\mathit{^{\times(c)\)
\newline \newline The $\mathit{\times$ indicates that the PPI can take multiple forms, in this case, $\mathit{\times \in \{\mathit{sgl, \mathit{sum\}$. If $\mathit{\times = \mathit{sgl$, then the function considers single events of activity instances for cost calculations, i.e., it uses $\mathit{AutC\mathit{^{sgl$; if $\mathit{\times = \mathit{sum$, then the function considers the sum of all events of activity instances for cost calculations, i.e., it uses $\mathit{AutC\mathit{^{sum$."
Expected Automated Activity Cost	C	G	\(g \subseteq C \colon\) \newline \(g \neq \emptyset\)	"\(\mathit{e\mathit{AutC\mathit{^{\times(g)\) 
\newline \newline \(\mathit{\times \in \{\mathit{sgl, \mathit{sum\}\)"	"\(\frac{\mathit{AutC\mathit{^{\times(g)}{\mathit{C(g)}\)
\newline \newline The $\mathit{\times$ indicates that the PPI can take multiple forms, in this case, $\mathit{\times \in \{\mathit{sgl, \mathit{sum\}$. If $\mathit{\times = \mathit{sgl$, then the function considers single events of activity instances for cost calculations, i.e., it uses $\mathit{AutC\mathit{^{sgl$; if $\mathit{\times = \mathit{sum$, then the function considers the sum of all events of activity instances for cost calculations, i.e., it uses $\mathit{AutC\mathit{^{sum$."
Desired Activity count (case granularity)	C	C	\(c \in C\)	\(\mathit{DAC(c)\)	\(| \mathit{Desl \cap \mathit{act(c)|\)
Desired Activity count (group of cases granularity)	C	G	\(g \subseteq C \colon\) \newline \(g \neq \emptyset\)	\(\mathit{DAC(g)\)	\(|\mathit{Desl \cap (\cup_{c \in g} \mathit{act(c))|\)
Expected Desired Activity count	C	G	\(g \subseteq C \colon\) \newline \(g \neq \emptyset\)	\(\mathit{e\mathit{DAC(g)\)	\(\frac{\sum _{c \in g} \mathit{DAC(c)}{\mathit{C(g)}\)
Direct Cost (case granularity)	C	C	\(c \in C\)	"\(\mathit{DC\mathit{^{\times(c)\) 
\newline \newline \(\mathit{\times \in \{\mathit{sgl, \mathit{sum\}\)"	"\(\sum _{i \in \mathit{inst(c), \mathit{act(i) \in \mathit{DCl} \mathit{TC\mathit{^{\times(i)\)
\newline \newline The $\mathit{\times$ indicates that the PPI can take multiple forms, in this case, $\mathit{\times \in \{\mathit{sgl, \mathit{sum\}$. If $\mathit{\times = \mathit{sgl$, then the function considers single events of activity instances for cost calculations, i.e., it uses $\mathit{TC\mathit{^{sgl$; if $\mathit{\times = \mathit{sum$, then the function considers the sum of all events of activity instances for cost calculations, i.e., it uses $\mathit{TC\mathit{^{sum$."
Direct Cost (group of cases granularity)	C	G	\(g \subseteq C \colon\) \newline \(g \neq \emptyset\)	"\(\mathit{DC\mathit{^{\times(g)\) 
\newline \newline \(\mathit{\times \in \{\mathit{sgl, \mathit{sum\}\)"	"\(\sum _{c \in g} \mathit{DC\mathit{^{\times(c)\)
\newline \newline The $\mathit{\times$ indicates that the PPI can take multiple forms, in this case, $\mathit{\times \in \{\mathit{sgl, \mathit{sum\}$. If $\mathit{\times = \mathit{sgl$, then the function considers single events of activity instances for cost calculations, i.e., it uses $\mathit{DC\mathit{^{sgl$; if $\mathit{\times = \mathit{sum$, then the function considers the sum of all events of activity instances for cost calculations, i.e., it uses $\mathit{DC\mathit{^{sum$."
Expected Direct Cost	C	G	\(g \subseteq C \colon\) \newline \(g \neq \emptyset\)	"\(\mathit{e\mathit{DC\mathit{^{\times(g)\) 
\newline \newline \(\mathit{\times \in \{\mathit{sgl, \mathit{sum\}\)"	"\(\frac{\mathit{DC\mathit{^{\times(g)}{\mathit{C(g)}\)
\newline \newline The $\mathit{\times$ indicates that the PPI can take multiple forms, in this case, $\mathit{\times \in \{\mathit{sgl, \mathit{sum\}$. If $\mathit{\times = \mathit{sgl$, then the function considers single events of activity instances for cost calculations, i.e., it uses $\mathit{DC\mathit{^{sgl$; if $\mathit{\times = \mathit{sum$, then the function considers the sum of all events of activity instances for cost calculations, i.e., it uses $\mathit{DC\mathit{^{sum$."
Fixed Cost considering single events of activity instances (activity instance granularity)	C	I	\(i \in I\)	\(\mathit{FC\mathit{^{sgl(i)\)	"\(\begin{cases}
#^{}_{\mathit{fc}(\mathit{cpl(i)) & \mathit{if \  #^{}_{\mathit{fc}(\mathit{cpl(i)) \neq \bot"
Fixed Cost considering the sum of all events of activity instances (activity instance granularity)	C	I	\(i \in I\)	\(\mathit{FC\mathit{^{sum(i)\)	"\(\begin{cases}
#^{}_{\mathit{fc}(\mathit{str(i)) + & \\ #^{}_{\mathit{fc}(\mathit{cpl(i)) & \mathit{if \  #^{}_{\mathit{fc}(\mathit{cpl(i)) \neq \bot \land #^{}_{\mathit{fc}(\mathit{str(i)) \neq \bot"
Fixed Cost (activity granularity)	C	A	\(a \in A\)	"\(\mathit{FC\mathit{^{\times(a)\) 
\newline \newline \(\mathit{\times \in \{\mathit{sgl, \mathit{sum\}\)"	"\(\sum _{i \in \mathit{inst(a)} \mathit{FC\mathit{^{\times(i)\)
\newline \newline The $\mathit{\times$ indicates that the PPI can take multiple forms, in this case, $\mathit{\times \in \{\mathit{sgl, \mathit{sum\}$. If $\mathit{\times = \mathit{sgl$, then the function considers single events of activity instances for cost calculations, i.e., it uses $\mathit{FC\mathit{^{sgl$; if $\mathit{\times = \mathit{sum$, then the function considers the sum of all events of activity instances for cost calculations, i.e., it uses $\mathit{FC\mathit{^{sum$."
Fixed Cost (case granularity)	C	C	\(c \in C\)	"\(\mathit{FC\mathit{^{\times(c)\) 
\newline \newline \(\mathit{\times \in \{\mathit{sgl, \mathit{sum\}\)"	"\(\sum _{i \in \mathit{inst(c)} \mathit{FC\mathit{^{\times(i)\)
\newline \newline The $\mathit{\times$ indicates that the PPI can take multiple forms, in this case, $\mathit{\times \in \{\mathit{sgl, \mathit{sum\}$. If $\mathit{\times = \mathit{sgl$, then the function considers single events of activity instances for cost calculations, i.e., it uses $\mathit{FC\mathit{^{sgl$; if $\mathit{\times = \mathit{sum$, then the function considers the sum of all events of activity instances for cost calculations, i.e., it uses $\mathit{FC\mathit{^{sum$."
Fixed Cost (group of cases granularity)	C	G	\(g \subseteq C \colon\) \newline \(g \neq \emptyset\)	"\(\mathit{FC\mathit{^{\times(g)\) 
\newline \newline \(\mathit{\times \in \{\mathit{sgl, \mathit{sum\}\)"	"\(\sum _{c \in g} \mathit{FC\mathit{^{\times(c)\)
\newline \newline The $\mathit{\times$ indicates that the PPI can take multiple forms, in this case, $\mathit{\times \in \{\mathit{sgl, \mathit{sum\}$. If $\mathit{\times = \mathit{sgl$, then the function considers single events of activity instances for cost calculations, i.e., it uses $\mathit{FC\mathit{^{sgl$; if $\mathit{\times = \mathit{sum$, then the function considers the sum of all events of activity instances for cost calculations, i.e., it uses $\mathit{FC\mathit{^{sum$."
Expected Fixed Cost	C	G	\(g \subseteq C \colon\) \newline \(g \neq \emptyset\)	"\(\mathit{e\mathit{FC\mathit{^{\times(g)\) 
\newline \newline \(\mathit{\times \in \{\mathit{sgl, \mathit{sum\}\)"	"\(\frac{\mathit{FC\mathit{^{\times(g)}{\mathit{C(g)}\)
\newline \newline The $\mathit{\times$ indicates that the PPI can take multiple forms, in this case, $\mathit{\times \in \{\mathit{sgl, \mathit{sum\}$. If $\mathit{\times = \mathit{sgl$, then the function considers single events of activity instances for cost calculations, i.e., it uses $\mathit{FC\mathit{^{sgl$; if $\mathit{\times = \mathit{sum$, then the function considers the sum of all events of activity instances for cost calculations, i.e., it uses $\mathit{FC\mathit{^{sum$."
Human Resource and Case count Ratio (group of cases granularity)	C	G	\(g \subseteq C \colon\) \newline \(g \neq \emptyset\)	\(\mathit{HRCR(g)\)	\(\frac{\mathit{HR(g)}{\mathit{C(g)}\)
Human Resource count (activity granularity)	C	A	\(a \in A\)	\(\mathit{HR(a)\)	\(|\mathit{hres(a)|\)
Human Resource count (case granularity)	C	C	\(c \in C\)	\(\mathit{HR(c)\)	\(|\mathit{hres(c)|\)
Human Resource count (group of cases granularity)	C	G	\(g \subseteq C \colon\) \newline \(g \neq \emptyset\)	\(\mathit{HR(g)\)	\(|\cup_{c \in g} \mathit{hres(c)|\)
Expected Human Resource count	C	G	\(g \subseteq C \colon\) \newline \(g \neq \emptyset\)	\(\mathit{e\mathit{HR(g)\)	\(\frac{\sum _{c \in g} \mathit{HR(c)}{\mathit{C(g)}\)
Inventory Cost considering single events of activity instances (activity instance granularity)	C	I	\(i \in I\)	\(\mathit{IC\mathit{^{sgl(i)\)	"\(\begin{cases}
#^{}_{\mathit{ic}(\mathit{cpl(i)) & \mathit{if \  #^{}_{\mathit{ic}(\mathit{cpl(i)) \neq \bot"
Inventory Cost considering the sum of all events of activity instances (activity instance granularity)	C	I	\(i \in I\)	\(\mathit{IC\mathit{^{sum(i)\)	"\(\begin{cases}
#^{}_{\mathit{ic}(\mathit{str(i)) + & \\ #^{}_{\mathit{ic}(\mathit{cpl(i)) & \mathit{if \  #^{}_{\mathit{ic}(\mathit{cpl(i)) \neq \bot \land #^{}_{\mathit{ic}(\mathit{str(i)) \neq \bot"
Inventory Cost (activity granularity)	C	A	\(a \in A\)	"\(\mathit{IC\mathit{^{\times(a)\) 
\newline \newline \(\mathit{\times \in \{\mathit{sgl, \mathit{sum\}\)"	"\(\sum _{i \in \mathit{inst(a)} \mathit{IC\mathit{^{\times(i)\)
\newline \newline The $\mathit{\times$ indicates that the PPI can take multiple forms, in this case, $\mathit{\times \in \{\mathit{sgl, \mathit{sum\}$. If $\mathit{\times = \mathit{sgl$, then the function considers single events of activity instances for cost calculations, i.e., it uses $\mathit{IC\mathit{^{sgl$; if $\mathit{\times = \mathit{sum$, then the function considers the sum of all events of activity instances for cost calculations, i.e., it uses $\mathit{IC\mathit{^{sum$."
Inventory Cost (case granularity)	C	C	\(c \in C\)	"\(\mathit{IC\mathit{^{\times(c)\) 
\newline \newline \(\mathit{\times \in \{\mathit{sgl, \mathit{sum\}\)"	"\(\sum _{i \in \mathit{inst(c)} \mathit{IC\mathit{^{\times(i)\)
\newline \newline The $\mathit{\times$ indicates that the PPI can take multiple forms, in this case, $\mathit{\times \in \{\mathit{sgl, \mathit{sum\}$. If $\mathit{\times = \mathit{sgl$, then the function considers single events of activity instances for cost calculations, i.e., it uses $\mathit{IC\mathit{^{sgl$; if $\mathit{\times = \mathit{sum$, then the function considers the sum of all events of activity instances for cost calculations, i.e., it uses $\mathit{IC\mathit{^{sum$."
Inventory Cost (group of cases granularity)	C	G	\(g \subseteq C \colon\) \newline \(g \neq \emptyset\)	"\(\mathit{IC\mathit{^{\times(g)\) 
\newline \newline \(\mathit{\times \in \{\mathit{sgl, \mathit{sum\}\)"	"\(\sum _{c \in g} \mathit{IC\mathit{^{\times(c)\)
\newline \newline The $\mathit{\times$ indicates that the PPI can take multiple forms, in this case, $\mathit{\times \in \{\mathit{sgl, \mathit{sum\}$. If $\mathit{\times = \mathit{sgl$, then the function considers single events of activity instances for cost calculations, i.e., it uses $\mathit{IC\mathit{^{sgl$; if $\mathit{\times = \mathit{sum$, then the function considers the sum of all events of activity instances for cost calculations, i.e., it uses $\mathit{IC\mathit{^{sum$."
Expected Inventory Cost	C	G	\(g \subseteq C \colon\) \newline \(g \neq \emptyset\)	"\(\mathit{e\mathit{IC\mathit{^{\times(g)\) 
\newline \newline \(\mathit{\times \in \{\mathit{sgl, \mathit{sum\}\)"	"\(\frac{\mathit{IC\mathit{^{\times(g)}{\mathit{C(g)}\)
\newline \newline The $\mathit{\times$ indicates that the PPI can take multiple forms, in this case, $\mathit{\times \in \{\mathit{sgl, \mathit{sum\}$. If $\mathit{\times = \mathit{sgl$, then the function considers single events of activity instances for cost calculations, i.e., it uses $\mathit{IC\mathit{^{sgl$; if $\mathit{\times = \mathit{sum$, then the function considers the sum of all events of activity instances for cost calculations, i.e., it uses $\mathit{IC\mathit{^{sum$."
Labor Cost and Total Cost Ratio (activity instance granularity)	C	I	\(i \in I\)	"\(\mathit{LCTCR\mathit{^{\times(i)\) 
\newline \newline \(\mathit{\times \in \{\mathit{sgl, \mathit{sum\}\)"	"\(\frac{\mathit{LC\mathit{^{\times(i)}{\mathit{TC\mathit{^{\times(i)}\)
\newline \newline The $\mathit{\times$ indicates that the PPI can take multiple forms, in this case, $\mathit{\times \in \{\mathit{sgl, \mathit{sum\}$. If $\mathit{\times = \mathit{sgl$, then the function considers single events of activity instances for cost calculations, i.e., it uses $\mathit{LC\mathit{^{sgl$ and $\mathit{TC\mathit{^{sgl$; if $\mathit{\times = \mathit{sum$, then the function considers the sum of all events of activity instances for cost calculations, i.e., it uses $\mathit{LC\mathit{^{sum$ and $\mathit{TC\mathit{^{sum$."
Labor Cost and Total Cost Ratio (activity granularity)	C	A	\(a \in A\)	"\(\mathit{LCTCR\mathit{^{\times(a)\) 
\newline \newline \(\mathit{\times \in \{\mathit{sgl, \mathit{sum\}\)"	"\(\frac{\mathit{LC\mathit{^{\times(a)}{\mathit{TC\mathit{^{\times(a)}\)
\newline \newline The $\mathit{\times$ indicates that the PPI can take multiple forms, in this case, $\mathit{\times \in \{\mathit{sgl, \mathit{sum\}$. If $\mathit{\times = \mathit{sgl$, then the function considers single events of activity instances for cost calculations, i.e., it uses $\mathit{LC\mathit{^{sgl$ and $\mathit{TC\mathit{^{sgl$; if $\mathit{\times = \mathit{sum$, then the function considers the sum of all events of activity instances for cost calculations, i.e., it uses $\mathit{LC\mathit{^{sum$ and $\mathit{TC\mathit{^{sum$."
Labor Cost and Total Cost Ratio (case granularity)	C	C	\(c \in C\)	"\(\mathit{LCTCR\mathit{^{\times(c)\) 
\newline \newline \(\mathit{\times \in \{\mathit{sgl, \mathit{sum\}\)"	"\(\frac{\mathit{LC\mathit{^{\times(c)}{\mathit{TC\mathit{^{\times(c)}\)
\newline \newline The $\mathit{\times$ indicates that the PPI can take multiple forms, in this case, $\mathit{\times \in \{\mathit{sgl, \mathit{sum\}$. If $\mathit{\times = \mathit{sgl$, then the function considers single events of activity instances for cost calculations, i.e., it uses $\mathit{LC\mathit{^{sgl$ and $\mathit{TC\mathit{^{sgl$; if $\mathit{\times = \mathit{sum$, then the function considers the sum of all events of activity instances for cost calculations, i.e., it uses $\mathit{LC\mathit{^{sum$ and $\mathit{TC\mathit{^{sum$."
Labor Cost and Total Cost Ratio (group of cases granularity)	C	G	\(g \subseteq C \colon\) \newline \(g \neq \emptyset\)	"\(\mathit{LCTCR\mathit{^{\times(g)\) 
\newline \newline \(\mathit{\times \in \{\mathit{sgl, \mathit{sum\}\)"	"\(\frac{\mathit{LC\mathit{^{\times(g)}{\mathit{TC\mathit{^{\times(g)}\)
\newline \newline The $\mathit{\times$ indicates that the PPI can take multiple forms, in this case, $\mathit{\times \in \{\mathit{sgl, \mathit{sum\}$. If $\mathit{\times = \mathit{sgl$, then the function considers single events of activity instances for cost calculations, i.e., it uses $\mathit{LC\mathit{^{sgl$ and $\mathit{TC\mathit{^{sgl$; if $\mathit{\times = \mathit{sum$, then the function considers the sum of all events of activity instances for cost calculations, i.e., it uses $\mathit{LC\mathit{^{sum$ and $\mathit{TC\mathit{^{sum$."
Expected Labor Cost and Total Cost Ratio	C	G	\(g \subseteq C \colon\) \newline \(g \neq \emptyset\)	"\(\mathit{e\mathit{LCTCR\mathit{^{\times(g)\) 
\newline \newline \(\mathit{\times \in \{\mathit{sgl, \mathit{sum\}\)"	"\(\frac{\mathit{LC\mathit{^{\times(g)}{\mathit{TC\mathit{^{\times(g)}\)
\newline \newline The $\mathit{\times$ indicates that the PPI can take multiple forms, in this case, $\mathit{\times \in \{\mathit{sgl, \mathit{sum\}$. If $\mathit{\times = \mathit{sgl$, then the function considers single events of activity instances for cost calculations, i.e., it uses $\mathit{LC\mathit{^{sgl$ and $\mathit{TC\mathit{^{sgl$; if $\mathit{\times = \mathit{sum$, then the function considers the sum of all events of activity instances for cost calculations, i.e., it uses $\mathit{LC\mathit{^{sum$ and $\mathit{TC\mathit{^{sum$."
Labor Cost considering single events of activity instances (activity instance granularity)	C	I	\(i \in I\)	\(\mathit{LC\mathit{^{sgl(i)\)	"\(\begin{cases}
#^{}_{\mathit{lc}(\mathit{cpl(i)) & \mathit{if \  #^{}_{\mathit{lc}(\mathit{cpl(i)) \neq \bot"
Labor Cost considering the sum of all events of activity instances (activity instance granularity)	C	I	\(i \in I\)	\(\mathit{LC\mathit{^{sum(i)\)	"\(\begin{cases}
#^{}_{\mathit{lc}(\mathit{str(i)) + & \\ #^{}_{\mathit{lc}(\mathit{cpl(i)) & \mathit{if \  #^{}_{\mathit{lc}(\mathit{cpl(i)) \neq \bot \land #^{}_{\mathit{lc}(\mathit{str(i)) \neq \bot"
Labor Cost (activity granularity)	C	A	\(a \in A\)	"\(\mathit{LC\mathit{^{\times(a)\) 
\newline \newline \(\mathit{\times \in \{\mathit{sgl, \mathit{sum\}\)"	"\(\sum _{i \in \mathit{inst(a)} \mathit{LC\mathit{^{\times(i)\)
\newline \newline The $\mathit{\times$ indicates that the PPI can take multiple forms, in this case, $\mathit{\times \in \{\mathit{sgl, \mathit{sum\}$. If $\mathit{\times = \mathit{sgl$, then the function considers single events of activity instances for cost calculations, i.e., it uses $\mathit{LC\mathit{^{sgl$; if $\mathit{\times = \mathit{sum$, then the function considers the sum of all events of activity instances for cost calculations, i.e., it uses $\mathit{LC\mathit{^{sum$."
Labor Cost (case granularity)	C	C	\(c \in C\)	"\(\mathit{LC\mathit{^{\times(c)\) 
\newline \newline \(\mathit{\times \in \{\mathit{sgl, \mathit{sum\}\)"	"\(\sum _{i \in \mathit{inst(c)} \mathit{LC\mathit{^{\times(i)\)
\newline \newline The $\mathit{\times$ indicates that the PPI can take multiple forms, in this case, $\mathit{\times \in \{\mathit{sgl, \mathit{sum\}$. If $\mathit{\times = \mathit{sgl$, then the function considers single events of activity instances for cost calculations, i.e., it uses $\mathit{LC\mathit{^{sgl$; if $\mathit{\times = \mathit{sum$, then the function considers the sum of all events of activity instances for cost calculations, i.e., it uses $\mathit{LC\mathit{^{sum$."
Labor Cost (group of cases granularity)	C	G	\(g \subseteq C \colon\) \newline \(g \neq \emptyset\)	"\(\mathit{LC\mathit{^{\times(g)\) 
\newline \newline \(\mathit{\times \in \{\mathit{sgl, \mathit{sum\}\)"	"\(\sum _{c \in g} \mathit{LC\mathit{^{\times(c)\)
\newline \newline The $\mathit{\times$ indicates that the PPI can take multiple forms, in this case, $\mathit{\times \in \{\mathit{sgl, \mathit{sum\}$. If $\mathit{\times = \mathit{sgl$, then the function considers single events of activity instances for cost calculations, i.e., it uses $\mathit{LC\mathit{^{sgl$; if $\mathit{\times = \mathit{sum$, then the function considers the sum of all events of activity instances for cost calculations, i.e., it uses $\mathit{LC\mathit{^{sum$."
Expected Labor Cost	C	G	\(g \subseteq C \colon\) \newline \(g \neq \emptyset\)	"\(\mathit{e\mathit{LC\mathit{^{\times(g)\) 
\newline \newline \(\mathit{\times \in \{\mathit{sgl, \mathit{sum\}\)"	"\(\frac{\mathit{LC\mathit{^{\times(g)}{\mathit{C(g)}\)
\newline \newline The $\mathit{\times$ indicates that the PPI can take multiple forms, in this case, $\mathit{\times \in \{\mathit{sgl, \mathit{sum\}$. If $\mathit{\times = \mathit{sgl$, then the function considers single events of activity instances for cost calculations, i.e., it uses $\mathit{LC\mathit{^{sgl$; if $\mathit{\times = \mathit{sum$, then the function considers the sum of all events of activity instances for cost calculations, i.e., it uses $\mathit{LC\mathit{^{sum$."
Maintenance Cost (case granularity)	C	C	\(c \in C\)	\(\mathit{MainC(c)\)	\(#^{}_{\mathit{mainc}(c)\)
Maintenance Cost (group of cases granularity)	C	G	\(g \subseteq C \colon\) \newline \(g \neq \emptyset\)	\(\mathit{MainC(g)\)	\(\sum _{c \in g} \mathit{MainC(c)\)
Expected Maintenance Cost	C	G	\(g \subseteq C \colon\) \newline \(g \neq \emptyset\)	\(\mathit{e\mathit{MainC(g)\)	\(\frac{\mathit{MainC(g)}{\mathit{C(g)}\)
Missed Deadline Cost (case granularity)	C	C	\(c \in C\)	\(\mathit{MDC(c)\)	\(#^{}_{\mathit{mdc}(c)\)
Missed Deadline Cost (group of cases granularity)	C	G	\(g \subseteq C \colon\) \newline \(g \neq \emptyset\)	\(\mathit{MDC(g)\)	\(\sum _{c \in g} \mathit{MDC(c)\)
Expected Missed Deadline Cost	C	G	\(g \subseteq C \colon\) \newline \(g \neq \emptyset\)	\(\mathit{e\mathit{MDC(g)\)	\(\frac{\mathit{MDC(g)}{\mathit{C(g)}\)
Overhead Cost (case granularity)	C	C	\(c \in C\)	"\(\mathit{OC\mathit{^{\times(c)\) 
\newline \newline \(\mathit{\times \in \{\mathit{sgl, \mathit{sum\}\)"	"\(\sum _{i \in \mathit{inst(c), \mathit{act(i) \notin \mathit{DCl} \mathit{TC\mathit{^{\times(i)\)
\newline \newline The $\mathit{\times$ indicates that the PPI can take multiple forms, in this case, $\mathit{\times \in \{\mathit{sgl, \mathit{sum\}$. If $\mathit{\times = \mathit{sgl$, then the function considers single events of activity instances for cost calculations, i.e., it uses $\mathit{TC\mathit{^{sgl$; if $\mathit{\times = \mathit{sum$, then the function considers the sum of all events of activity instances for cost calculations, i.e., it uses $\mathit{TC\mathit{^{sum$."
Overhead Cost (group of cases granularity)	C	G	\(g \subseteq C \colon\) \newline \(g \neq \emptyset\)	"\(\mathit{OC\mathit{^{\times(g)\) 
\newline \newline \(\mathit{\times \in \{\mathit{sgl, \mathit{sum\}\)"	"\(\sum _{c \in g} \mathit{OC\mathit{^{\times(c)\)
\newline \newline The $\mathit{\times$ indicates that the PPI can take multiple forms, in this case, $\mathit{\times \in \{\mathit{sgl, \mathit{sum\}$. If $\mathit{\times = \mathit{sgl$, then the function considers single events of activity instances for cost calculations, i.e., it uses $\mathit{OC\mathit{^{sgl$; if $\mathit{\times = \mathit{sum$, then the function considers the sum of all events of activity instances for cost calculations, i.e., it uses $\mathit{OC\mathit{^{sum$."
Expected Overhead Cost	C	G	\(g \subseteq C \colon\) \newline \(g \neq \emptyset\)	"\(\mathit{e\mathit{OC\mathit{^{\times(g)\) 
\newline \newline \(\mathit{\times \in \{\mathit{sgl, \mathit{sum\}\)"	"\(\frac{\mathit{OC\mathit{^{\times(g)}{\mathit{C(g)}\)
\newline \newline The $\mathit{\times$ indicates that the PPI can take multiple forms, in this case, $\mathit{\times \in \{\mathit{sgl, \mathit{sum\}$. If $\mathit{\times = \mathit{sgl$, then the function considers single events of activity instances for cost calculations, i.e., it uses $\mathit{OC\mathit{^{sgl$; if $\mathit{\times = \mathit{sum$, then the function considers the sum of all events of activity instances for cost calculations, i.e., it uses $\mathit{OC\mathit{^{sum$."
Resource count (activity granularity)	C	A	\(a \in A\)	\(\mathit{R(a)\)	\(|\mathit{res(a)|\)
Resource count (case granularity)	C	C	\(c \in C\)	\(\mathit{R(c)\)	\(|\mathit{res(c)|\)
Resource count (group of cases granularity)	C	G	\(g \subseteq C \colon\) \newline \(g \neq \emptyset\)	\(\mathit{R(g)\)	\(|\cup_{c \in g} \mathit{res(c)|\)
Expected Resource count	C	G	\(g \subseteq C \colon\) \newline \(g \neq \emptyset\)	\(\mathit{e\mathit{R(g)\)	\(\frac{\sum _{c \in g} \mathit{R(c)}{\mathit{C(g)}\)
Rework Cost (activity granularity)	C	A	\(a \in A\)	"\(\mathit{RC\mathit{^{\times(a)\)
\newline \newline \(\mathit{\times \in \{\mathit{sgl, \mathit{sum\}\)"	"\(\mathit{TC(a) - \sum _{c \in C} \mathit{fitc\mathit{^{\times(c, a)\)
\newline \newline The $\mathit{\times$ indicates that the PPI can take multiple forms, in this case, $\mathit{\times \in \{\mathit{sgl, \mathit{sum\}$. If $\mathit{\times = \mathit{sgl$, then the function considers single events of activity instances for cost calculations, i.e., it uses $\mathit{fitc\mathit{^{sgl$; if $\mathit{\times = \mathit{sum$, then the function considers the sum of all events of activity instances for cost calculations, i.e., it uses $\mathit{fitc\mathit{^{sum$."
Rework Cost (case granularity)	C	C	\(c \in C\)	"\(\mathit{RC\mathit{^{\times(c)\)
\newline \newline \(\mathit{\times \in \{\mathit{sgl, \mathit{sum\}\)"	"\(\mathit{TC(c) - \sum _{a \in A} \mathit{fitc\mathit{^{\times(c, a)\)
\newline \newline The $\mathit{\times$ indicates that the PPI can take multiple forms, in this case, $\mathit{\times \in \{\mathit{sgl, \mathit{sum\}$. If $\mathit{\times = \mathit{sgl$, then the function considers single events of activity instances for cost calculations, i.e., it uses $\mathit{fitc\mathit{^{sgl$; if $\mathit{\times = \mathit{sum$, then the function considers the sum of all events of activity instances for cost calculations, i.e., it uses $\mathit{fitc\mathit{^{sum$."
Rework Cost (group of cases granularity)	C	G	\(g \subseteq C \colon\) \newline \(g \neq \emptyset\)	"\(\mathit{RC\mathit{^{\times(g)\)
\newline \newline \(\mathit{\times \in \{\mathit{sgl, \mathit{sum\}\)"	"\(\sum _{c \in g} \mathit{RC\mathit{^{\times(c)\)
\newline \newline The $\mathit{\times$ indicates that the PPI can take multiple forms, in this case, $\mathit{\times \in \{\mathit{sgl, \mathit{sum\}$. If $\mathit{\times = \mathit{sgl$, then the function considers single events of activity instances for cost calculations, i.e., it uses $\mathit{RC\mathit{^{sgl$; if $\mathit{\times = \mathit{sum$, then the function considers the sum of all events of activity instances for cost calculations, i.e., it uses $\mathit{RC\mathit{^{sum$."
Expected Rework Cost	C	G	\(g \subseteq C \colon\) \newline \(g \neq \emptyset\)	"\(\mathit{e\mathit{RC\mathit{^{\times(g)\)
\newline \newline \(\mathit{\times \in \{\mathit{sgl, \mathit{sum\}\)"	"\(\frac{\mathit{RC\mathit{^{\times(g)}{\mathit{C(g)}\)
\newline \newline The $\mathit{\times$ indicates that the PPI can take multiple forms, in this case, $\mathit{\times \in \{\mathit{sgl, \mathit{sum\}$. If $\mathit{\times = \mathit{sgl$, then the function considers single events of activity instances for cost calculations, i.e., it uses $\mathit{RC\mathit{^{sgl$; if $\mathit{\times = \mathit{sum$, then the function considers the sum of all events of activity instances for cost calculations, i.e., it uses $\mathit{RC\mathit{^{sum$."
Rework Count (activity granularity)	C	A	\(a \in A\)	\(\mathit{RewC(a)\)	\(\sum _{c \in C} \mathit{max(0, \mathit{count(c, a) - 1)\)
Rework Count (case granularity)	C	C	\(c \in C\)	\(\mathit{RewC(c)\)	\(\sum _{a \in A} \mathit{max(0, \mathit{count(c, a) - 1)\)
Rework Count (group of cases granularity)	C	G	\(g \subseteq C \colon\) \newline \(g \neq \emptyset\)	\(\mathit{RewC(g)\)	\(\sum _{c \in g} \mathit{RewC(c)\)
Expected Rework Count	C	G	\(g \subseteq C \colon\) \newline \(g \neq \emptyset\)	\(\mathit{e\mathit{RewC(g)\)	\(\frac{\mathit{RewC(g)}{\mathit{C(g)}\)
Rework Percentage (activity granularity)	C	A	\(a \in A\)	\(\mathit{RewP(a)\)	\(\frac{\mathit{RewC(a)}{\mathit{I(a)}\)
Rework Percentage (case granularity)	C	C	\(c \in C\)	\(\mathit{RewP(c)\)	\(\frac{\mathit{RewC(c)}{\mathit{I(c)}\)
Rework Percentage (group of cases granularity)	C	G	\(g \subseteq C \colon\) \newline \(g \neq \emptyset\)	\(\mathit{RewP(g)\)	\(\frac{\mathit{RewC(g)}{\mathit{I(g)}\)
Expected Rework Percentage	C	G	\(g \subseteq C \colon\) \newline \(g \neq \emptyset\)	\(\mathit{e\mathit{RewP(g)\)	\(\frac{\sum _{c \in g} \mathit{RewP(c)}{\mathit{C(g)}\)
Total Cost considering single events of activity instances (activity instance granularity)	C	I	\(i \in I\)	\(\mathit{TC\mathit{^{sgl(i)\)	"\(\begin{cases}
#^{}_{\mathit{tc}(\mathit{cpl(i)) & \mathit{if \  #^{}_{\mathit{tc}(\mathit{cpl(i)) \neq \bot"
Total Cost considering the sum of all events of activity instances (activity instance granularity)	C	I	\(i \in I\)	\(\mathit{TC\mathit{^{sum(i)\)	"\(\begin{cases}
#^{}_{\mathit{tc}(\mathit{str(i)) + & \\ #^{}_{\mathit{tc}(\mathit{cpl(i)) & \mathit{if \  #^{}_{\mathit{tc}(\mathit{cpl(i)) \neq \bot \land #^{}_{\mathit{tc}(\mathit{str(i)) \neq \bot"
Total Cost (activity granularity)	C	A	\(a \in A\)	"\(\mathit{TC\mathit{^{\times(a)\)
\newline \newline \(\mathit{\times \in \{\mathit{sgl, \mathit{sum\}\)"	"\(\sum _{i \in \mathit{inst(a)} \mathit{TC\mathit{^{\times(i)\)
\newline \newline The $\mathit{\times$ indicates that the PPI can take multiple forms, in this case, $\mathit{\times \in \{\mathit{sgl, \mathit{sum\}$. If $\mathit{\times = \mathit{sgl$, then the function considers single events of activity instances for cost calculations, i.e., it uses $\mathit{TC\mathit{^{sgl$; if $\mathit{\times = \mathit{sum$, then the function considers the sum of all events of activity instances for cost calculations, i.e., it uses $\mathit{TC\mathit{^{sum$."
Total Cost (case granularity)	C	C	\(c \in C\)	"\(\mathit{TC\mathit{^{\times(c)\)
\newline \newline \(\mathit{\times \in \{\mathit{sgl, \mathit{sum\}\)"	"\(\sum _{i \in \mathit{inst(c)} \mathit{TC\mathit{^{\times(i)\)
\newline \newline The $\mathit{\times$ indicates that the PPI can take multiple forms, in this case, $\mathit{\times \in \{\mathit{sgl, \mathit{sum\}$. If $\mathit{\times = \mathit{sgl$, then the function considers single events of activity instances for cost calculations, i.e., it uses $\mathit{TC\mathit{^{sgl$; if $\mathit{\times = \mathit{sum$, then the function considers the sum of all events of activity instances for cost calculations, i.e., it uses $\mathit{TC\mathit{^{sum$."
Total Cost (group of cases granularity)	C	G	\(g \subseteq C \colon\) \newline \(g \neq \emptyset\)	"\(\mathit{TC\mathit{^{\times(g)\)
\newline \newline \(\mathit{\times \in \{\mathit{sgl, \mathit{sum\}\)"	"\(\sum _{c \in g} \mathit{TC\mathit{^{\times(c)\)
\newline \newline The $\mathit{\times$ indicates that the PPI can take multiple forms, in this case, $\mathit{\times \in \{\mathit{sgl, \mathit{sum\}$. If $\mathit{\times = \mathit{sgl$, then the function considers single events of activity instances for cost calculations, i.e., it uses $\mathit{TC\mathit{^{sgl$; if $\mathit{\times = \mathit{sum$, then the function considers the sum of all events of activity instances for cost calculations, i.e., it uses $\mathit{TC\mathit{^{sum$."
Expected Total Cost	C	G	\(g \subseteq C \colon\) \newline \(g \neq \emptyset\)	"\(\mathit{e\mathit{TC\mathit{^{\times(g)\)
\newline \newline \(\mathit{\times \in \{\mathit{sgl, \mathit{sum\}\)"	"\(\frac{\mathit{TC\mathit{^{\times(g)}{\mathit{C(g)}\)
\newline \newline The $\mathit{\times$ indicates that the PPI can take multiple forms, in this case, $\mathit{\times \in \{\mathit{sgl, \mathit{sum\}$. If $\mathit{\times = \mathit{sgl$, then the function considers single events of activity instances for cost calculations, i.e., it uses $\mathit{TC\mathit{^{sgl$; if $\mathit{\times = \mathit{sum$, then the function considers the sum of all events of activity instances for cost calculations, i.e., it uses $\mathit{TC\mathit{^{sum$."
Total Cost and Lead Time Ratio (activity instance granularity)	C	I	\(i \in I\)	"\(\mathit{TCLTR\mathit{^{\times(i)\)
\newline \newline \(\mathit{\times \in \{\mathit{sgl, \mathit{sum\}\)"	"\(\frac{\mathit{TC\mathit{^{\times(i)}{\mathit{LT(i)}\)
\newline \newline The $\mathit{\times$ indicates that the PPI can take multiple forms, in this case, $\mathit{\times \in \{\mathit{sgl, \mathit{sum\}$. If $\mathit{\times = \mathit{sgl$, then the function considers single events of activity instances for cost calculations, i.e., it uses $\mathit{TC\mathit{^{sgl$; if $\mathit{\times = \mathit{sum$, then the function considers the sum of all events of activity instances for cost calculations, i.e., it uses $\mathit{TC\mathit{^{sum$."
Total Cost and Lead Time Ratio (activity granularity)	C	A	\(a \in A\)	"\(\mathit{TCLTR\mathit{^{\times(a)\)
\newline \newline \(\mathit{\times \in \{\mathit{sgl, \mathit{sum\}\)"	"\(\frac{\mathit{TC\mathit{^{\times(a)}{\mathit{LT(a)}\)
\newline \newline The $\mathit{\times$ indicates that the PPI can take multiple forms, in this case, $\mathit{\times \in \{\mathit{sgl, \mathit{sum\}$. If $\mathit{\times = \mathit{sgl$, then the function considers single events of activity instances for cost calculations, i.e., it uses $\mathit{TC\mathit{^{sgl$; if $\mathit{\times = \mathit{sum$, then the function considers the sum of all events of activity instances for cost calculations, i.e., it uses $\mathit{TC\mathit{^{sum$."
Total Cost and Lead Time Ratio (case granularity)	C	C	\(c \in C\)	"\(\mathit{TCLTR\mathit{^{\times(c)\)
\newline \newline \(\mathit{\times \in \{\mathit{sgl, \mathit{sum\}\)"	"\(\frac{\mathit{TC\mathit{^{\times(c)}{\mathit{LT(c)}\)
\newline \newline The $\mathit{\times$ indicates that the PPI can take multiple forms, in this case, $\mathit{\times \in \{\mathit{sgl, \mathit{sum\}$. If $\mathit{\times = \mathit{sgl$, then the function considers single events of activity instances for cost calculations, i.e., it uses $\mathit{TC\mathit{^{sgl$; if $\mathit{\times = \mathit{sum$, then the function considers the sum of all events of activity instances for cost calculations, i.e., it uses $\mathit{TC\mathit{^{sum$."
Total Cost and Lead Time Ratio (group of cases granularity)	C	G	\(g \subseteq C \colon\) \newline \(g \neq \emptyset\)	"\(\mathit{TCLTR\mathit{^{\times(g)\)
\newline \newline \(\mathit{\times \in \{\mathit{sgl, \mathit{sum\}\)"	"\(\frac{\mathit{TC\mathit{^{\times(g)}{\mathit{LT(g)}\)
\newline \newline The $\mathit{\times$ indicates that the PPI can take multiple forms, in this case, $\mathit{\times \in \{\mathit{sgl, \mathit{sum\}$. If $\mathit{\times = \mathit{sgl$, then the function considers single events of activity instances for cost calculations, i.e., it uses $\mathit{TC\mathit{^{sgl$; if $\mathit{\times = \mathit{sum$, then the function considers the sum of all events of activity instances for cost calculations, i.e., it uses $\mathit{TC\mathit{^{sum$."
Expected Total Cost and Lead Time Ratio	C	G	\(g \subseteq C \colon\) \newline \(g \neq \emptyset\)	"\(\mathit{e\mathit{TCLTR\mathit{^{\times(g)\)
\newline \newline \(\mathit{\times \in \{\mathit{sgl, \mathit{sum\}\)"	"\(\frac{\mathit{TC\mathit{^{\times(g)}{\sum _{c \in g} \mathit{LT(c)}\)
\newline \newline The $\mathit{\times$ indicates that the PPI can take multiple forms, in this case, $\mathit{\times \in \{\mathit{sgl, \mathit{sum\}$. If $\mathit{\times = \mathit{sgl$, then the function considers single events of activity instances for cost calculations, i.e., it uses $\mathit{TC\mathit{^{sgl$; if $\mathit{\times = \mathit{sum$, then the function considers the sum of all events of activity instances for cost calculations, i.e., it uses $\mathit{TC\mathit{^{sum$."
Total Cost and outcome Unit Ratio (activity instance granularity)	C	I	\(i \in I\)	"\(\mathit{TCUR\mathit{^{\times(i)\)
\newline \newline \(\mathit{\times \in \{\mathit{sgl, \mathit{sum\}\)"	"\(\frac{\mathit{TC\mathit{^{\times(i)}{\mathit{U\mathit{^{\times(i)}\)
\newline \newline The $\mathit{\times$ indicates that the PPI can take multiple forms, in this case, $\mathit{\times \in \{\mathit{sgl, \mathit{sum\}$. If $\mathit{\times = \mathit{sgl$, then the function considers single events of activity instances for cost and outcome unit calculations, i.e., it uses $\mathit{TC\mathit{^{sgl$ and $\mathit{U\mathit{^{sgl$; if $\mathit{\times = \mathit{sum$, then the function considers the sum of all events of activity instances for cost and outcome unit calculations, i.e., it uses $\mathit{TC\mathit{^{sum$ and $\mathit{U\mathit{^{sum$."
Total Cost and outcome Unit Ratio (activity granularity)	C	A	\(a \in A\)	"\(\mathit{TCUR\mathit{^{\times(a)\)
\newline \newline \(\mathit{\times \in \{\mathit{sgl, \mathit{sum\}\)"	"\(\frac{\mathit{TC\mathit{^{\times(a)}{\mathit{U\mathit{^{\times(a)}\)
\newline \newline The $\mathit{\times$ indicates that the PPI can take multiple forms, in this case, $\mathit{\times \in \{\mathit{sgl, \mathit{sum\}$. If $\mathit{\times = \mathit{sgl$, then the function considers single events of activity instances for cost and outcome unit calculations, i.e., it uses $\mathit{TC\mathit{^{sgl$ and $\mathit{U\mathit{^{sgl$; if $\mathit{\times = \mathit{sum$, then the function considers the sum of all events of activity instances for cost and outcome unit calculations, i.e., it uses $\mathit{TC\mathit{^{sum$ and $\mathit{U\mathit{^{sum$."
Total Cost and outcome Unit Ratio (case granularity)	C	C	\(c \in C\)	"\(\mathit{TCUR\mathit{^{\times(c)\)
\newline \newline \(\mathit{\times \in \{\mathit{sgl, \mathit{sum\}\)"	"\(\frac{\mathit{TC\mathit{^{\times(c)}{\mathit{U\mathit{^{\times(c)}\)
\newline \newline The $\mathit{\times$ indicates that the PPI can take multiple forms, in this case, $\mathit{\times \in \{\mathit{sgl, \mathit{sum\}$. If $\mathit{\times = \mathit{sgl$, then the function considers single events of activity instances for cost and outcome unit calculations, i.e., it uses $\mathit{TC\mathit{^{sgl$ and $\mathit{U\mathit{^{sgl$; if $\mathit{\times = \mathit{sum$, then the function considers the sum of all events of activity instances for cost and outcome unit calculations, i.e., it uses $\mathit{TC\mathit{^{sum$ and $\mathit{U\mathit{^{sum$."
Total Cost and outcome Unit Ratio (group of cases granularity)	C	G	\(g \subseteq C \colon\) \newline \(g \neq \emptyset\)	"\(\mathit{TCUR\mathit{^{\times(g)\)
\newline \newline \(\mathit{\times \in \{\mathit{sgl, \mathit{sum\}\)"	"\(\frac{\mathit{TC\mathit{^{\times(g)}{\mathit{U\mathit{^{\times(g)}\)
\newline \newline The $\mathit{\times$ indicates that the PPI can take multiple forms, in this case, $\mathit{\times \in \{\mathit{sgl, \mathit{sum\}$. If $\mathit{\times = \mathit{sgl$, then the function considers single events of activity instances for cost and outcome unit calculations, i.e., it uses $\mathit{TC\mathit{^{sgl$ and $\mathit{U\mathit{^{sgl$; if $\mathit{\times = \mathit{sum$, then the function considers the sum of all events of activity instances for cost and outcome unit calculations, i.e., it uses $\mathit{TC\mathit{^{sum$ and $\mathit{U\mathit{^{sum$."
Expected Total Cost and outcome Unit Ratio	C	G	\(g \subseteq C \colon\) \newline \(g \neq \emptyset\)	"\(\mathit{e\mathit{TCUR\mathit{^{\times(g)\)
\newline \newline \(\mathit{\times \in \{\mathit{sgl, \mathit{sum\}\)"	"\(\frac{\mathit{TC\mathit{^{\times(g)}{\mathit{U\mathit{^{\times(g)}\)
\newline \newline The $\mathit{\times$ indicates that the PPI can take multiple forms, in this case, $\mathit{\times \in \{\mathit{sgl, \mathit{sum\}$. If $\mathit{\times = \mathit{sgl$, then the function considers single events of activity instances for cost and outcome unit calculations, i.e., it uses $\mathit{TC\mathit{^{sgl$ and $\mathit{U\mathit{^{sgl$; if $\mathit{\times = \mathit{sum$, then the function considers the sum of all events of activity instances for cost and outcome unit calculations, i.e., it uses $\mathit{TC\mathit{^{sum$ and $\mathit{U\mathit{^{sum$."
Total Cost and Service Time Ratio (activity instance granularity)	C	I	\(i \in I\)	"\(\mathit{TCSTR\mathit{^{\times(i)\)
\newline \newline \(\mathit{\times \in \{\mathit{sgl, \mathit{sum\}\)"	"\(\frac{\mathit{TC\mathit{^{\times(i)}{\mathit{ST(i)}\)
\newline \newline The $\mathit{\times$ indicates that the PPI can take multiple forms, in this case, $\mathit{\times \in \{\mathit{sgl, \mathit{sum\}$. If $\mathit{\times = \mathit{sgl$, then the function considers single events of activity instances for cost calculations, i.e., it uses $\mathit{TC\mathit{^{sgl$; if $\mathit{\times = \mathit{sum$, then the function considers the sum of all events of activity instances for cost calculations, i.e., it uses $\mathit{TC\mathit{^{sum$."
Total Cost and Service Time Ratio (activity granularity)	C	A	\(a \in A\)	"\(\mathit{TCSTR\mathit{^{\times(a)\)
\newline \newline \(\mathit{\times \in \{\mathit{sgl, \mathit{sum\}\)"	"\(\frac{\mathit{TC\mathit{^{\times(a)}{\mathit{ST(a)}\)
\newline \newline The $\mathit{\times$ indicates that the PPI can take multiple forms, in this case, $\mathit{\times \in \{\mathit{sgl, \mathit{sum\}$. If $\mathit{\times = \mathit{sgl$, then the function considers single events of activity instances for cost calculations, i.e., it uses $\mathit{TC\mathit{^{sgl$; if $\mathit{\times = \mathit{sum$, then the function considers the sum of all events of activity instances for cost calculations, i.e., it uses $\mathit{TC\mathit{^{sum$."
Total Cost and Service Time Ratio (case granularity)	C	C	\(c \in C\)	"\(\mathit{TCSTR\mathit{^{\times(c)\)
\newline \newline \(\mathit{\times \in \{\mathit{sgl, \mathit{sum\}\)"	"\(\frac{\mathit{TC\mathit{^{\times(c)}{\mathit{ST(c)}\)
\newline \newline The $\mathit{\times$ indicates that the PPI can take multiple forms, in this case, $\mathit{\times \in \{\mathit{sgl, \mathit{sum\}$. If $\mathit{\times = \mathit{sgl$, then the function considers single events of activity instances for cost calculations, i.e., it uses $\mathit{TC\mathit{^{sgl$; if $\mathit{\times = \mathit{sum$, then the function considers the sum of all events of activity instances for cost calculations, i.e., it uses $\mathit{TC\mathit{^{sum$."
Total Cost and Service Time Ratio (group of cases granularity)	C	G	\(g \subseteq C \colon\) \newline \(g \neq \emptyset\)	"\(\mathit{TCSTR\mathit{^{\times(g)\)
\newline \newline \(\mathit{\times \in \{\mathit{sgl, \mathit{sum\}\)"	"\(\frac{\mathit{TC\mathit{^{\times(g)}{\mathit{ST(g)}\)
\newline \newline The $\mathit{\times$ indicates that the PPI can take multiple forms, in this case, $\mathit{\times \in \{\mathit{sgl, \mathit{sum\}$. If $\mathit{\times = \mathit{sgl$, then the function considers single events of activity instances for cost calculations, i.e., it uses $\mathit{TC\mathit{^{sgl$; if $\mathit{\times = \mathit{sum$, then the function considers the sum of all events of activity instances for cost calculations, i.e., it uses $\mathit{TC\mathit{^{sum$."
Expected Total Cost and Service Time Ratio	C	G	\(g \subseteq C \colon\) \newline \(g \neq \emptyset\)	"\(\mathit{e\mathit{TCSTR\mathit{^{\times(g)\)
\newline \newline \(\mathit{\times \in \{\mathit{sgl, \mathit{sum\}\)"	"\(\frac{\mathit{TC\mathit{^{\times(g)}{\mathit{ST(g)}\)
\newline \newline The $\mathit{\times$ indicates that the PPI can take multiple forms, in this case, $\mathit{\times \in \{\mathit{sgl, \mathit{sum\}$. If $\mathit{\times = \mathit{sgl$, then the function considers single events of activity instances for cost calculations, i.e., it uses $\mathit{TC\mathit{^{sgl$; if $\mathit{\times = \mathit{sum$, then the function considers the sum of all events of activity instances for cost calculations, i.e., it uses $\mathit{TC\mathit{^{sum$."
Transportation Cost (case granularity)	C	C	\(c \in C\)	\(\mathit{TransC(c)\)	\(#^{}_{\mathit{transc}(c)\)
Transportation Cost (group of cases granularity)	C	G	\(g \subseteq C \colon\) \newline \(g \neq \emptyset\)	\(\mathit{TransC(g)\)	\(\sum _{c \in g} \mathit{TransC(c)\)
Expected Transportation Cost	C	G	\(g \subseteq C \colon\) \newline \(g \neq \emptyset\)	\(\mathit{e\mathit{TransC(g)\)	\(\frac{\mathit{TransC(g)}{\mathit{C(g)}\)
Variable Cost considering single events of activity instances (activity instance granularity)	C	I	\(i \in I\)	\(\mathit{VC\mathit{^{sgl(i)\)	"\(\begin{cases}
#^{}_{\mathit{vc}(\mathit{cpl(i)) & \mathit{if \  #^{}_{\mathit{vc}(\mathit{cpl(i)) \neq \bot"
Variable Cost considering the sum of all events of activity instances (activity instance granularity)	C	I	\(i \in I\)	\(\mathit{VC\mathit{^{sum(i)\)	"\(\begin{cases}
#^{}_{\mathit{vc}(\mathit{str(i)) + & \\ #^{}_{\mathit{vc}(\mathit{cpl(i)) & \mathit{if \  #^{}_{\mathit{vc}(\mathit{cpl(i)) \neq \bot \land #^{}_{\mathit{vc}(\mathit{str(i)) \neq \bot"
Variable Cost (activity granularity)	C	A	\(a \in A\)	"\(\mathit{VC\mathit{^{\times(a)\)
\newline \newline \(\mathit{\times \in \{\mathit{sgl, \mathit{sum\}\)"	"\(\sum _{i \in \mathit{inst(a)} \mathit{VC\mathit{^{\times(i)\)
\newline \newline The $\mathit{\times$ indicates that the PPI can take multiple forms, in this case, $\mathit{\times \in \{\mathit{sgl, \mathit{sum\}$. If $\mathit{\times = \mathit{sgl$, then the function considers single events of activity instances for cost calculations, i.e., it uses $\mathit{VC\mathit{^{sgl$; if $\mathit{\times = \mathit{sum$, then the function considers the sum of all events of activity instances for cost calculations, i.e., it uses $\mathit{VC\mathit{^{sum$."
Variable Cost (case granularity)	C	C	\(c \in C\)	"\(\mathit{VC\mathit{^{\times(c)\)
\newline \newline \(\mathit{\times \in \{\mathit{sgl, \mathit{sum\}\)"	"\(\sum _{i \in \mathit{inst(c)} \mathit{VC\mathit{^{\times(i)\)
\newline \newline The $\mathit{\times$ indicates that the PPI can take multiple forms, in this case, $\mathit{\times \in \{\mathit{sgl, \mathit{sum\}$. If $\mathit{\times = \mathit{sgl$, then the function considers single events of activity instances for cost calculations, i.e., it uses $\mathit{VC\mathit{^{sgl$; if $\mathit{\times = \mathit{sum$, then the function considers the sum of all events of activity instances for cost calculations, i.e., it uses $\mathit{VC\mathit{^{sum$."
Variable Cost (group of cases granularity)	C	G	\(g \subseteq C \colon\) \newline \(g \neq \emptyset\)	"\(\mathit{VC\mathit{^{\times(g)\)
\newline \newline \(\mathit{\times \in \{\mathit{sgl, \mathit{sum\}\)"	"\(\sum _{c \in g} \mathit{VC\mathit{^{\times(c)\)
\newline \newline The $\mathit{\times$ indicates that the PPI can take multiple forms, in this case, $\mathit{\times \in \{\mathit{sgl, \mathit{sum\}$. If $\mathit{\times = \mathit{sgl$, then the function considers single events of activity instances for cost calculations, i.e., it uses $\mathit{VC\mathit{^{sgl$; if $\mathit{\times = \mathit{sum$, then the function considers the sum of all events of activity instances for cost calculations, i.e., it uses $\mathit{VC\mathit{^{sum$."
Expected Variable Cost	C	G	\(g \subseteq C \colon\) \newline \(g \neq \emptyset\)	"\(\mathit{e\mathit{VC\mathit{^{\times(g)\)
\newline \newline \(\mathit{\times \in \{\mathit{sgl, \mathit{sum\}\)"	"\(\frac{\mathit{VC\mathit{^{\times(g)}{\mathit{C(g)}\)
\newline \newline The $\mathit{\times$ indicates that the PPI can take multiple forms, in this case, $\mathit{\times \in \{\mathit{sgl, \mathit{sum\}$. If $\mathit{\times = \mathit{sgl$, then the function considers single events of activity instances for cost calculations, i.e., it uses $\mathit{VC\mathit{^{sgl$; if $\mathit{\times = \mathit{sum$, then the function considers the sum of all events of activity instances for cost calculations, i.e., it uses $\mathit{VC\mathit{^{sum$."
Warehousing Cost (case granularity)	C	C	\(c \in C\)	\(\mathit{WareC(c)\)	\(#^{}_{\mathit{warec}(c)\)
Warehousing Cost (group of cases granularity)	C	G	\(g \subseteq C \colon\) \newline \(g \neq \emptyset\)	\(\mathit{WareC(g)\)	\(\sum _{c \in g} \mathit{WareC(c)\)
Expected Warehousing Cost	C	G	\(g \subseteq C \colon\) \newline \(g \neq \emptyset\)	\(\mathit{e\mathit{WareC(g)\)	\(\frac{\mathit{WareC(g)}{\mathit{C(g)}\)
activity Instance count by Human Resource (activity granularity)	Q	A	\(a \in A\) \newline \(\mathit{hr \in U^{}_{\mathit{hres}\)	\(\mathit{IbyHR(a, \mathit{hr)\)	\(|\{i \in \mathit{inst(a) \mid \mathit{hres(i) = \mathit{hr\}|\)
activity Instance count by Human Resource (case granularity)	Q	C	\(c \in C\) \newline \(\mathit{hr \in U^{}_{\mathit{hres}\)	\(\mathit{IbyHR(c, \mathit{hr)\)	\(|\{i \in \mathit{inst(c) \mid \mathit{hres(i) = \mathit{hr\}|\)
activity Instance count by Human Resource (group of cases granularity)	Q	G	\(g \subseteq C \colon\) \newline \(g \neq \emptyset\) \newline \(\mathit{hr \in U^{}_{\mathit{hres}\)	\(\mathit{IbyHR(g, \mathit{hr)\)	\(\sum _{c \in g} \mathit{IbyHR(c, \mathit{hr)\)
Expected activity Instance count by Human Resource	Q	G	\(g \subseteq C \colon\) \newline \(g \neq \emptyset\) \newline \(\mathit{hr \in U^{}_{\mathit{hres}\)	\(\mathit{e\mathit{IbyHR(g, \mathit{hr)\)	\(\frac{\mathit{IbyHR(g, \mathit{hr)}{\mathit{C(g)}\)
activity Instance count by Role (case granularity)	Q	C	\(c \in C\) \newline \(\mathit{rl \in U^{}_{\mathit{role}\)	\(\mathit{IbyRole(c, \mathit{rl)\)	\(|\{i \in \mathit{inst(c) \mid \mathit{role(i) = \mathit{rl\}|\)
activity Instance count by Role (group of cases granularity)	Q	G	\(g \subseteq C \colon\) \newline \(g \neq \emptyset\) \newline \(\mathit{rl \in U^{}_{\mathit{role}\)	\(\mathit{IbyRole(g, \mathit{rl)\)	\(\sum _{c \in g} \mathit{IbyRole(c, \mathit{rl)\)
Expected activity Instance count by Role	Q	G	\(g \subseteq C \colon\) \newline \(g \neq \emptyset\) \newline \(\mathit{rl \in U^{}_{\mathit{role}\)	\(\mathit{e\mathit{IbyRole(g, \mathit{rl)\)	\(\frac{\mathit{IbyRole(g, \mathit{rl)}{\mathit{C(g)}\)
Automated Activity count (case granularity)	Q	C	\(c \in C\)	\(\mathit{Auta(c)\)	\(|\mathit{Autl \cap \mathit{act(c)|\)
Automated Activity count (group of cases granularity)	Q	G	\(g \subseteq C \colon\) \newline \(g \neq \emptyset\)	\(\mathit{Auta(g)\)	\(|\mathit{Autl \cap (\cup_{c \in g} \mathit{act(c))|\)
Expected Automated Activity count	Q	G	\(g \subseteq C \colon\) \newline \(g \neq \emptyset\)	\(\mathit{e\mathit{Auta(g)\)	\(\frac{\sum _{c \in g} \mathit{Auta(c)}{\mathit{C(g)}\)
Automated activity Instance count (case granularity)	Q	C	\(c \in C\)	\(\mathit{Auti(c)\)	\(|\{i \in \mathit{inst(c) \mid \mathit{act(i) \in \mathit{Autl\}|\)
Automated activity Instance count (group of cases granularity)	Q	G	\(g \subseteq C \colon\) \newline \(g \neq \emptyset\)	\(\mathit{Auti(g)\)	\(\sum _{c \in g} \mathit{Auti(c)\)
Expected Automated activity Instance count	Q	G	\(g \subseteq C \colon\) \newline \(g \neq \emptyset\)	\(\mathit{e\mathit{Auti(g)\)	\(\frac{\mathit{Auti(g)}{\mathit{C(g)}\)
Case and Client count Ratio (group of cases granularity)	Q	G	\(g \subseteq C \colon\) \newline \(g \neq \emptyset\)	\(\mathit{CCliR(g)\)	\(\frac{\mathit{C(g)}{\mathit{Cli(g)}\)
Case Count where Activity after Time Frame (group of cases granularity)	Q	G	\(g \subseteq C \colon\) \newline \(g \neq \emptyset\) \newline \(\mathit{a \in A\) \newline \(\mathit{et \in U^{}_{\mathit{time}\)	\(\mathit{CApastTFC(g, \mathit{a, \mathit{et)\)	\(|\{c \in g \mid \exists i \in \mathit{inst(c, \mathit{a)[\mathit{stime(i) \geq \mathit{et]\}|\)
Case Count where Activity before Time Frame (group of cases granularity)	Q	G	\(g \subseteq C \colon\) \newline \(g \neq \emptyset\) \newline \(\mathit{a \in A\) \newline \(\mathit{st \in U^{}_{\mathit{time}\)	\(\mathit{CAdueTFC(g, \mathit{a, \mathit{st)\)	\(|\{c \in g \mid \exists i \in \mathit{inst(c, \mathit{a)[\mathit{stime(i) \leq \mathit{st]\}|\)
Case Count where Activity during Time Frame (group of cases granularity)	Q	G	\(g \subseteq C \colon\) \newline \(g \neq \emptyset\) \newline \(\mathit{a \in A\) \newline \(\mathit{st, \mathit{et \in U^{}_{\mathit{time} \colon\) \newline \(\mathit{st < \mathit{et\)	\(\mathit{CAinTFC(g, \mathit{a, \mathit{st, \mathit{et)\)	\(|\{c \in g \mid \exists i \in \mathit{inst(c, \mathit{a)[\mathit{st \leq \mathit{stime(i) \land \mathit{stime(i) \leq \mathit{et]\}|\)
Case Count where end activity is A (group of cases granularity)	Q	G	\(g \subseteq C \colon\) \newline \(g \neq \emptyset\) \newline \(\mathit{a \in A\)	\(\mathit{CendAC(g, \mathit{a)\)	\(|\{c \in g \mid \exists i \in \mathit{endin(c)[\mathit{act(i) = \mathit{a]\}|\)
Case Count where start activity is A (group of cases granularity)	Q	G	\(g \subseteq C \colon\) \newline \(g \neq \emptyset\) \newline \(\mathit{a \in A\)	\(\mathit{CstartAC(g, \mathit{a)\)	\(|\{c \in g \mid \exists i \in \mathit{strin(c)[\mathit{act(i) = \mathit{a]\}|\)
Case Count with Rework (group of cases granularity)	Q	G	\(g \subseteq C \colon\) \newline \(g \neq \emptyset\)	\(\mathit{CRewC(g)\)	\(|\{c \in g \mid \mathit{RewC(c) > 0\}|\)
Case Percentage where Activity after Time Frame (group of cases granularity)	Q	G	\(g \subseteq C \colon\) \newline \(g \neq \emptyset\) \newline \(\mathit{a \in A\) \newline \(\mathit{et \in U^{}_{\mathit{time}\)	\(\mathit{CApastTFP(g, \mathit{a, \mathit{et)\)	\(\frac{\mathit{CApastTFC(g, \mathit{a, \mathit{et)}{\mathit{C(g)}\)
Case Percentage where Activity before Time Frame (group of cases granularity)	Q	G	\(g \subseteq C \colon\) \newline \(g \neq \emptyset\) \newline \(\mathit{a \in A\) \newline \(\mathit{st \in U^{}_{\mathit{time}\)	\(\mathit{CAdueTFP(g, \mathit{a, \mathit{st)\)	\(\frac{\mathit{CAdueTFC(g, \mathit{a, \mathit{st)}{\mathit{C(g)}\)
Case Percentage where Activity during Time Frame (group of cases granularity)	Q	G	\(g \subseteq C \colon\) \newline \(g \neq \emptyset\) \newline \(\mathit{a \in A\) \newline \(\mathit{st, \mathit{et \in U^{}_{\mathit{time} \colon\) \newline \(\mathit{st < \mathit{et\)	\(\mathit{CAinTFP(g, \mathit{a, \mathit{st, \mathit{et)\)	\(\frac{\mathit{CAinTFC(g, \mathit{a, \mathit{st, \mathit{et)}{\mathit{C(g)}\)
Case Percentage where End Activity is A (group of cases granularity)	Q	G	\(g \subseteq C \colon\) \newline \(g \neq \emptyset\) \newline \(\mathit{a \in A\)	\(\mathit{CendAP(g, \mathit{a)\)	\(\frac{\mathit{CendAC(g, \mathit{a)}{\mathit{C(g)}\)
Case Percentage where Start Activity is A (group of cases granularity)	Q	G	\(g \subseteq C \colon\) \newline \(g \neq \emptyset\) \newline \(\mathit{a \in A\)	\(\mathit{CstartAP(g, \mathit{a)\)	\(\frac{\mathit{CstartAC(g, \mathit{a)}{\mathit{C(g)}\)
Case Percentage with Missed Deadline (group of cases granularity)	Q	G	\(g \subseteq C \colon\) \newline \(g \neq \emptyset\) \newline \(\mathit{val \in U^{}_{\mathit{time}\)	\(\mathit{CMDP(g, \mathit{val)\)	\(\frac{|\{c \in g \mid \mathit{endt(c) > \mathit{val\}|}{\mathit{C(g)}\)
Case Percentage with Rework (group of cases granularity)	Q	G	\(g \subseteq C \colon\) \newline \(g \neq \emptyset\)	\(\mathit{CRewP(g)\)	\(\frac{\mathit{CRewC(g)}{\mathit{C(g)}\)
Client count and Total Cost Ratio (activity granularity)	Q	A	\(a \in A\)	"\(\mathit{CliTCR\mathit{^{\times(a)\)
\newline \newline \(\mathit{\times \in \{\mathit{sgl, \mathit{sum\}\)"	"\(\frac{\mathit{Cli(a)}{\mathit{TC\mathit{^{\times(a)}\)
\newline \newline The $\mathit{\times$ indicates that the PPI can take multiple forms, in this case, $\mathit{\times \in \{\mathit{sgl, \mathit{sum\}$. If $\mathit{\times = \mathit{sgl$, then the function considers single events of activity instances for cost calculations, i.e., it uses $\mathit{TC\mathit{^{sgl$; if $\mathit{\times = \mathit{sum$, then the function considers the sum of all events of activity instances for cost calculations, i.e., it uses $\mathit{TC\mathit{^{sum$."
Client count and Total Cost Ratio (group of cases granularity)	Q	G	\(g \subseteq C \colon\) \newline \(g \neq \emptyset\)	"\(\mathit{CliTCR\mathit{^{\times(g)\)
\newline \newline \(\mathit{\times \in \{\mathit{sgl, \mathit{sum\}\)"	"\(\frac{\mathit{Cli(g)}{\mathit{TC\mathit{^{\times(g)}\)
\newline \newline The $\mathit{\times$ indicates that the PPI can take multiple forms, in this case, $\mathit{\times \in \{\mathit{sgl, \mathit{sum\}$. If $\mathit{\times = \mathit{sgl$, then the function considers single events of activity instances for cost calculations, i.e., it uses $\mathit{TC\mathit{^{sgl$; if $\mathit{\times = \mathit{sum$, then the function considers the sum of all events of activity instances for cost calculations, i.e., it uses $\mathit{TC\mathit{^{sum$."
Expected Client count and Total Cost Ratio	Q	G	\(g \subseteq C \colon\) \newline \(g \neq \emptyset\)	"\(\mathit{e\mathit{CliTCR\mathit{^{\times(g)\)
\newline \newline \(\mathit{\times \in \{\mathit{sgl, \mathit{sum\}\)"	"\(\frac{\mathit{Cli(g)}{\mathit{TC\mathit{^{\times(g)}\)
\newline \newline The $\mathit{\times$ indicates that the PPI can take multiple forms, in this case, $\mathit{\times \in \{\mathit{sgl, \mathit{sum\}$. If $\mathit{\times = \mathit{sgl$, then the function considers single events of activity instances for cost calculations, i.e., it uses $\mathit{TC\mathit{^{sgl$; if $\mathit{\times = \mathit{sum$, then the function considers the sum of all events of activity instances for cost calculations, i.e., it uses $\mathit{TC\mathit{^{sum$."
Desired Activity count (case granularity)	Q	C	\(c \in C\)	\(\mathit{DAC(c)\)	\(| \mathit{Desl \cap \mathit{act(c)|\)
Desired Activity count (group of cases granularity)	Q	G	\(g \subseteq C \colon\) \newline \(g \neq \emptyset\)	\(\mathit{DAC(g)\)	\(|\mathit{Desl \cap (\cup_{c \in g} \mathit{act(c))|\)
Expected Desired Activity count	Q	G	\(g \subseteq C \colon\) \newline \(g \neq \emptyset\)	\(\mathit{e\mathit{DAC(g)\)	\(\frac{\sum _{c \in g} \mathit{DAC(c)}{\mathit{C(g)}\)
Human Resource count (activity granularity)	Q	A	\(a \in A\)	\(\mathit{HR(a)\)	\(|\mathit{hres(a)|\)
Human Resource count (case granularity)	Q	C	\(c \in C\)	\(\mathit{HR(c)\)	\(|\mathit{hres(c)|\)
Human Resource count (group of cases granularity)	Q	G	\(g \subseteq C \colon\) \newline \(g \neq \emptyset\)	\(\mathit{HR(g)\)	\(|\cup_{c \in g} \mathit{hres(c)|\)
Expected Human Resource count	Q	G	\(g \subseteq C \colon\) \newline \(g \neq \emptyset\)	\(\mathit{e\mathit{HR(g)\)	\(\frac{\sum _{c \in g} \mathit{HR(c)}{\mathit{C(g)}\)
Non-Automated Activity count (case granularity)	Q	C	\(c \in C\)	\(\mathit{NAutA(c)\)	\(|\mathit{act(c) \backslash \mathit{Autl|\)
Non-Automated Activity count (group of cases granularity)	Q	G	\(g \subseteq C \colon\) \newline \(g \neq \emptyset\)	\(\mathit{NAutA(g)\)	\(|(\cup _{c \in g} \mathit{act(c)) \backslash \mathit{Autl|\)
Expected Non-Automated Activity count (group of cases granularity)	Q	G	\(g \subseteq C \colon\) \newline \(g \neq \emptyset\)	\(\mathit{NAutA(g)\)	\(\frac{\sum _{c \in g} \mathit{NAutA(c)}{\mathit{C(g)}\)
Non-Automated activity Instance count (case granularity)	Q	C	\(c \in C\)	\(\mathit{NAutI(c)\)	\(|\{i \in \mathit{inst(c) \mid \mathit{act(i) \notin \mathit{Autl\}|\)
Non-Automated activity Instance count (group of cases granularity)	Q	G	\(g \subseteq C \colon\) \newline \(g \neq \emptyset\)	\(\mathit{NAutI(g)\)	\(\sum _{c \in g} \mathit{NAutI(c)\)
Expected Non-Automated activity Instance count	Q	G	\(g \subseteq C \colon\) \newline \(g \neq \emptyset\)	\(\mathit{e\mathit{NAutI(g)\)	\(\frac{\mathit{NAutI(g)}{\mathit{C(g)}\)
outcome Unit count considering single events of activity instances (activity instance granularity)	Q	I	\(i \in I\)	\(\mathit{U\mathit{^{sgl(i)\)	"\(\begin{cases}
#^{}_{\mathit{unt}(\mathit{cpl(i)) & \mathit{if \  #^{}_{\mathit{unt}(\mathit{cpl(i)) \neq \bot"
outcome Unit count considering the sum of all events of activity instances (activity instance granularity)	Q	I	\(i \in I\)	\(\mathit{U\mathit{^{sum(i)\)	"\(\begin{cases}
#^{}_{\mathit{unt}(\mathit{str(i)) + & \mathit{if \  #^{}_{\mathit{unt}(\mathit{cpl(i)) \neq \bot \land \\ #^{}_{\mathit{unt}(\mathit{cpl(i)) & #^{}_{\mathit{unt}(\mathit{str(i)) \neq \bot"
outcome Unit count (activity granularity)	Q	A	\(a \in A\)	"\(\mathit{U\mathit{^{\times(a)\)
\newline \newline \(\mathit{\times \in \{\mathit{sgl, \mathit{sum\}\)"	"\(\sum _{i \in \mathit{inst(a)} \mathit{U\mathit{^{\times(i)\)
\newline \newline The $\mathit{\times$ indicates that the PPI can take multiple forms, in this case, $\mathit{\times \in \{\mathit{sgl, \mathit{sum\}$. If $\mathit{\times = \mathit{sgl$, then the function considers single events of activity instances for outcome unit calculations, i.e., it uses $\mathit{U\mathit{^{sgl$; if $\mathit{\times = \mathit{sum$, then the function considers the sum of all events of activity instances for outcome unit calculations, i.e., it uses $\mathit{U\mathit{^{sum$."
outcome Unit count (case granularity)	Q	C	\(c \in C\)	"\(\mathit{U\mathit{^{\times(c)\)
\newline \newline \(\mathit{\times \in \{\mathit{sgl, \mathit{sum\}\)"	"\(\sum _{e \in \mathit{inst(c)} \mathit{U\mathit{^{\times(i)\)
\newline \newline The $\mathit{\times$ indicates that the PPI can take multiple forms, in this case, $\mathit{\times \in \{\mathit{sgl, \mathit{sum\}$. If $\mathit{\times = \mathit{sgl$, then the function considers single events of activity instances for outcome unit calculations, i.e., it uses $\mathit{U\mathit{^{sgl$; if $\mathit{\times = \mathit{sum$, then the function considers the sum of all events of activity instances for outcome unit calculations, i.e., it uses $\mathit{U\mathit{^{sum$."
outcome Unit count (group of cases granularity)	Q	G	\(g \subseteq C \colon\) \newline \(g \neq \emptyset\)	"\(\mathit{U\mathit{^{\times(g)\)
\newline \newline \(\mathit{\times \in \{\mathit{sgl, \mathit{sum\}\)"	"\(\sum _{c \in g} \mathit{U\mathit{^{\times(c)\)
\newline \newline The $\mathit{\times$ indicates that the PPI can take multiple forms, in this case, $\mathit{\times \in \{\mathit{sgl, \mathit{sum\}$. If $\mathit{\times = \mathit{sgl$, then the function considers single events of activity instances for outcome unit calculations, i.e., it uses $\mathit{U\mathit{^{sgl$; if $\mathit{\times = \mathit{sum$, then the function considers the sum of all events of activity instances for outcome unit calculations, i.e., it uses $\mathit{U\mathit{^{sum$."
Expected outcome Unit count	Q	G	\(g \subseteq C \colon\) \newline \(g \neq \emptyset\)	"\(\mathit{e\mathit{U\mathit{^{\times(g)\)
\newline \newline \(\mathit{\times \in \{\mathit{sgl, \mathit{sum\}\)"	"\(\frac{\mathit{U\mathit{^{\times(g)}{\mathit{C(g)}\)
\newline \newline The $\mathit{\times$ indicates that the PPI can take multiple forms, in this case, $\mathit{\times \in \{\mathit{sgl, \mathit{sum\}$. If $\mathit{\times = \mathit{sgl$, then the function considers single events of activity instances for outcome unit calculations, i.e., it uses $\mathit{U\mathit{^{sgl$; if $\mathit{\times = \mathit{sum$, then the function considers the sum of all events of activity instances for outcome unit calculations, i.e., it uses $\mathit{U\mathit{^{sum$."
Overall Quality (case granularity)	Q	C	\(c \in C\)	\(\mathit{OQ(c)\)	\(#^{}_{\mathit{qual}(c)\)
Expected Overall Quality	Q	G	\(g \subseteq C \colon\) \newline \(g \neq \emptyset\)	\(\mathit{e\mathit{OQ(g)\)	\(\frac{\sum _{c \in g} \mathit{OQ(c)}{\mathit{C(g)}\)
Repeatability (case granularity)	Q	C	\(c \in C\)	\(\mathit{Rep(c)\)	\(1 - \frac{\mathit{A(c)}{\mathit{I(c)}\)
Repeatability (group of cases granularity)	Q	G	\(g \subseteq C \colon\) \newline \(g \neq \emptyset\)	\(\mathit{Rep(g)\)	\(1 - \frac{\mathit{A(g)}{\mathit{I(g)}\)
Expected Repeatability	Q	G	\(g \subseteq C \colon\) \newline \(g \neq \emptyset\)	\(\mathit{e\mathit{Rep(g)\)	\(1 - \frac{\sum _{c \in g} \mathit{A(c)}{\mathit{I(g)}\)
Rework Count (activity granularity)	Q	A	\(a \in A\)	\(\mathit{RewC(a)\)	\(\sum _{c \in C} \mathit{max(0, \mathit{count(c, a) - 1)\)
Rework Count (case granularity)	Q	C	\(c \in C\)	\(\mathit{RewC(c)\)	\(\sum _{a \in A} \mathit{max(0, \mathit{count(c, a) - 1)\)
Rework Count (group of cases granularity)	Q	G	\(g \subseteq C \colon\) \newline \(g \neq \emptyset\)	\(\mathit{RewC(g)\)	\(\sum _{c \in g} \mathit{RewC(c)\)
Expected Rework Count	Q	G	\(g \subseteq C \colon\) \newline \(g \neq \emptyset\)	\(\mathit{e\mathit{RewC(g)\)	\(\frac{\mathit{RewC(g)}{\mathit{C(g)}\)
Rework Count by Value (activity granularity)	Q	A	\(a \in A\) \newline \(\mathit{val \in \mathbb{N}\)	\(\mathit{RewCV(a, \mathit{val)\)	\(\sum _{c \in C} \mathit{max(0, \mathit{count(c, a) - \mathit{val)\)
Rework Count by Value (case granularity)	Q	C	\(c \in C\) \newline \(\mathit{val \in \mathbb{N}\)	\(\mathit{RewCV(c, \mathit{val)\)	\(\sum _{a \in A} \mathit{max(0, \mathit{count(c, a) - \mathit{val)\)
Rework Count by Value (group of cases granularity)	Q	G	\(g \subseteq C \colon\) \newline \(g \neq \emptyset\) \newline \(\mathit{val \in \mathbb{N}\)	\(\mathit{RewCV(g, \mathit{val)\)	\(\sum _{c \in g} \mathit{RewCV(c, \mathit{val)\)
Expected Rework Count by Value	Q	G	\(g \subseteq C \colon\) \newline \(g \neq \emptyset\) \newline \(\mathit{val \in \mathbb{N}\)	\(\mathit{e\mathit{RewCV(g, \mathit{val)\)	\(\frac{\mathit{RewCV(g, \mathit{val)}{\mathit{C(g)}\)
Rework of activities Subset (case granularity)	Q	C	\(c \in C\) \newline \(\mathit{sub \subseteq A \colon\) \newline \(\mathit{sub \neq \emptyset\)	\(\mathit{RewSub(c, \mathit{sub)\)	\(\sum _{a \in \mathit{sub} \mathit{max(0, \mathit{count(c, a) - 1)\)
Rework of activities Subset (group of cases granularity)	Q	G	\(g \subseteq C \colon\) \newline \(g \neq \emptyset\) \newline \(\mathit{sub \subseteq A \colon\) \newline \(\mathit{sub \neq \emptyset\)	\(\mathit{RewSub(g, \mathit{sub)\)	\(\sum _{c \in g} \mathit{RewSub(c, \mathit{sub)\)
Expected Rework of activities Subset	Q	G	\(g \subseteq C \colon\) \newline \(g \neq \emptyset\) \newline \(\mathit{sub \subseteq A \colon\) \newline \(\mathit{sub \neq \emptyset\)	\(\mathit{e\mathit{RewSub(g, \mathit{sub)\)	\(\frac{\mathit{RewSub(g, \mathit{sub)}{\mathit{C(g)}\)
Rework Percentage (activity granularity)	Q	A	\(a \in A\)	\(\mathit{RewP(a)\)	\(\frac{\mathit{RewC(a)}{\mathit{I(a)}\)
Rework Percentage (case granularity)	Q	C	\(c \in C\)	\(\mathit{RewP(c)\)	\(\frac{\mathit{RewC(c)}{\mathit{I(c)}\)
Rework Percentage (group of cases granularity)	Q	G	\(g \subseteq C \colon\) \newline \(g \neq \emptyset\)	\(\mathit{RewP(g)\)	\(\frac{\mathit{RewC(g)}{\mathit{I(g)}\)
Expected Rework Percentage	Q	G	\(g \subseteq C \colon\) \newline \(g \neq \emptyset\)	\(\mathit{e\mathit{RewP(g)\)	\(\frac{\sum _{c \in g} \mathit{RewP(c)}{\mathit{C(g)}\)
Rework Percentage by Value (activity granularity)	Q	A	\(a \in A\) \newline \(\mathit{val \in \mathbb{N}\)	\(\mathit{RewPV(a, \mathit{val)\)	\(\frac{\mathit{RewCV(a, \mathit{val)}{\mathit{I(a)}\)
Rework Percentage by Value (case granularity)	Q	C	\(c \in C\) \newline \(\mathit{val \in \mathbb{N}\)	\(\mathit{RewPV(c, \mathit{val)\)	\(\frac{\mathit{RewCV(c, \mathit{val)}{\mathit{I(c)}\)
Rework Percentage by Value (group of cases granularity)	Q	G	\(g \subseteq C \colon\) \newline \(g \neq \emptyset\) \newline \(\mathit{val \in \mathbb{N}\)	\(\mathit{RewPV(g, \mathit{val)\)	\(\frac{\mathit{RewCV(g, \mathit{val)}{\mathit{I(g)}\)
Expected Rework Percentage by Value	Q	G	\(g \subseteq C \colon\) \newline \(g \neq \emptyset\) \newline \(\mathit{val \in \mathbb{N}\)	\(\mathit{e\mathit{RewPV(g)\)	\(\frac{\sum _{c \in g} \mathit{RewPV(c, \mathit{val)}{\mathit{C(g)}\)
Rework Time (activity granularity)	Q	A	\(a \in A\)	\(\mathit{RT(a)\)	\(\mathit{LT(a) - \sum _{c \in C} \mathit{filt(c, a)\)
Rework Time (case granularity)	Q	C	\(c \in C\)	\(\mathit{RT(c)\)	\(\mathit{LT(c) - \sum _{a \in A} \mathit{filt(c, a)\)
Rework Time (group of cases granularity)	Q	G	\(g \subseteq C \colon\) \newline \(g \neq \emptyset\)	\(\mathit{RT(g)\)	\(\sum _{c \in g} \mathit{RT(c)\)
Expected Rework Time	Q	G	\(g \subseteq C \colon\) \newline \(g \neq \emptyset\)	\(\mathit{e\mathit{RT(g)\)	\(\frac{\mathit{RT(g)}{\mathit{C(g)}\)
Successful outcome Unit Count (activity instance granularity)	Q	I	\(i \in I\)	"\(\mathit{SUC\mathit{^{\times(i)\)
\newline \newline \(\mathit{\times \in \{\mathit{sgl, \mathit{sum\}\)"	"\(\begin{cases}
\mathit{U\mathit{^{\times(i) - #^{}_{\mathit{uns}(\mathit{cpl(i)) & \mathit{if \  #^{}_{\mathit{uns}(\mathit{cpl(i)) \neq \bot"
Successful outcome Unit Count (activity granularity)	Q	A	\(a \in A\)	"\(\mathit{SUC\mathit{^{\times(a)\)
\newline \newline \(\mathit{\times \in \{\mathit{sgl, \mathit{sum\}\)"	"\(\sum _{i \in \mathit{inst(a)} \mathit{SUC\mathit{^{\times(i)\)
\newline \newline The $\mathit{\times$ indicates that the PPI can take multiple forms, in this case, $\mathit{\times \in \{\mathit{sgl, \mathit{sum\}$. If $\mathit{\times = \mathit{sgl$, then the function considers single events of activity instances for outcome unit calculations, i.e., it uses $\mathit{SUC\mathit{^{sgl$; if $\mathit{\times = \mathit{sum$, then the function considers the sum of all events of activity instances for outcome unit calculations, i.e., it uses $\mathit{SUC\mathit{^{sum$."
Successful outcome Unit Count (case granularity)	Q	C	\(c \in C\)	"\(\mathit{SUC\mathit{^{\times(c)\)
\newline \newline \(\mathit{\times \in \{\mathit{sgl, \mathit{sum\}\)"	"\(\sum _{i \in \mathit{inst(c)} \mathit{SUC\mathit{^{\times(i)\)
\newline \newline The $\mathit{\times$ indicates that the PPI can take multiple forms, in this case, $\mathit{\times \in \{\mathit{sgl, \mathit{sum\}$. If $\mathit{\times = \mathit{sgl$, then the function considers single events of activity instances for outcome unit calculations, i.e., it uses $\mathit{SUC\mathit{^{sgl$; if $\mathit{\times = \mathit{sum$, then the function considers the sum of all events of activity instances for outcome unit calculations, i.e., it uses $\mathit{SUC\mathit{^{sum$."
Successful outcome Unit Count (group of cases granularity)	Q	G	\(g \subseteq C \colon\) \newline \(g \neq \emptyset\)	"\(\mathit{SUC\mathit{^{\times(g)\)
\newline \newline \(\mathit{\times \in \{\mathit{sgl, \mathit{sum\}\)"	"\(\sum _{c \in G} \mathit{SUC\mathit{^{\times(c)\)
\newline \newline The $\mathit{\times$ indicates that the PPI can take multiple forms, in this case, $\mathit{\times \in \{\mathit{sgl, \mathit{sum\}$. If $\mathit{\times = \mathit{sgl$, then the function considers single events of activity instances for outcome unit calculations, i.e., it uses $\mathit{SUC\mathit{^{sgl$; if $\mathit{\times = \mathit{sum$, then the function considers the sum of all events of activity instances for outcome unit calculations, i.e., it uses $\mathit{SUC\mathit{^{sum$."
Expected Successful outcome Unit Count	Q	G	\(g \subseteq C \colon\) \newline \(g \neq \emptyset\)	"\(\mathit{e\mathit{SUC\mathit{^{\times(g)\)
\newline \newline \(\mathit{\times \in \{\mathit{sgl, \mathit{sum\}\)"	"\(\frac{\mathit{SUC\mathit{^{\times(g)}{\mathit{C(g)}\)
\newline \newline The $\mathit{\times$ indicates that the PPI can take multiple forms, in this case, $\mathit{\times \in \{\mathit{sgl, \mathit{sum\}$. If $\mathit{\times = \mathit{sgl$, then the function considers single events of activity instances for outcome unit calculations, i.e., it uses $\mathit{SUC\mathit{^{sgl$; if $\mathit{\times = \mathit{sum$, then the function considers the sum of all events of activity instances for outcome unit calculations, i.e., it uses $\mathit{SUC\mathit{^{sum$."
Successful outcome Unit Percentage (activity instance granularity)	Q	I	\(i \in I\)	"\(\mathit{SUP\mathit{^{\times(i)\)
\newline \newline \(\mathit{\times \in \{\mathit{sgl, \mathit{sum\}\)"	"\(\frac{\mathit{SUC\mathit{^{\times(i)}{\mathit{U\mathit{^{\times(i)}\)
\newline \newline The $\mathit{\times$ indicates that the PPI can take multiple forms, in this case, $\mathit{\times \in \{\mathit{sgl, \mathit{sum\}$. If $\mathit{\times = \mathit{sgl$, then the function considers single events of activity instances for outcome unit calculations, i.e., it uses $\mathit{SUC\mathit{^{sgl$ and $\mathit{U\mathit{^{sgl$; if $\mathit{\times = \mathit{sum$, then the function considers the sum of all events of activity instances for outcome unit calculations, i.e., it uses $\mathit{SUC\mathit{^{sum$ and $\mathit{U\mathit{^{sum$."
Successful outcome Unit Percentage (activity granularity)	Q	A	\(a \in A\)	"\(\mathit{SUP\mathit{^{\times(a)\)
\newline \newline \(\mathit{\times \in \{\mathit{sgl, \mathit{sum\}\)"	"\(\frac{\mathit{SUC\mathit{^{\times(a)}{\mathit{U\mathit{^{\times(a)}\)
\newline \newline The $\mathit{\times$ indicates that the PPI can take multiple forms, in this case, $\mathit{\times \in \{\mathit{sgl, \mathit{sum\}$. If $\mathit{\times = \mathit{sgl$, then the function considers single events of activity instances for outcome unit calculations, i.e., it uses $\mathit{SUC\mathit{^{sgl$ and $\mathit{U\mathit{^{sgl$; if $\mathit{\times = \mathit{sum$, then the function considers the sum of all events of activity instances for outcome unit calculations, i.e., it uses $\mathit{SUC\mathit{^{sum$ and $\mathit{U\mathit{^{sum$."
Successful outcome Unit Percentage (case granularity)	Q	C	\(c \in C\)	"\(\mathit{SUP\mathit{^{\times(c)\)
\newline \newline \(\mathit{\times \in \{\mathit{sgl, \mathit{sum\}\)"	"\(\frac{\mathit{SUC\mathit{^{\times(c)}{\mathit{U\mathit{^{\times(c)}\)
\newline \newline The $\mathit{\times$ indicates that the PPI can take multiple forms, in this case, $\mathit{\times \in \{\mathit{sgl, \mathit{sum\}$. If $\mathit{\times = \mathit{sgl$, then the function considers single events of activity instances for outcome unit calculations, i.e., it uses $\mathit{SUC\mathit{^{sgl$ and $\mathit{U\mathit{^{sgl$; if $\mathit{\times = \mathit{sum$, then the function considers the sum of all events of activity instances for outcome unit calculations, i.e., it uses $\mathit{SUC\mathit{^{sum$ and $\mathit{U\mathit{^{sum$."
Successful outcome Unit Percentage (group of cases granularity)	Q	G	\(g \subseteq C \colon\) \newline \(g \neq \emptyset\)	"\(\mathit{SUP\mathit{^{\times(g)\)
\newline \newline \(\mathit{\times \in \{\mathit{sgl, \mathit{sum\}\)"	"\(\frac{\mathit{SUC\mathit{^{\times(g)}{\mathit{U\mathit{^{\times(g)}\)
\newline \newline The $\mathit{\times$ indicates that the PPI can take multiple forms, in this case, $\mathit{\times \in \{\mathit{sgl, \mathit{sum\}$. If $\mathit{\times = \mathit{sgl$, then the function considers single events of activity instances for outcome unit calculations, i.e., it uses $\mathit{SUC\mathit{^{sgl$ and $\mathit{U\mathit{^{sgl$; if $\mathit{\times = \mathit{sum$, then the function considers the sum of all events of activity instances for outcome unit calculations, i.e., it uses $\mathit{SUC\mathit{^{sum$ and $\mathit{U\mathit{^{sum$."
Expected Successful outcome Unit Percentage	Q	G	\(g \subseteq C \colon\) \newline \(g \neq \emptyset\)	"\(\mathit{e\mathit{SUP\mathit{^{\times(g)\)
\newline \newline \(\mathit{\times \in \{\mathit{sgl, \mathit{sum\}\)"	"\(\frac{\sum _{c \in g} \mathit{SUP\mathit{^{\times(c)}{\mathit{C(g)}\)
\newline \newline The $\mathit{\times$ indicates that the PPI can take multiple forms, in this case, $\mathit{\times \in \{\mathit{sgl, \mathit{sum\}$. If $\mathit{\times = \mathit{sgl$, then the function considers single events of activity instances for outcome unit calculations, i.e., it uses $\mathit{SUP\mathit{^{sgl$; if $\mathit{\times = \mathit{sum$, then the function considers the sum of all events of activity instances for outcome unit calculations, i.e., it uses $\mathit{SUP\mathit{^{sum$."
Total Cost and Client count Ratio (activity granularity)	Q	A	\(a \in A\)	"\(\mathit{TCCliR\mathit{^{\times(a)\)
\newline \newline \(\mathit{\times \in \{\mathit{sgl, \mathit{sum\}\)"	"\(\frac{\mathit{TC\mathit{^{\times(a)}{\mathit{Cli(a)}\)
\newline \newline The $\mathit{\times$ indicates that the PPI can take multiple forms, in this case, $\mathit{\times \in \{\mathit{sgl, \mathit{sum\}$. If $\mathit{\times = \mathit{sgl$, then the function considers single events of activity instances for cost calculations, i.e., it uses $\mathit{TC\mathit{^{sgl$; if $\mathit{\times = \mathit{sum$, then the function considers the sum of all events of activity instances for cost calculations, i.e., it uses $\mathit{TC\mathit{^{sum$."
Total Cost and Client count Ratio (group of cases granularity)	Q	G	\(g \subseteq C \colon\) \newline \(g \neq \emptyset\)	"\(\mathit{TCCliR\mathit{^{\times(g)\)
\newline \newline \(\mathit{\times \in \{\mathit{sgl, \mathit{sum\}\)"	"\(\frac{\mathit{TC\mathit{^{\times(g)}{\mathit{Cli(g)}\)
\newline \newline The $\mathit{\times$ indicates that the PPI can take multiple forms, in this case, $\mathit{\times \in \{\mathit{sgl, \mathit{sum\}$. If $\mathit{\times = \mathit{sgl$, then the function considers single events of activity instances for cost calculations, i.e., it uses $\mathit{TC\mathit{^{sgl$; if $\mathit{\times = \mathit{sum$, then the function considers the sum of all events of activity instances for cost calculations, i.e., it uses $\mathit{TC\mathit{^{sum$."
Expected Total Cost and Client count Ratio	Q	G	\(g \subseteq C \colon\) \newline \(g \neq \emptyset\)	"\(\mathit{e\mathit{TCCliR\mathit{^{\times(g)\)
\newline \newline \(\mathit{\times \in \{\mathit{sgl, \mathit{sum\}\)"	"\(\frac{\mathit{TC\mathit{^{\times(g)}{\mathit{Cli(g)}\)
\newline \newline The $\mathit{\times$ indicates that the PPI can take multiple forms, in this case, $\mathit{\times \in \{\mathit{sgl, \mathit{sum\}$. If $\mathit{\times = \mathit{sgl$, then the function considers single events of activity instances for cost calculations, i.e., it uses $\mathit{TC\mathit{^{sgl$; if $\mathit{\times = \mathit{sum$, then the function considers the sum of all events of activity instances for cost calculations, i.e., it uses $\mathit{TC\mathit{^{sum$."
Unwanted Activity count (case granularity)	Q	C	\(c \in C\)	\(\mathit{UAC(c)\)	\(|\mathit{Unwl \cap \mathit{act(c)|\)
Unwanted Activity count (group of cases granularity)	Q	G	\(g \subseteq C \colon\) \newline \(g \neq \emptyset\)	\(\mathit{UAC(g)\)	\(|\mathit{Unwl \cap (\cup_{c \in g} \mathit{act(c))|\)
Expected Unwanted Activity count	Q	G	\(g \subseteq C \colon\) \newline \(g \neq \emptyset\)	\(\mathit{UAC(g)\)	\(\frac{\sum _{c \in g} \mathit{UAC(c)}{\mathit{C(g)}\)
Unwanted Activity Percentage (case granularity)	Q	C	\(c \in C\)	\(\mathit{UAP(c)\)	\(\frac{\mathit{UAC(c)}{\mathit{A(c)}\)
Unwanted Activity Percentage (group of cases granularity)	Q	G	\(g \subseteq C \colon\) \newline \(g \neq \emptyset\)	\(\mathit{UAP(g)\)	\(\frac{\mathit{UAC(g)}{\mathit{A(g)}\)
Expected Unwanted Activity Percentage	Q	G	\(g \subseteq C \colon\) \newline \(g \neq \emptyset\)	\(\mathit{e\mathit{UAP(g)\)	\(\frac{\sum _{c \in g} \mathit{UAP(c)}{\mathit{C(g)}\)
Unwanted activity Instance count (case granularity)	Q	C	\(c \in C\)	\(\mathit{UIC(c)\)	\(|\{i \in \mathit{inst(c) \mid \mathit{act(i) \in \mathit{Unwl\}|\)
Unwanted activity Instance count (group of cases granularity)	Q	G	\(g \subseteq C \colon\) \newline \(g \neq \emptyset\)	\(\mathit{UIC(g)\)	\(\sum _{c \in g} \mathit{UIC(c)\)
Expected Unwanted activity Instance count	Q	G	\(g \subseteq C \colon\) \newline \(g \neq \emptyset\)	\(\mathit{e\mathit{UIC(g)\)	\(\frac{\mathit{UIC(g)}{\mathit{C(g)}\)
Unwanted activity Instance Percentage (case granularity)	Q	C	\(c \in C\)	\(\mathit{UIP(c)\)	\(\frac{\mathit{UIC(c)}{\mathit{I(c)}\)
Unwanted activity Instance Percentage (group of cases granularity)	Q	G	\(g \subseteq C \colon\) \newline \(g \neq \emptyset\)	\(\mathit{UIP(g)\)	\(\frac{\mathit{UIC(g)}{\mathit{I(g)}\)
Expected Unwanted activity Instance Percentage	Q	G	\(g \subseteq C \colon\) \newline \(g \neq \emptyset\)	\(\mathit{e\mathit{UIP(g)\)	\(\frac{\sum _{c \in g} \mathit{UIP(c)}{\mathit{C(g)}\)
Activity and Role count Ratio (case granularity)	F	C	\(c \in C\)	\(\mathit{ARoleR(c)\)	\(\frac{\mathit{A(c)}{\mathit{Role(c)}\)
Activity and Role count Ratio (group of cases granularity)	F	G	\(g \subseteq C \colon\) \newline \(g \neq \emptyset\)	\(\mathit{ARoleR(g)\)	\(\frac{\mathit{A(g)}{\mathit{Role(g)}\)
Expected Activity and Role count Ratio	F	G	\(g \subseteq C \colon\) \newline \(g \neq \emptyset\)	\(\mathit{e\mathit{ARoleR(g)\)	\(\frac{\sum _{c \in g} \mathit{A(c)}{\sum _{c \in g} \mathit{Role(c)}\)
activity Instance and Human Resource count Ratio (activity granularity)	F	A	\(a \in A\)	\(\mathit{IHRR(a)\)	\(\frac{\mathit{I(a)}{\mathit{HR(a)}\)
activity Instance and Human Resource count Ratio (case granularity)	F	C	\(c \in C\)	\(\mathit{IHRR(c)\)	\(\frac{\mathit{I(c)}{\mathit{HR(c)}\)
activity Instance and Human Resource count Ratio (group of cases granularity)	F	G	\(g \subseteq C \colon\) \newline \(g \neq \emptyset\)	\(\mathit{IHRR(g)\)	\(\frac{\mathit{I(g)}{\mathit{HR(g)}\)
Expected activity Instance and Human Resource count Ratio	F	G	\(g \subseteq C \colon\) \newline \(g \neq \emptyset\)	\(\mathit{e\mathit{IHRR(g)\)	\(\frac{\mathit{I(g)}{\sum _{c \in g} \mathit{HR(c)}\)
Client count (activity granularity)	F	A	\(a \in A\)	\(\mathit{Cli(a)\)	\(|\{#^{}_{\mathit{cli}(c) \mid c \in C[a \in \mathit{act(c)]\}|\)
Client count (group of cases granularity)	F	G	\(g \subseteq C \colon\) \newline \(g \neq \emptyset\)	\(\mathit{Cli(g)\)	\(|\{#^{}_{\mathit{cli}(c) \mid c \in g\}|\)
Expected Client count	F	G	\(g \subseteq C \colon\) \newline \(g \neq \emptyset\)	\(\mathit{e\mathit{Cli(g)\)	\(\frac{\mathit{Cli(g)}{\mathit{C(g)}\)
Directly-Follows Relations and Activity count Ratio (case granularity)	F	C	\(c \in C\)	\(\mathit{DFRAR(c)\)	\(\frac{\mathit{DFR(c)}{\mathit{A(c)}\)
Directly-Follows Relations and Activity count Ratio (group of cases granularity)	F	G	\(g \subseteq C \colon\) \newline \(g \neq \emptyset\)	\(\mathit{DFRAR(g)\)	\(\frac{\mathit{DFR(g)}{\mathit{A(g)}\)
Expected Directly-Follows Relations and Activity count Ratio	F	G	\(g \subseteq C \colon\) \newline \(g \neq \emptyset\)	\(\mathit{e\mathit{DFRAR(g)\)	\(\frac{\sum _{c \in g} \mathit{DFR(c)}{\sum _{c \in g} \mathit{A(c)}\)
Directly-Follows Relations count (activity granularity)	F	A	\(a \in A\)	\(\mathit{DFR(a)\)	\(\cup_{i \in \mathit{inst(a)} \{\mathit{act(i') \mid i' \in \mathit{next(i))\}|\)
Directly-Follows Relations count (case granularity)	F	C	\(c \in C\)	\(\mathit{DFR(c)\)	\(|\mathit{dfrel(c)|\)
Directly-Follows Relations count (group of cases granularity)	F	G	\(g \subseteq C \colon\) \newline \(g \neq \emptyset\)	\(\mathit{DFR(g)\)	\(|\cup_{c \in g} \mathit{dfrel(c)|\)
Expected Directly-Follows Relations count	F	G	\(g \subseteq C \colon\) \newline \(g \neq \emptyset\)	\(\mathit{e\mathit{DFR(g)\)	\(\frac{\sum _{c \in g} \mathit{DFR(c)}{\mathit{C(g)}\)
Human Resource count (activity granularity)	F	A	\(a \in A\)	\(\mathit{HR(a)\)	\(|\mathit{hres(a)|\)
Human Resource count (case granularity)	F	C	\(c \in C\)	\(\mathit{HR(c)\)	\(|\mathit{hres(c)|\)
Human Resource count (group of cases granularity)	F	G	\(g \subseteq C \colon\) \newline \(g \neq \emptyset\)	\(\mathit{HR(g)\)	\(|\cup_{c \in g} \mathit{hres(c)|\)
Expected Human Resource count	F	G	\(g \subseteq C \colon\) \newline \(g \neq \emptyset\)	\(\mathit{e\mathit{HR(g)\)	\(\frac{\sum _{c \in g} \mathit{HR(c)}{\mathit{C(g)}\)
Optional Activity count (case granularity)	F	C	\(c \in C\)	\(\mathit{OptA(c)\)	\(|\{a \in \mathit{act(c) \mid \exists c' \in C[a \notin \mathit{act(c')]\}|\)
Optional Activity count (group of cases granularity)	F	G	\(g \subseteq C \colon\) \newline \(g \neq \emptyset\)	\(\mathit{OptA(g)\)	\(|\{a \in \mathit{act(c) \mid c \in g \land \exists c' \in C[a \notin \mathit{act(c')]\}|\)
Expected Optional Activity count	F	G	\(g \subseteq C \colon\) \newline \(g \neq \emptyset\)	\(\mathit{e\mathit{OptA(g)\)	\(\frac{\sum _{c \in g} \mathit{OptA(c)}{\mathit{C(g)}\)
Optionality (case granularity)	F	C	\(c \in C\)	\(\mathit{Opt(c)\)	\(\frac{\mathit{OptA(c)}{\mathit{A(c)}\)
Optionality (group of cases granularity)	F	G	\(g \subseteq C \colon\) \newline \(g \neq \emptyset\)	\(\mathit{Opt(g)\)	\(\frac{\mathit{OptA(g)}{\mathit{A(g)}\)
Expected Optionality	F	G	\(g \subseteq C \colon\) \newline \(g \neq \emptyset\)	\(\mathit{e\mathit{Opt(g)\)	\(\frac{\sum _{c \in g} \mathit{OptA(c)}{\sum _{c \in g} \mathit{A(c)}\)
Role and Variant count Ratio (group of cases granularity)	F	G	\(g \subseteq C \colon\) \newline \(g \neq \emptyset\)	\(\mathit{RoleVR(g)\)	\(\frac{\mathit{Role(g)}{\mathit{V(g)}\)
Role count (case granularity)	F	C	\(c \in C\)	\(\mathit{Role(c)\)	\(|\mathit{role(c)|\)
Role count (group of cases granularity)	F	G	\(g \subseteq C \colon\) \newline \(g \neq \emptyset\)	\(\mathit{Role(g)\)	\(|\cup_{c \in g} \mathit{role(c)|\)
Expected Role count	F	G	\(g \subseteq C \colon\) \newline \(g \neq \emptyset\)	\(\mathit{e\mathit{Role(g)\)	\(\frac{\sum _{c \in g} \mathit{Role(c)}{\mathit{C(g)}\)
Variant Case Coverage (case granularity)	F	C	\(c \in C\)	\(\mathit{VCC(c)\)	\(\frac{|\{c' \in C \mid \exists tr \in \mathit{trace(c')[tr \in \mathit{trace(c)]\}|}{|C|}\)
Variant Case Coverage (group of cases granularity)	F	G	\(g \subseteq C \colon\) \newline \(g \neq \emptyset\)	\(\mathit{VCC(g)\)	\(\frac{|\{c \in C \mid \exists tr \in \mathit{trace(c)[tr \in \mathit{variants(g)]|}{|C|}\)
Variant count (group of cases granularity)	F	G	\(g \subseteq C \colon\) \newline \(g \neq \emptyset\)	\(\mathit{V(g)\)	\(|\mathit{variants(g)|\)
