Name	Slug	Dimension	Granularity	Params	Function_name	Formalization_latex	Explanation	Potential_use	Required_attributes	Extra_input	Assumptions	Desired_value	Formalization_fp	Description_fp	references_keys	references_formatted
Active Time (case granularity)	active-time-case-granularity-t-c	T	C	\(c \in C\)	\(\mathit{AT(c)\)	\(\mathit{LT(c) - \mathit{IT(c)\)	Difference between the lead time and the idle time of a case.	Event log that contains lifecycle information for activity instances where the actual time that the case is active is of interest.	$actinst$ – Event attribute: activity instance ; $case$ – Event attribute: case id ; $time$ – Event attribute: timestamp ; $type$ – Event attribute: lifecycle type		Maximizing active time is desirable.	MAX	\(\mathit{LT(c) - \mathit{IT(c)\)	"\(\mathit{LT(c)\) returns the Lead Time (time from case start to completion) of case \(c\).
\newline \(\mathit{IT(c)\) returns the Idle Time (total time spent waiting or idle) of case \(c\). \\"	RN4153; RN4308	Meier et al. (2015); Fogarty (1992)
Activity and Role count Ratio (case granularity)	activity-and-role-count-ratio-case-granularity-f-c	F	C	\(c \in C\)	\(\mathit{ARoleR(c)\)	\(\frac{\mathit{A(c)}{\mathit{Role(c)}\)	Ratio between the number of activities that occur in a case, and the number of human resource roles that are involved in the execution of a case.	Process where several roles are involved.	$act$ – Event attribute: activity ; $case$ – Event attribute: case id ; $role$ – Event attribute: role		Minimizing the number of human resource roles involved in the execution of the case is desirable.	MAX	\(\frac{\mathit{A(c)}{\mathit{Role(c)}\)	"\(\mathit{A(c)\) returns the number of unique activities in case \(c\).
\newline \(\mathit{Role(c)\) returns the number of unique roles involved in case \(c\). \\"	RN4150	de Kort (2015)
Activity and Role count Ratio (group of cases granularity)	activity-and-role-count-ratio-group-of-cases-granularity-f-g	F	G	\(g \subseteq C \colon\) \newline \(g \neq \emptyset\)	\(\mathit{ARoleR(g)\)	\(\frac{\mathit{A(g)}{\mathit{Role(g)}\)	Ratio between the number of activities that occur in a group of cases, and the number of human resource roles that are involved in the execution of a group of cases.	Process where several roles are involved.	$act$ – Event attribute: activity ; $case$ – Event attribute: case id ; $role$ – Event attribute: role		Minimizing the number of human resource roles involved in the execution of a group of cases is desirable.	MAX	\(\frac{\mathit{A(g)}{\mathit{Role(g)}\)	"\(\mathit{A(g)\) returns the number of unique activities in group \(g\).
\newline \(\mathit{Role(g)\) returns the number of unique roles involved in group \(g\). \\"	RN4150	de Kort (2015)
Activity count (case granularity)	activity-count-case-granularity-g-c	G	C	\(c \in C\)	\(\mathit{A(c)\)	\(|\mathit{act(c)|\)	Number of activities that occur in a case.	Calculation of several other PPIs.	$act$ – Event attribute: activity ; $case$ – Event attribute: case id			N/A	\(\mathit{count(\mathit{act(c))\)	$\mathit{act(c)$ returns the set of unique activities that occur in case $c$. \\	RN4134	van den Ingh (2016)
Activity count (group of cases granularity)	activity-count-group-of-cases-granularity-g-g	G	G	\(g \subseteq C \colon\) \newline \(g \neq \emptyset\)	\(\mathit{A(g)\)	\(|\cup_{c \in g} \mathit{act(c)|\)	Number of activities that occur in a group of cases.	Calculation of several other PPIs.	$act$ – Event attribute: activity ; $case$ – Event attribute: case id			N/A	\(\mathit{count(\mathit{act(g))\)	$\mathit{act(g)$ returns the set of unique activities that occur in group of cases $g$. \\	RN4134	van den Ingh (2016)
Activity count (case granularity)	activity-count-case-granularity-t-c	T	C	\(c \in C\)	\(\mathit{A(c)\)	\(|\mathit{act(c)|\)	Number of activities that occur in a case.	If the event log does not contain timestamps, Activity count can be used as a proxy for the time performance of a case.	$act$ – Event attribute: activity ; $case$ – Event attribute: case id		A greater number of activities implies that the case takes longer to complete.	MIN	\(\mathit{count(\mathit{act(c))\)	"$\mathit{act(c)$ returns the set of unique activities that occur in case $c$.
\\"	RN4134	van den Ingh (2016)
Activity count (group of cases granularity)	activity-count-group-of-cases-granularity-t-g	T	G	\(g \subseteq C \colon\) \newline \(g \neq \emptyset\)	\(\mathit{A(g)\)	\(|\cup_{c \in g} \mathit{act(c)|\)	Number of activities that occur in a group of cases.	If the event log does not contain timestamps, Activity count can be used as a proxy for the time performance of a group of cases.	$act$ – Event attribute: activity ; $case$ – Event attribute: case id		A greater number of activities implies that the cases in a group of cases take longer to complete.	MIN	\(\mathit{count(\mathit{act(g))\)	"$\mathit{act(g)$ returns the set of unique activities that occur in group of cases $g$.
\\"	RN4134	van den Ingh (2016)
activity Instance and Human Resource count Ratio (activity granularity)	activity-instance-and-human-resource-count-ratio-activity-granularity-f-a	F	A	\(a \in A\)	\(\mathit{IHRR(a)\)	\(\frac{\mathit{I(a)}{\mathit{HR(a)}\)	Ratio between the number of times that an activity is instantiated in the event log, and the number of human resources that are involved in the execution of an activity in the event log.	Process where several human resources are involved.	$act$ – Event attribute: activity  ; $actinst$ – Event attribute: activity instance ; $hres$ – Event attribute: human resource		Minimizing the number of human resources involved in the execution of an activity is desirable.	MAX	\(\frac{\mathit{I(a)}{\mathit{HR(a)}\)	"\(\mathit{I(a)\) returns the total number of instances of activity \(a\).
\newline \(\mathit{HR(a)\) returns the number of unique human resources that performed activity \(a\). \\"	RN4150	de Kort (2015)
activity Instance and Human Resource count Ratio (case granularity)	activity-instance-and-human-resource-count-ratio-case-granularity-f-c	F	C	\(c \in C\)	\(\mathit{IHRR(c)\)	\(\frac{\mathit{I(c)}{\mathit{HR(c)}\)	Ratio between the number of times that any activity is instantiated in a case, and the number of human resources that are involved in the execution of a case.	Process where several human resources are involved.	$actinst$ – Event attribute: activity instance ; $case$ – Event attribute: case id ; $hres$ – Event attribute: human resource		Minimizing the number of human resources involved in the execution of a case is desirable.	MAX	\(\frac{\mathit{I(c)}{\mathit{HR(c)}\)	"\(\mathit{I(c)\) returns the total number of activity instances in case \(c\).
\newline \(\mathit{HR(c)\) returns the number of unique human resources involved in case \(c\). \\"	RN4150	de Kort (2015)
activity Instance and Human Resource count Ratio (group of cases granularity)	activity-instance-and-human-resource-count-ratio-group-of-cases-granularity-f-g	F	G	\(g \subseteq C \colon\) \newline \(g \neq \emptyset\)	\(\mathit{IHRR(g)\)	\(\frac{\mathit{I(g)}{\mathit{HR(g)}\)	Ratio between the number of times that any activity is instantiated in a group of cases, and the number of human resources that are involved in the execution of a group of cases.	Process where several human resources are involved.	$actinst$ – Event attribute: activity instance ; $case$ – Event attribute: case id ; $hres$ – Event attribute: human resource		Minimizing the number of human resources involved in the execution of a group of cases is desirable.	MAX	\(\frac{\mathit{I(g)}{\mathit{HR(g)}\)	"\(\mathit{I(g)\) returns the total number of activity instances in group \(g\).
\newline \(\mathit{HR(g)\) returns the number of unique human resources involved in group \(g\). \\"	RN4150	de Kort (2015)
activity Instance count (activity granularity)	activity-instance-count-activity-granularity-g-a	G	A	\(a \in A\)	\(\mathit{I(a)\)	\(|\mathit{inst(a)|\)	Number of times that an activity is instantiated in the event log.	Calculation of several other PPIs.	$act$ – Event attribute: activity			N/A	\(\mathit{count(\mathit{inst(a))\)	$\mathit{inst(a)$ returns the set of instances of activity $a$ that occur in the event log. \\	RN4304; RN4134	Longo and Motta (2005); van den Ingh (2016)
activity Instance count (case granularity)	activity-instance-count-case-granularity-g-c	G	C	\(c \in C\)	\(\mathit{I(c)\)	\(|\mathit{inst(c)|\)	Number of times that any activity is instantiated in a case.	Calculation of several other PPIs.	$case$ – Event attribute: case id			N/A	\(\mathit{count(\mathit{inst(c))\)	$\mathit{inst(c)$ returns the set of activity instances that occur in case $c$.\\	RN4304; RN4134	Longo and Motta (2005); van den Ingh (2016)
activity Instance count (group of cases granularity)	activity-instance-count-group-of-cases-granularity-g-g	G	G	\(g \subseteq C \colon\) \newline \(g \neq \emptyset\)	\(\mathit{I(g)\)	\(\sum _{c \in g} \mathit{I(c)\)	Number of times that any activity is instantiated in a group of cases.	Calculation of several other PPIs.	$case$ – Event attribute: case id			N/A	\(\sum _{c \in \mathit{cases(g)} \mathit{I(c)\)	"$\mathit{cases(g)$ returns the set of cases in group of cases $g$.
\newline $\mathit{I(c)$ returns the activity instance count of case $c$. \\"	RN4304; RN4134	Longo and Motta (2005); van den Ingh (2016)
activity Instance count (case granularity)	activity-instance-count-case-granularity-t-c	T	C	\(c \in C\)	\(\mathit{I(c)\)	\(|\mathit{inst(c)|\)	Number of times that any activity is instantiated in a case.	If the event log does not contain timestamps, activity Instance count can be used as a proxy for the time performance of a case.	$actinst$ – Event attribute: activity instance ; $case$ – Event attribute: case id		A greater number of activity instances implies that the case takes longer to complete.	MIN	\(\mathit{count(\mathit{inst(c))\)	"$\mathit{inst(c)$ returns the set of activity instances that occur in case $c$.
\\"	RN4304; RN4134	Longo and Motta (2005); van den Ingh (2016)
activity Instance count (group of cases granularity)	activity-instance-count-group-of-cases-granularity-t-g	T	G	\(g \subseteq C \colon\) \newline \(g \neq \emptyset\)	\(\mathit{I(g)\)	\(\sum _{c \in g} \mathit{I(c)\)	Number of times that any activity is instantiated in a group of cases.	If the event log does not contain timestamps, activity Instance count can be used as a proxy for the time performance of a group of cases.	$actinst$ – Event attribute: activity instance ; $case$ – Event attribute: case id		A greater number of activity instances implies that the cases in a group of cases take longer to complete.	MIN	\(\sum_{c \in \mathit{cases(g)} \mathit{I(c)\)	"$\mathit{cases(g)$ returns the set of cases in group of cases $g$.
\newline $\mathit{I(c)$ returns the activity instance count of case $c$.
\\"	RN4304; RN4134	Longo and Motta (2005); van den Ingh (2016)
activity Instance count by Human Resource (activity granularity)	activity-instance-count-by-human-resource-activity-granularity-q-a	Q	A	\(a \in A\) \newline \(\mathit{hr \in U^{}_{\mathit{hres}\)	\(\mathit{IbyHR(a, \mathit{hr)\)	\(|\{i \in \mathit{inst(a) \mid \mathit{hres(i) = \mathit{hr\}|\)	Number of times a specific human resource performs an activity in the event log.	Process where individual performance of human resources is relevant.	$act$ – Event attribute: activity ; $actinst$ – Event attribute: activity instance ; $hres$ – Event attribute: human resource ; $type$ – Event attribute: lifecycle type	$hr$ – the specific human resource	Maximizing the number of activities conducted by the same human resource is desirable.	MAX	"\(\displaystyle \sum_{i \in \mathit{inst(a)}
\begin{cases}
1 & \text{if } \mathit{hres(i) = \mathit{hr \\
0 & \text{otherwise}
\end{cases}
\)"	"\(\mathit{inst(a)\) returns the set of all instances of activity \(a\).
\newline \(\mathit{hres(i)\) returns the human resource associated with activity instance \(i\). \\"	RN4134	van den Ingh (2016)
activity Instance count by Human Resource (case granularity)	activity-instance-count-by-human-resource-case-granularity-q-c	Q	C	\(c \in C\) \newline \(\mathit{hr \in U^{}_{\mathit{hres}\)	\(\mathit{IbyHR(c, \mathit{hr)\)	\(|\{i \in \mathit{inst(c) \mid \mathit{hres(i) = \mathit{hr\}|\)	Number of times a specific human resource instantiates any activity in a case.	Process where individual performance of human resources is relevant.	$actinst$ – Event attribute: activity instance ; $case$ – Event attribute: case id ; $hres$ – Event attribute: human resource ; $type$ – Event attribute: lifecycle type	$hr$ – the specific human resource	Maximizing the number of activities conducted by the same human resource is desirable.	MAX	"\(\displaystyle \sum_{i \in \mathit{inst(c)}
\begin{cases}
1 & \text{if } \mathit{hres(i) = \mathit{hr \\
0 & \text{otherwise}
\end{cases}
\)"	"\(\mathit{inst(c)\) returns the set of all activity instances in case \(c\).
\newline \(\mathit{hres(i)\) returns the human resource associated with activity instance \(i\). \\"	RN4134	van den Ingh (2016)
activity Instance count by Human Resource (group of cases granularity)	activity-instance-count-by-human-resource-group-of-cases-granularity-q-g	Q	G	\(g \subseteq C \colon\) \newline \(g \neq \emptyset\) \newline \(\mathit{hr \in U^{}_{\mathit{hres}\)	\(\mathit{IbyHR(g, \mathit{hr)\)	\(\sum _{c \in g} \mathit{IbyHR(c, \mathit{hr)\)	Number of times a specific human resource instantiates any activity in a group of cases.	Process where individual performance of human resources is relevant.	$actinst$ – Event attribute: activity instance ; $case$ – Event attribute: case id ; $hres$ – Event attribute: human resource ; $type$ – Event attribute: lifecycle type	$hr$ – the specific human resource	Maximizing the number of activities conducted by the same human resource is desirable.	MAX	\(\sum _{c \in g} \mathit{IbyHR(c, \mathit{hr)\)	\(\mathit{IbyHR(c, \mathit{hr)\) returns the activity instance count by human resource \(\mathit{hr\) in case \(c\). \\	RN4134	van den Ingh (2016)
activity Instance count by Role (case granularity)	activity-instance-count-by-role-case-granularity-q-c	Q	C	\(c \in C\) \newline \(\mathit{rl \in U^{}_{\mathit{role}\)	\(\mathit{IbyRole(c, \mathit{rl)\)	\(|\{i \in \mathit{inst(c) \mid \mathit{role(i) = \mathit{rl\}|\)	Number of times that any activity is instantiated by a specific role in a case.	Process where performance of human resources with certain roles is relevant.	$actinst$ – Event attribute: activity instance ; $case$ – Event attribute: case id ; $role$ – Event attribute: role ; $type$ – Event attribute: lifecycle type	$rl$ – the specific role	Maximizing the number of activities conducted by human resources with the specific role is desirable.	MAX	"\(\displaystyle \sum_{i \in \mathit{inst(c)}
\begin{cases}
1 & \text{if } \mathit{role(i) = \mathit{rl \\
0 & \text{otherwise}
\end{cases}
\)"	"\(\mathit{inst(c)\) returns the set of all activity instances in case \(c\).
\newline \(\mathit{role(i)\) returns the role associated with activity instance \(i\). \\"	RN4134	van den Ingh (2016)
activity Instance count by Role (group of cases granularity)	activity-instance-count-by-role-group-of-cases-granularity-q-g	Q	G	\(g \subseteq C \colon\) \newline \(g \neq \emptyset\) \newline \(\mathit{rl \in U^{}_{\mathit{role}\)	\(\mathit{IbyRole(g, \mathit{rl)\)	\(\sum _{c \in g} \mathit{IbyRole(c, \mathit{rl)\)	Number of times that any activity is instantiated by a specific role in a group of cases.	Process where performance of human resources with certain roles is relevant.	$actinst$ – Event attribute: activity instance ; $case$ – Event attribute: case id ; $role$ – Event attribute: role ; $type$ – Event attribute: lifecycle type	$rl$ – the specific role	Maximizing the number of activities conducted by the same role is desirable.	MAX	\(\sum _{c \in g} \mathit{IbyRole(c, \mathit{rl)\)	\(\mathit{IbyRole(c, \mathit{rl)\) returns the activity instance count by role \(\mathit{rl\) in case \(c\). \\	RN4134	van den Ingh (2016)
Automated Activity Cost (case granularity)	automated-activity-cost-case-granularity-c-c	C	C	\(c \in C\)	"\(\mathit{AutC\mathit{^{\times(c)\)
\newline \newline \(\mathit{\times \in \{\mathit{sgl, \mathit{sum\}\)"	"\(\sum _{i \in \mathit{inst(c), \mathit{act(i) \in \mathit{Autl} \mathit{TC\mathit{^{\times(i)\)
\newline \newline The $\mathit{\times$ indicates that the PPI can take multiple forms, in this case, $\mathit{\times \in \{\mathit{sgl, \mathit{sum\}$. If $\mathit{\times = \mathit{sgl$, then the function considers single events of activity instances for cost calculations, i.e., it uses $\mathit{TC\mathit{^{sgl$; if $\mathit{\times = \mathit{sum$, then the function considers the sum of all events of activity instances for cost calculations, i.e., it uses $\mathit{TC\mathit{^{sum$."	Total cost associated with all instantiations of automated activities in a case.	Event log that contains automated activities and cost information.	$act$ – Event attribute: activity ; $actinst$ – Event attribute: activity instance ; $case$ – Event attribute: case id ; $tc$ – Event attribute: total cost ; $type$ – Event attribute: lifecycle type	$Autl$ – List of automated activities	Minimizing total cost is desirable.	MIN	\(\sum _{i \in \mathit{inst(c), \mathit{act(i) \in \mathit{Autl} \mathit{TC(i)\)	"\(\mathit{inst(c)\) returns the set of all activity instances in case \(c\).
\newline \(\mathit{act(i)\) returns the activity of activity instance \(i\).
\newline \(\mathit{Autl\) returns the set of automated activities.
\newline \(\mathit{TC(i)\) returns the cost of activity instance \(i\). \\"	RN4304	Longo and Motta (2005)
Automated Activity Cost (group of cases granularity)	automated-activity-cost-group-of-cases-granularity-c-g	C	G	\(g \subseteq C \colon\) \newline \(g \neq \emptyset\)	"\(\mathit{AutC\mathit{^{\times(g)\)
\newline \newline \(\mathit{\times \in \{\mathit{sgl, \mathit{sum\}\)"	"\(\sum _{c \in g} \mathit{AutC\mathit{^{\times(c)\)
\newline \newline The $\mathit{\times$ indicates that the PPI can take multiple forms, in this case, $\mathit{\times \in \{\mathit{sgl, \mathit{sum\}$. If $\mathit{\times = \mathit{sgl$, then the function considers single events of activity instances for cost calculations, i.e., it uses $\mathit{AutC\mathit{^{sgl$; if $\mathit{\times = \mathit{sum$, then the function considers the sum of all events of activity instances for cost calculations, i.e., it uses $\mathit{AutC\mathit{^{sum$."	Total cost associated with all instantiations of automated activities in a group of cases.	Event log that contains automated activities and cost information.	$act$ – Event attribute: activity ; $actinst$ – Event attribute: activity instance ; $case$ – Event attribute: case id ; $tc$ – Event attribute: total cost ; $type$ – Event attribute: lifecycle type	$Autl$ – List of automated activities	Minimizing total cost is desirable.	MIN	\(\sum _{c \in g} \mathit{AutC(c)\)	\(\mathit{AutC(c)\) returns the automated activity cost for case \(c\). \\	RN4304	Longo and Motta (2005)
Automated Activity count (case granularity)	automated-activity-count-case-granularity-q-c	Q	C	\(c \in C\)	\(\mathit{Auta(c)\)	\(|\mathit{Autl \cap \mathit{act(c)|\)	Number of automated activities that occur in a case.	Event log that contains automated activities.	$act$ – Event attribute: activity ; $case$ – Event attribute: case id	$Autl$ – List of automated activities	Automated activities yield more reliable, higher-quality results.	MAX	"\(\sum_{a \in \mathit{act(c)} 
\begin{cases}
1 & \text{if } a \text{ is automated} \\
0 & \text{otherwise}
\end{cases}\)"	$\mathit{act(c)$ returns the set of unique activities that occur in case $c$.\\	RN4134	van den Ingh (2016)
Automated Activity count (group of cases granularity)	automated-activity-count-group-of-cases-granularity-q-g	Q	G	\(g \subseteq C \colon\) \newline \(g \neq \emptyset\)	\(\mathit{Auta(g)\)	\(|\mathit{Autl \cap (\cup_{c \in g} \mathit{act(c))|\)	Number of automated activities that occur in a group of cases.	Event log that contains automated activities.	$act$ – Event attribute: activity ; $case$ – Event attribute: case id	$Autl$ – List of automated activities	Automated activities yield more reliable, higher-quality results.	MAX	"\(\sum_{a \in \mathit{act(g)} 
\begin{cases}
1 & \text{if } a \text{ is automated} \\
0 & \text{otherwise}
\end{cases}\)"	$\mathit{act(g)$ returns the set of unique activities that occur in group of cases $g$.\\	RN4134	van den Ingh (2016)
Automated Activity count (case granularity)	automated-activity-count-case-granularity-t-c	T	C	\(c \in C\)	\(\mathit{Auta(c)\)	\(|\mathit{Autl \cap \mathit{act(c)|\)	Number of automated activities that occur in a case.	Event log that contains automated activities.	$act$ – Event attribute: activity ; $case$ – Event attribute: case id	$Autl$ – List of automated activities	Automated activities take less time to be executed.	MAX	"\(\sum_{a \in \mathit{act(c)} 
\begin{cases}
1 & \text{if } a \text{ is automated} \\
0 & \text{otherwise}
\end{cases}\)"	$\mathit{act(c)$ returns the set of unique activities that occur in case $c$.\\	RN4134	van den Ingh (2016)
Automated Activity count (group of cases granularity)	automated-activity-count-group-of-cases-granularity-t-g	T	G	\(g \subseteq C \colon\) \newline \(g \neq \emptyset\)	\(\mathit{Auta(g)\)	\(|\mathit{Autl \cap (\cup_{c \in g} \mathit{act(c))|\)	Number of automated activities that occur in a group of cases.	Event log that contains automated activities.	$act$ – Event attribute: activity ; $case$ – Event attribute: case id	$Autl$ – List of automated activities	Automated activities take less time to be executed.	MAX	"\(\sum_{a \in \mathit{act(g)} 
\begin{cases}
1 & \text{if } a \text{ is automated} \\
0 & \text{otherwise}
\end{cases}\)"	$\mathit{act(g)$ returns the set of unique activities that occur in group of cases $g$.\\	RN4134	van den Ingh (2016)
Automated activity Instance count (case granularity)	automated-activity-instance-count-case-granularity-q-c	Q	C	\(c \in C\)	\(\mathit{Auti(c)\)	\(|\{i \in \mathit{inst(c) \mid \mathit{act(i) \in \mathit{Autl\}|\)	Number of times that an automated activity is instantiated in a case.	Event log that contains automated activities.	$act$ – Event attribute: activity ; $actinst$ – Event attribute: activity instance ; $case$ – Event attribute: case id ; $type$ – Event attribute: lifecycle type	$Autl$ – List of automated activities	Automated activities yield more reliable, higher-quality results.	MAX	"\(\sum_{i \in \mathit{inst(c)}
\begin{cases}
1 & \text{if } \mathit{act(i) \text{ is automated} \\
0 & \text{otherwise}
\end{cases}\)"	"$\mathit{inst(c)$ returns the set of activity instances that occur in case $c$.
\newline $\mathit{act(i)$ returns the activity associated to activity instance $i$.\\"	RN4134	van den Ingh (2016)
Automated activity Instance count (group of cases granularity)	automated-activity-instance-count-group-of-cases-granularity-q-g	Q	G	\(g \subseteq C \colon\) \newline \(g \neq \emptyset\)	\(\mathit{Auti(g)\)	\(\sum _{c \in g} \mathit{Auti(c)\)	Number of times that an automated activity is instantiated in a group of cases.	Event log that contains automated activities.	$act$ – Event attribute: activity ; $actinst$ – Event attribute: activity instance ; $case$ – Event attribute: case id ; $type$ – Event attribute: lifecycle type	$Autl$ – List of automated activities	Automated activities yield more reliable, higher-quality results.	MAX	\(\sum _{c \in g} \mathit{Auti(c)\)	\(\mathit{Auti(c)\) returns the automated activity instance count for case \(c\). \\	RN4134	van den Ingh (2016)
Automated activity Instance count (case granularity)	automated-activity-instance-count-case-granularity-t-c	T	C	\(c \in C\)	\(\mathit{Auti(c)\)	\(|\{i \in \mathit{inst(c) \mid \mathit{act(i) \in \mathit{Autl\}|\)	Number of times that an automated activity is instantiated in a case.	Event log that contains automated activities.	$act$ – Event attribute: activity ; $actinst$ – Event attribute: activity instance ; $case$ – Event attribute: case id ; $type$ – Event attribute: lifecycle type	$Autl$ – List of automated activities	Automated activities take less time to be executed.	MAX	"\(\sum_{i \in \mathit{inst(c)}
\begin{cases}
1 & \text{if } \mathit{act(i) \text{ is automated} \\
0 & \text{otherwise}
\end{cases}\)"	"$\mathit{inst(c)$ returns the set of activity instances that occur in case $c$.
\newline $\mathit{act(i)$ returns the activity associated to activity instance $i$.\\"	RN4134	van den Ingh (2016)
Automated activity Instance count (group of cases granularity)	automated-activity-instance-count-group-of-cases-granularity-t-g	T	G	\(g \subseteq C \colon\) \newline \(g \neq \emptyset\)	\(\mathit{Auti(g)\)	\(\sum _{c \in g} \mathit{Auti(c)\)	Number of times that an automated activity is instantiated in a group of cases.	Event log that contains automated activities.	$act$ – Event attribute: activity ; $actinst$ – Event attribute: activity instance ; $case$ – Event attribute: case id ; $type$ – Event attribute: lifecycle type	$Autl$ – List of automated activities	Automated activities take less time to be executed.	MAX	\(\sum_{c \in \mathit{cases(g)} \mathit{Auti(c)\)	"$\mathit{cases(g)$ returns the set of cases in group of cases $g$.
\newline $\mathit{Auti(c)$ returns the automated activity instance count of case $c$.\\"	RN4134	van den Ingh (2016)
Automated Activity Service Time (case granularity)	automated-activity-service-time-case-granularity-t-c	T	C	\(c \in C\)	\(\mathit{AutST(c)\)	\(\sum _{i \in \mathit{inst(c), \mathit{act(i) \in \mathit{Autl} \mathit{ST(i)\)	Sum of the service time of all instantiations of automated activities in a case.	Event log that contains automated activities and lifecycle information for activity instances.	$act$ – Event attribute: activity ; $actinst$ – Event attribute: activity instance ; $case$ – Event attribute: case id ; $time$ – Event attribute: timestamp ; $type$ – Event attribute: lifecycle type	$Autl$ – List of automated activities	Minimizing service time is desirable.	MIN	\(\sum_{i \in \mathit{inst(c),\, \mathit{act(i) \in \mathit{Autl} \mathit{ST(i)\)	"$\mathit{inst(c)$ returns the set of activity instances that occur in case $c$.
\newline $\mathit{act(i)$ returns the activity associated with activity instance $i$.
\newline $\mathit{Autl$ denotes the set of automated activities.
\newline $\mathit{ST(i)$ returns the service time of activity instance $i$.\\"	RN4304	Longo and Motta (2005)
Automated Activity Service Time (group of cases granularity)	automated-activity-service-time-group-of-cases-granularity-t-g	T	G	\(g \subseteq C \colon\) \newline \(g \neq \emptyset\)	\(\mathit{AutST(g)\)	\(\sum _{c \in g} \mathit{AutST(c)\)	Sum of the service time of all instantiations of automated activities in a group of cases.	Event log that contains automated activities and lifecycle information for activity instances.	$act$ – Event attribute: activity ; $actinst$ – Event attribute: activity instance ; $case$ – Event attribute: case id ; $time$ – Event attribute: timestamp ; $type$ – Event attribute: lifecycle type	$Autl$ – List of automated activities	Minimizing service time is desirable.	MIN	\(\sum_{c \in \mathit{cases(g)} \mathit{AutST(c)\)	"$\mathit{cases(g)$ returns the set of cases that belong to group of cases $g$.
\newline$\mathit{AutST(c)$ returns the automated activity service time of case $c$.\\"	RN4304	Longo and Motta (2005)
Case and Client count Ratio (group of cases granularity)	case-and-client-count-ratio-group-of-cases-granularity-q-g	Q	G	\(g \subseteq C \colon\) \newline \(g \neq \emptyset\)	\(\mathit{CCliR(g)\)	\(\frac{\mathit{C(g)}{\mathit{Cli(g)}\)	Ratio between the number of cases in a group of cases and the number of distinct clients associated with cases in a group of cases.	Process is executed for different clients.	$case$ – Event attribute: case id ; $cli$ – Case attribute: client		It is desirable to maximize the number of cases per client.	MAX	\(\frac{\mathit{C(g)}{\mathit{Cli(g)}\)	"\(\mathit{C(g)\) returns the number of cases in group \(g\).
\newline \(\mathit{Cli(g)\) returns the number of clients associated with group \(g\). \\"	RN4134	van den Ingh (2016)
Case count (group of cases granularity)	case-count-group-of-cases-granularity-g-g	G	G	\(g \subseteq C \colon\) \newline \(g \neq \emptyset\)	\(\mathit{C(g)\)	\(|g|\)	Number of cases belonging to a group of cases.	Calculation of several other PPIs.	$case$ – Event attribute: case id			N/A	\(\mathit{count(\mathit{cases(g))\)	$\mathit{cases(g)$ returns the set of cases in group of cases $g$. \\	RN4292; RN4301; RN4307	del-Río-Ortega et al. (2013); Jagdev et al. (1997); Walsh (1996)
Case Count where Activity after Time Frame (group of cases granularity)	case-count-where-activity-after-time-frame-group-of-cases-granularity-q-g	Q	G	\(g \subseteq C \colon\) \newline \(g \neq \emptyset\) \newline \(\mathit{a \in A\) \newline \(\mathit{et \in U^{}_{\mathit{time}\)	\(\mathit{CApastTFC(g, \mathit{a, \mathit{et)\)	\(|\{c \in g \mid \exists i \in \mathit{inst(c, \mathit{a)[\mathit{stime(i) \geq \mathit{et]\}|\)	Number of cases in a group of cases where a specific activity occurs after a specific time frame.	Event log is associated with a process in which specific time frames must be taken into consideration.	$act$ – Event attribute: activity ; $actinst$ – Event attribute: activity instance ; $case$ – Event attribute: case id ; $time$ – Event attribute: timestamp ; $type$ – Event attribute: lifecycle type	$a$ – the considered activity ; $et$ – the end timestamp of the time frame	Maximizing the number of cases where the activity occurs after the time frame is desirable.	MAX	"\(\displaystyle \sum_{c \in g}
\begin{cases}
1 & \text{if } \exists i \in \mathit{inst(c, \mathit{a)[\mathit{stime(i) \geq \mathit{et] \\
0 & \text{otherwise}
\end{cases}
\)"	"\(\mathit{inst(c, \mathit{a)\) returns the set of all instances of activity \(\mathit{a\) in case \(c\).
\newline \(\mathit{stime(i)\) returns the start timestamp of activity instance \(i\). \\"	RN4134	van den Ingh (2016)
Case Count where Activity before Time Frame (group of cases granularity)	case-count-where-activity-before-time-frame-group-of-cases-granularity-q-g	Q	G	\(g \subseteq C \colon\) \newline \(g \neq \emptyset\) \newline \(\mathit{a \in A\) \newline \(\mathit{st \in U^{}_{\mathit{time}\)	\(\mathit{CAdueTFC(g, \mathit{a, \mathit{st)\)	\(|\{c \in g \mid \exists i \in \mathit{inst(c, \mathit{a)[\mathit{stime(i) \leq \mathit{st]\}|\)	Number of cases in a group of cases where a specific activity occurs before a specific time frame.	Event log is associated with a process in which specific time frames must be taken into consideration.	$act$ – Event attribute: activity ; $actinst$ – Event attribute: activity instance ; $case$ – Event attribute: case id ; $time$ – Event attribute: timestamp ; $type$ – Event attribute: lifecycle type	$a$ – the considered activity ; $st$ – the start timestamp of the time frame	Maximizing the number of cases where the activity occurs before the time frame is desirable.	MAX	"\(\displaystyle \sum_{c \in g}
\begin{cases}
1 & \text{if } \exists i \in \mathit{inst(c, \mathit{a)[\mathit{stime(i) \leq \mathit{st] \\
0 & \text{otherwise}
\end{cases}
\)"	"\(\mathit{inst(c, \mathit{a)\) returns the set of all instances of activity \(\mathit{a\) in case \(c\).
\newline \(\mathit{stime(i)\) returns the start timestamp of activity instance \(i\). \\"	RN4134	van den Ingh (2016)
Case Count where Activity during Time Frame (group of cases granularity)	case-count-where-activity-during-time-frame-group-of-cases-granularity-q-g	Q	G	\(g \subseteq C \colon\) \newline \(g \neq \emptyset\) \newline \(\mathit{a \in A\) \newline \(\mathit{st, \mathit{et \in U^{}_{\mathit{time} \colon\) \newline \(\mathit{st < \mathit{et\)	\(\mathit{CAinTFC(g, \mathit{a, \mathit{st, \mathit{et)\)	\(|\{c \in g \mid \exists i \in \mathit{inst(c, \mathit{a)[\mathit{st \leq \mathit{stime(i) \land \mathit{stime(i) \leq \mathit{et]\}|\)	Number of cases in a group of cases where a specific activity occurs within a specific time frame.	Event log is associated with a process in which specific time frames must be taken into consideration.	$act$ – Event attribute: activity ; $actinst$ – Event attribute: activity instance ; $case$ – Event attribute: case id ; $time$ – Event attribute: timestamp ; $type$ – Event attribute: lifecycle type	$a$ – the considered activity ; $st$ – the start timestamp of the time frame ; $et$ – the end timestamp of the time frame	Maximizing the number of cases where the activity occurs within the time frame is desirable.	MAX	"\(\displaystyle \sum_{c \in g}
\begin{cases}
1 & \text{if } \exists i \in \mathit{inst(c, \mathit{a)[\mathit{st \leq \mathit{stime(i) \land \mathit{stime(i) \leq \mathit{et] \\
0 & \text{otherwise}
\end{cases}
\)"	"\(\mathit{inst(c, \mathit{a)\) returns the set of all instances of activity \(\mathit{a\) in case \(c\).
\newline \(\mathit{stime(i)\) returns the start timestamp of activity instance \(i\). \\"	RN4134	van den Ingh (2016)
Case Count where end activity is A (group of cases granularity)	case-count-where-end-activity-is-a-group-of-cases-granularity-q-g	Q	G	\(g \subseteq C \colon\) \newline \(g \neq \emptyset\) \newline \(\mathit{a \in A\)	\(\mathit{CendAC(g, \mathit{a)\)	\(|\{c \in g \mid \exists i \in \mathit{endin(c)[\mathit{act(i) = \mathit{a]\}|\)	Number of cases in a group of cases where a specific activity is the last one to be instantiated it.	Process is expected to end with specific activities.	$act$ – Event attribute: activity ; $actinst$ – Event attribute: activity instance ; $case$ – Event attribute: case id ; $type$ – Event attribute: lifecycle type	$a$ – the specific activity	Maximizing the number of cases that end with the specific activity is desirable.	MAX	"\(\displaystyle \sum_{c \in g}
\begin{cases}
1 & \text{if } \exists i \in \mathit{endin(c)[\mathit{act(i) = \mathit{a] \\
0 & \text{otherwise}
\end{cases}
\)"	"\(\mathit{endin(c)\) returns the set of last activity instances in case \(c\).
\newline \(\mathit{act(i)\) returns the activity of activity instance \(i\). \\"	RN4304; RN4306; RN4295; RN4297; RN4305; RN4298; RN4311; RN4309; RN4291; RN4303; RN4125; RN4299; RN4312	Longo and Motta (2005); Chimhamhiwa et al. (2009); Bosilj-Vuksic et al. (2008); Glavan (2011); Vernadat et al. (2013); Korherr and List (2007); Bhagwat and Sharma (2007); Gunasekaran and Kobu (2007); Lehnert et al. (2014); Pourshahid et al. (2009); Cho et al. (2020); Herzog (2006); Spremic et al. (2008)
Case Count where start activity is A (group of cases granularity)	case-count-where-start-activity-is-a-group-of-cases-granularity-q-g	Q	G	\(g \subseteq C \colon\) \newline \(g \neq \emptyset\) \newline \(\mathit{a \in A\)	\(\mathit{CstartAC(g, \mathit{a)\)	\(|\{c \in g \mid \exists i \in \mathit{strin(c)[\mathit{act(i) = \mathit{a]\}|\)	Number of cases in a group of cases where a specific activity is the first one to be instantiated it.	Process is expected to start with specific activities.	$act$ – Event attribute: activity ; $actinst$ – Event attribute: activity instance ; $case$ – Event attribute: case id ; $type$ – Event attribute: lifecycle type	$a$ – the specific activity	Maximizing the number of cases that start with the specific activity is desirable.	MAX	"\(\displaystyle \sum_{c \in g}
\begin{cases}
1 & \text{if } \exists i \in \mathit{strin(c)[\mathit{act(i) = \mathit{a] \\
0 & \text{otherwise}
\end{cases}
\)"	"\(\mathit{strin(c)\) returns the set of first activity instances in case \(c\).
\newline \(\mathit{act(i)\) returns the activity of activity instance \(i\). \\"	ADDED_FOR_COMPLETENESS	
Case Count with Rework (group of cases granularity)	case-count-with-rework-group-of-cases-granularity-q-g	Q	G	\(g \subseteq C \colon\) \newline \(g \neq \emptyset\)	\(\mathit{CRewC(g)\)	\(|\{c \in g \mid \mathit{RewC(c) > 0\}|\)	Number of cases in a group of cases where there is rework.	Process where rework recurrently occurs.	$act$ – Event attribute: activity ; $actinst$ – Event attribute: activity instance ; $case$ – Event attribute: case id ; $type$ – Event attribute: lifecycle type		Minimizing the number of cases with rework is desirable.	MIN	"\(\displaystyle \sum_{c \in g}
\begin{cases}
1 & \text{if } \mathit{RewC(c) > 0 \\
0 & \text{otherwise}
\end{cases}
\)"	\(\mathit{RewC(c)\) returns the rework count for case \(c\). \\	RN4134	van den Ingh (2016)
Case Percentage where Activity after Time Frame (group of cases granularity)	case-percentage-where-activity-after-time-frame-group-of-cases-granularity-q-g	Q	G	\(g \subseteq C \colon\) \newline \(g \neq \emptyset\) \newline \(\mathit{a \in A\) \newline \(\mathit{et \in U^{}_{\mathit{time}\)	\(\mathit{CApastTFP(g, \mathit{a, \mathit{et)\)	\(\frac{\mathit{CApastTFC(g, \mathit{a, \mathit{et)}{\mathit{C(g)}\)	Percentage of cases in a group of cases where a specific activity occurs after a specific time frame.	Event log is associated with a process in which specific time frames must be taken into consideration.	$act$ – Event attribute: activity ; $actinst$ – Event attribute: activity instance ; $case$ – Event attribute: case id ; $time$ – Event attribute: timestamp ; $type$ – Event attribute: lifecycle type	$a$ – the considered activity ; $et$ – the end timestamp of the time frame	Maximizing the number of cases where the activity occurs after the time frame is desirable.	MAX	\(\frac{\mathit{CApastTFC(g, \mathit{a, \mathit{et)}{\mathit{C(g)}\)	"\(\mathit{CApastTFC(g, \mathit{a, \mathit{et)\) returns the case count where activity \(\mathit{a\) starts after time frame \(\mathit{et\) in group \(g\).
\newline \(\mathit{C(g)\) returns the number of cases in group \(g\). \\"	RN4134	van den Ingh (2016)
Case Percentage where Activity before Time Frame (group of cases granularity)	case-percentage-where-activity-before-time-frame-group-of-cases-granularity-q-g	Q	G	\(g \subseteq C \colon\) \newline \(g \neq \emptyset\) \newline \(\mathit{a \in A\) \newline \(\mathit{st \in U^{}_{\mathit{time}\)	\(\mathit{CAdueTFP(g, \mathit{a, \mathit{st)\)	\(\frac{\mathit{CAdueTFC(g, \mathit{a, \mathit{st)}{\mathit{C(g)}\)	Percentage of cases in a group of cases where a specific activity occurs before a specific time frame.	Event log is associated with a process in which specific time frames must be taken into consideration.	$act$ – Event attribute: activity ; $actinst$ – Event attribute: activity instance ; $case$ – Event attribute: case id ; $time$ – Event attribute: timestamp ; $type$ – Event attribute: lifecycle type	$a$ – the considered activity ; $st$ – the start timestamp of the time frame	Maximizing the number of cases where the activity occurs before the time frame is desirable.	MAX	\(\frac{\mathit{CAdueTFC(g, \mathit{a, \mathit{st)}{\mathit{C(g)}\)	"\(\mathit{CAdueTFC(g, \mathit{a, \mathit{st)\) returns the case count where activity \(\mathit{a\) starts before time frame \(\mathit{st\) in group \(g\).
\newline \(\mathit{C(g)\) returns the number of cases in group \(g\). \\"	RN4134	van den Ingh (2016)
Case Percentage where Activity during Time Frame (group of cases granularity)	case-percentage-where-activity-during-time-frame-group-of-cases-granularity-q-g	Q	G	\(g \subseteq C \colon\) \newline \(g \neq \emptyset\) \newline \(\mathit{a \in A\) \newline \(\mathit{st, \mathit{et \in U^{}_{\mathit{time} \colon\) \newline \(\mathit{st < \mathit{et\)	\(\mathit{CAinTFP(g, \mathit{a, \mathit{st, \mathit{et)\)	\(\frac{\mathit{CAinTFC(g, \mathit{a, \mathit{st, \mathit{et)}{\mathit{C(g)}\)	Percentage of cases in a group of cases where a specific activity occurs within a specific time frame.	Event log is associated with a process in which specific time frames must be taken into consideration.	$act$ – Event attribute: activity ; $actinst$ – Event attribute: activity instance ; $case$ – Event attribute: case id ; $time$ – Event attribute: timestamp ; $type$ – Event attribute: lifecycle type	$a$ – the considered activity ; $st$ – the start timestamp of the time frame ; $et$ – the end timestamp of the time frame	Maximizing the number of cases where the activity occurs within the time frame is desirable.	MAX	\(\frac{\mathit{CAinTFC(g, \mathit{a, \mathit{st, \mathit{et)}{\mathit{C(g)}\)	"\(\mathit{CAinTFC(g, \mathit{a, \mathit{st, \mathit{et)\) returns the case count where activity \(\mathit{a\) starts during the time frame in group \(g\).
\newline \(\mathit{C(g)\) returns the number of cases in group \(g\). \\"	RN4134	van den Ingh (2016)
Case Percentage where End Activity is A (group of cases granularity)	case-percentage-where-end-activity-is-a-group-of-cases-granularity-q-g	Q	G	\(g \subseteq C \colon\) \newline \(g \neq \emptyset\) \newline \(\mathit{a \in A\)	\(\mathit{CendAP(g, \mathit{a)\)	\(\frac{\mathit{CendAC(g, \mathit{a)}{\mathit{C(g)}\)	Percentage of cases in a group of cases where a specific activity is the last instantiated one.	Process is expected to end with specific activities.	$act$ – Event attribute: activity ; $actinst$ – Event attribute: activity instance ; $case$ – Event attribute: case id ; $type$ – Event attribute: lifecycle type	$a$ – the specific activity	Maximizing the number of cases that end with the specific activity is desirable.	MAX	\(\frac{\mathit{CendAC(g, \mathit{a)}{\mathit{C(g)}\)	"\(\mathit{CendAC(g, \mathit{a)\) returns the case count where the end activity is \(\mathit{a\) in group \(g\).
\newline \(\mathit{C(g)\) returns the number of cases in group \(g\). \\"	RN4304; RN4306; RN4295; RN4297; RN4305; RN4298; RN4311; RN4309; RN4291; RN4303; RN4293; RN4125; RN4299; RN4312	Longo and Motta (2005); Chimhamhiwa et al. (2009); Bosilj-Vuksic et al. (2008); Glavan (2011); Vernadat et al. (2013); Korherr and List (2007); Bhagwat and Sharma (2007); Gunasekaran and Kobu (2007); Lehnert et al. (2014); Pourshahid et al. (2009); Balaban et al. (2011); Cho et al. (2020); Herzog (2006); Spremic et al. (2008)
Case Percentage where Start Activity is A (group of cases granularity)	case-percentage-where-start-activity-is-a-group-of-cases-granularity-q-g	Q	G	\(g \subseteq C \colon\) \newline \(g \neq \emptyset\) \newline \(\mathit{a \in A\)	\(\mathit{CstartAP(g, \mathit{a)\)	\(\frac{\mathit{CstartAC(g, \mathit{a)}{\mathit{C(g)}\)	Percentage of cases in a group of cases where a specific activity is the first one to be instantiated it.	Process is expected to start with specific activities.	$act$ – Event attribute: activity ; $actinst$ – Event attribute: activity instance ; $case$ – Event attribute: case id ; $type$ – Event attribute: lifecycle type	$a$ – the specific activity	Maximizing the number of cases that start with the specific activity is desirable.	MAX	\(\frac{\mathit{CstartAC(g, \mathit{a)}{\mathit{C(g)}\)	"\(\mathit{CstartAC(g, \mathit{a)\) returns the case count where the start activity is \(\mathit{a\) in group \(g\).
\newline \(\mathit{C(g)\) returns the number of cases in group \(g\). \\"	ADDED_FOR_COMPLETENESS	
Case Percentage with Missed Deadline (group of cases granularity)	case-percentage-with-missed-deadline-group-of-cases-granularity-q-g	Q	G	\(g \subseteq C \colon\) \newline \(g \neq \emptyset\) \newline \(\mathit{val \in U^{}_{\mathit{time}\)	\(\mathit{CMDP(g, \mathit{val)\)	\(\frac{|\{c \in g \mid \mathit{endt(c) > \mathit{val\}|}{\mathit{C(g)}\)	Percentage of cases in a group of cases whose latest event occurs after a given deadline.	Event log is associated with a process in which cases should be completed before a defined deadline.	$actinst$ – Event attribute: activity instance ; $case$ – Event attribute: case id ; $time$ – Event attribute: timestamp ; $type$ – Event attribute: lifecycle type	$val$ – A timestamp indicating the deadline that should not be exceeded	Exceeding the deadline of interest is undesired.	MIN	"\(\displaystyle \frac{
\sum_{c \in g}
\begin{cases}
1 & \text{if } \mathit{endt(c) > \mathit{val \\
0 & \text{otherwise}
\end{cases}
}{\mathit{C(g)}\)"	"\(\mathit{endt(c)\) returns the completion timestamp of case \(c\).
\newline \(\mathit{C(g)\) returns the number of cases in group \(g\). \\"	RN4295; RN4297; RN4300; RN4305; RN4296	Bosilj-Vuksic et al. (2008); Glavan (2011); Kutucuoglu et al. (2002); Vernadat et al. (2013); Wetzstein et al. (2008)
Case Percentage with Missed Deadline (group of cases granularity)	case-percentage-with-missed-deadline-group-of-cases-granularity-t-g	T	G	\(g \subseteq C \colon\) \newline \(g \neq \emptyset\) \newline \(\mathit{val \in U^{}_{\mathit{time}\)	\(\mathit{CMDP(g, \mathit{val)\)	\(\frac{|\{c \in g \mid \mathit{endt(c) > \mathit{val\}|}{\mathit{C(g)}\)	Percentage of cases belonging to a group of cases whose latest event occurs after a given deadline.	Event log is associated with a process in which cases should be completed before a defined deadline.	$actinst$ – Event attribute: activity instance ; $case$ – Event attribute: case id ; $time$ – Event attribute: timestamp ; $type$ – Event attribute: lifecycle type	$val$ – A timestamp indicating the deadline that should not be exceeded	Exceeding the deadline of interest is undesired.	MIN	"\(\displaystyle \frac{
\sum_{c \in g}
\begin{cases}
1 & \text{if } \mathit{endt(c) > \mathit{val \\
0 & \text{otherwise}
\end{cases}
}{\mathit{C(g)}\)"	"\(\mathit{endt(c)\) returns the completion timestamp of case \(c\).
\newline \(\mathit{C(g)\) returns the number of cases in group \(g\). \\"	RN4295; RN4297; RN4300; RN4305; RN4296	Bosilj-Vuksic et al. (2008); Glavan (2011); Kutucuoglu et al. (2002); Vernadat et al. (2013); Wetzstein et al. (2008)
Case Percentage with Rework (group of cases granularity)	case-percentage-with-rework-group-of-cases-granularity-q-g	Q	G	\(g \subseteq C \colon\) \newline \(g \neq \emptyset\)	\(\mathit{CRewP(g)\)	\(\frac{\mathit{CRewC(g)}{\mathit{C(g)}\)	Percentage of cases in a group of cases where there is rework.	Process where rework recurrently occurs.	$act$ – Event attribute: activity ; $actinst$ – Event attribute: activity instance ; $case$ – Event attribute: case id ; $type$ – Event attribute: lifecycle type		Minimizing the number of cases with rework is desirable.	MIN	\(\frac{\mathit{CRewC(g)}{\mathit{C(g)}\)	"\(\mathit{CRewC(g)\) returns the case count with rework in group \(g\).
\newline \(\mathit{C(g)\) returns the number of cases in group \(g\). \\"	RN4134	van den Ingh (2016)
Client count (activity granularity)	client-count-activity-granularity-f-a	F	A	\(a \in A\)	\(\mathit{Cli(a)\)	\(|\{#^{}_{\mathit{cli}(c) \mid c \in C[a \in \mathit{act(c)]\}|\)	Number of distinct clients associated with cases where the activity is instantiated in the event log.	Process is executed for different clients.	$act$ – Event attribute: activity ; $case$ – Event attribute: case id ; $cli$ – Case attribute: client		It is desirable to maximize the number of clients.	MAX	\(\mathit{count(\mathit{Cli(a))\)	\(\mathit{Cli(a)\) returns the set of distinct client identifiers associated with activity $a$. \\	RN4134	van den Ingh (2016)
Client count (group of cases granularity)	client-count-group-of-cases-granularity-f-g	F	G	\(g \subseteq C \colon\) \newline \(g \neq \emptyset\)	\(\mathit{Cli(g)\)	\(|\{#^{}_{\mathit{cli}(c) \mid c \in g\}|\)	Number of distinct clients associated with cases in a group of cases.	Process is executed for different clients.	$case$ – Event attribute: case id ; $cli$ – Case attribute: client		It is desirable to maximize the number of clients.	MAX	\(\mathit{count(\mathit{Cli(g))\)	\(\mathit{Cli(g)\) returns the set of distinct client identifiers associated with case group $g$. \\	RN4134	van den Ingh (2016)
Client count and Total Cost Ratio (activity granularity)	client-count-and-total-cost-ratio-activity-granularity-q-a	Q	A	\(a \in A\)	"\(\mathit{CliTCR\mathit{^{\times(a)\)
\newline \newline \(\mathit{\times \in \{\mathit{sgl, \mathit{sum\}\)"	"\(\frac{\mathit{Cli(a)}{\mathit{TC\mathit{^{\times(a)}\)
\newline \newline The $\mathit{\times$ indicates that the PPI can take multiple forms, in this case, $\mathit{\times \in \{\mathit{sgl, \mathit{sum\}$. If $\mathit{\times = \mathit{sgl$, then the function considers single events of activity instances for cost calculations, i.e., it uses $\mathit{TC\mathit{^{sgl$; if $\mathit{\times = \mathit{sum$, then the function considers the sum of all events of activity instances for cost calculations, i.e., it uses $\mathit{TC\mathit{^{sum$."	Ratio between the number of distinct clients associated with cases where an activity is instantiated in the event log, and the total cost associated with all instantiations of an activity in the event log.	Process is executed for different clients where the event log contains cost information.	$act$ – Event attribute: activity ; $actinst$ – Event attribute: activity instance ; $case$ – Event attribute: case id ; $cli$ – Case attribute: client ; $tc$ – Event attribute: total cost ; $type$ – Event attribute: lifecycle type		It is desirable to execute the specific activity for as many clients at the least cost.	MAX	\(\frac{\mathit{Cli(a)}{\mathit{TC(a)}\)	"\(\mathit{Cli(a)\) returns the number of distinct clients involved in activity \(a\).
\newline \(\mathit{TC(a)\) returns the total cost of activity \(a\). \\"	RN4134	van den Ingh (2016)
Client count and Total Cost Ratio (group of cases granularity)	client-count-and-total-cost-ratio-group-of-cases-granularity-q-g	Q	G	\(g \subseteq C \colon\) \newline \(g \neq \emptyset\)	"\(\mathit{CliTCR\mathit{^{\times(g)\)
\newline \newline \(\mathit{\times \in \{\mathit{sgl, \mathit{sum\}\)"	"\(\frac{\mathit{Cli(g)}{\mathit{TC\mathit{^{\times(g)}\)
\newline \newline The $\mathit{\times$ indicates that the PPI can take multiple forms, in this case, $\mathit{\times \in \{\mathit{sgl, \mathit{sum\}$. If $\mathit{\times = \mathit{sgl$, then the function considers single events of activity instances for cost calculations, i.e., it uses $\mathit{TC\mathit{^{sgl$; if $\mathit{\times = \mathit{sum$, then the function considers the sum of all events of activity instances for cost calculations, i.e., it uses $\mathit{TC\mathit{^{sum$."	Ratio between the number of distinct clients associated with cases in a group of cases, and the total cost of a group of cases.	Process is executed for different clients where the event log contains cost information.	$actinst$ – Event attribute: activity instance ; $case$ – Event attribute: case id ; $cli$ – Case attribute: client ; $tc$ – Event attribute: total cost ; $type$ – Event attribute: lifecycle type		It is desirable to execute the process for as many clients at the least cost.	MAX	\(\frac{\mathit{Cli(g)}{\mathit{TC(g)}\)	"\(\mathit{Cli(g)\) returns the number of distinct clients associated with group \(g\).
\newline \(\mathit{TC(g)\) returns the total cost of case group \(g\). \\"	RN4134	van den Ingh (2016)
Desired Activity count (case granularity)	desired-activity-count-case-granularity-c-c	C	C	\(c \in C\)	\(\mathit{DAC(c)\)	\(| \mathit{Desl \cap \mathit{act(c)|\)	Number of instantiated activities whose occurrence is desirable in a case.	Event log that contains optional activities whose occurrence is desirable.	$act$ – Event attribute: activity ; $case$ – Event attribute: case id	$Desl$ – List of desirable activities	Desirable activities should be maximized.	MAX	\(\mathit{count( \mathit{Desl \cap \mathit{act(c))\)	"\(\mathit{Desl\) returns the set of desired activities.
\newline \(\mathit{act(c)\) returns the set of activities that occurred in case \(c\). \\"	RN4134	van den Ingh (2016)
Desired Activity count (group of cases granularity)	desired-activity-count-group-of-cases-granularity-c-g	C	G	\(g \subseteq C \colon\) \newline \(g \neq \emptyset\)	\(\mathit{DAC(g)\)	\(|\mathit{Desl \cap (\cup_{c \in g} \mathit{act(c))|\)	Number of instantiated activities whose occurrence is desirable in a group of cases.	Event log that contains optional activities whose occurrence is desirable.	$act$ – Event attribute: activity ; $case$ – Event attribute: case id	$Desl$ – List of desirable activities	Desirable activities should be maximized.	MAX	\(\mathit{count(\mathit{Desl \cap (\cup_{c \in g} \mathit{act(c)))\)	"\(\mathit{Desl\) returns the set of desired activities.
\newline \(\mathit{act(c)\) returns the set of activities that occurred in case \(c\). \\"	RN4134	van den Ingh (2016)
Desired Activity count (case granularity)	desired-activity-count-case-granularity-q-c	Q	C	\(c \in C\)	\(\mathit{DAC(c)\)	\(| \mathit{Desl \cap \mathit{act(c)|\)	Number of instantiated activities whose occurrence is desirable in a case.	Event log that contains optional activities whose occurrence is desirable.	$act$ – Event attribute: activity ; $case$ – Event attribute: case id	$Desl$ – List of desirable activities	Desirable activities should be maximized.	MAX	\(\mathit{count(\mathit{Desl \cap \mathit{act(c))\)	"\(\mathit{Desl\) returns the set of desired activities.
\newline \(\mathit{act(c)\) returns the set of activities that occurred in case \(c\). \\"	RN4134	van den Ingh (2016)
Desired Activity count (group of cases granularity)	desired-activity-count-group-of-cases-granularity-q-g	Q	G	\(g \subseteq C \colon\) \newline \(g \neq \emptyset\)	\(\mathit{DAC(g)\)	\(|\mathit{Desl \cap (\cup_{c \in g} \mathit{act(c))|\)	Number of instantiated activities whose occurrence is desirable in a group of cases.	Event log that contains optional activities whose occurrence is desirable.	$act$ – Event attribute: activity ; $case$ – Event attribute: case id	$Desl$ – List of desirable activities	Desirable activities should be maximized.	MAX	\(\mathit{count(\mathit{Desl \cap (\cup_{c \in g} \mathit{act(c)))\)	"\(\mathit{Desl\) returns the set of desired activities.
\newline \(\mathit{act(c)\) returns the set of activities that occurred in case \(c\). \\"	RN4134	van den Ingh (2016)
Direct Cost (case granularity)	direct-cost-case-granularity-c-c	C	C	\(c \in C\)	"\(\mathit{DC\mathit{^{\times(c)\) 
\newline \newline \(\mathit{\times \in \{\mathit{sgl, \mathit{sum\}\)"	"\(\sum _{i \in \mathit{inst(c), \mathit{act(i) \in \mathit{DCl} \mathit{TC\mathit{^{\times(i)\)
\newline \newline The $\mathit{\times$ indicates that the PPI can take multiple forms, in this case, $\mathit{\times \in \{\mathit{sgl, \mathit{sum\}$. If $\mathit{\times = \mathit{sgl$, then the function considers single events of activity instances for cost calculations, i.e., it uses $\mathit{TC\mathit{^{sgl$; if $\mathit{\times = \mathit{sum$, then the function considers the sum of all events of activity instances for cost calculations, i.e., it uses $\mathit{TC\mathit{^{sum$."	Total cost associated with all instantiations of activities that have a direct effect on the outcome of a case.	Event log in which activities can be categorized based on whether they directly contribute to the outcome of the process or not.	$act$ – Event attribute: activity ; $actinst$ – Event attribute: activity instance ; $case$ – Event attribute: case id ; $tc$ – Event attribute: total cost ; $type$ – Event attribute: lifecycle type	$DCl$ – List of direct cost activities	Minimizing total cost is desirable.	MIN	\(\sum _{i \in \mathit{inst(c), \mathit{act(i) \in \mathit{DCl} \mathit{TC(i)\)	"\(\mathit{inst(c)\) returns the set of all activity instances in case \(c\).
\newline \(\mathit{act(i)\) returns the activity of activity instance \(i\).
\newline \(\mathit{DCl\) returns the set of direct cost activities.
\newline \(\mathit{TC(i)\) returns the cost of activity instance \(i\). \\"	RN4146	Karadgi (2014)
Direct Cost (group of cases granularity)	direct-cost-group-of-cases-granularity-c-g	C	G	\(g \subseteq C \colon\) \newline \(g \neq \emptyset\)	"\(\mathit{DC\mathit{^{\times(g)\) 
\newline \newline \(\mathit{\times \in \{\mathit{sgl, \mathit{sum\}\)"	"\(\sum _{c \in g} \mathit{DC\mathit{^{\times(c)\)
\newline \newline The $\mathit{\times$ indicates that the PPI can take multiple forms, in this case, $\mathit{\times \in \{\mathit{sgl, \mathit{sum\}$. If $\mathit{\times = \mathit{sgl$, then the function considers single events of activity instances for cost calculations, i.e., it uses $\mathit{DC\mathit{^{sgl$; if $\mathit{\times = \mathit{sum$, then the function considers the sum of all events of activity instances for cost calculations, i.e., it uses $\mathit{DC\mathit{^{sum$."	Total cost associated with all instantiations of activities that have a direct effect on the outcome of cases in a group of cases.	Event log in which activities can be categorized based on whether they directly contribute to the outcome of the process or not.	$act$ – Event attribute: activity ; $actinst$ – Event attribute: activity instance ; $case$ – Event attribute: case id ; $tc$ – Event attribute: total cost ; $type$ – Event attribute: lifecycle type	$DCl$ – List of direct cost activities	Minimizing total cost is desirable.	MIN	\(\sum _{c \in g} \mathit{DC(c)\)	\(\mathit{DC(c)\) returns the direct cost for case \(c\). \\	RN4146	Karadgi (2014)
Directly-Follows Relations and Activity count Ratio (case granularity)	directly-follows-relations-and-activity-count-ratio-case-granularity-f-c	F	C	\(c \in C\)	\(\mathit{DFRAR(c)\)	\(\frac{\mathit{DFR(c)}{\mathit{A(c)}\)	Ratio between the number of activity pairs where one is instantiated directly after the other in a case, and the number of activities that occur in a case.	Process where several distinct directly-follows relations can occur.	$act$ – Event attribute: activity ; $actinst$ – Event attribute: activity instance ; $case$ – Event attribute: case id ; $type$ – Event attribute: lifecycle type		A greater number of directly-follows relations is desirable, as it implies a greater capability to address unexpected situations.	MAX	\(\frac{\mathit{DFR(c)}{\mathit{A(c)}\)	"\(\mathit{DFR(c)\) returns the number of unique Directly-Follows Relations (DFR) in case \(c\).
\newline \(\mathit{A(c)\) returns the number of unique activities in case \(c\). \\"	RN4125	Cho et al. (2020)
Directly-Follows Relations and Activity count Ratio (group of cases granularity)	directly-follows-relations-and-activity-count-ratio-group-of-cases-granularity-f-g	F	G	\(g \subseteq C \colon\) \newline \(g \neq \emptyset\)	\(\mathit{DFRAR(g)\)	\(\frac{\mathit{DFR(g)}{\mathit{A(g)}\)	Ratio between the number of activity pairs where one is instantiated directly after the other in a group of cases, and the number of activities that occur in a group of cases.	Process where several distinct directly-follows relations can occur.	$act$ – Event attribute: activity ; $actinst$ – Event attribute: activity instance ; $case$ – Event attribute: case id ; $type$ – Event attribute: lifecycle type		A greater number of directly-follows relations is desirable, as it implies a greater capability to address unexpected situations.	MAX	\(\frac{\mathit{DFR(g)}{\mathit{A(g)}\)	"\(\mathit{DFR(g)\) returns the number of unique Directly-Follows Relations (DFR) in group \(g\).
\newline \(\mathit{A(g)\) returns the number of unique activities in group \(g\). \\"	RN4125	Cho et al. (2020)
Directly-Follows Relations count (activity granularity)	directly-follows-relations-count-activity-granularity-f-a	F	A	\(a \in A\)	\(\mathit{DFR(a)\)	\(\cup_{i \in \mathit{inst(a)} \{\mathit{act(i') \mid i' \in \mathit{next(i))\}|\)	Number of activities that have been instantiated directly after the activity of interest in the event log.	Process where several distinct directly-follows relations can occur.	$act$ – Event attribute: activity ; $actinst$ – Event attribute: activity instance ; $case$ – Event attribute: case id ; $type$ – Event attribute: lifecycle type		A greater number of directly-follows relations is desirable, as it implies a greater capability to address unexpected situations.	MAX	\(\sum_{a \in \mathit{act(a)} \mathit{dfrel(a)\)	"\(\mathit{inst(a)\) returns the set of all instances of activity \(a\).
\newline \(\mathit{dfrel(a)\) returns the set of activities that directly follow activity \(a\) in any case. \\"	RN4125	Cho et al. (2020)
Directly-Follows Relations count (case granularity)	directly-follows-relations-count-case-granularity-f-c	F	C	\(c \in C\)	\(\mathit{DFR(c)\)	\(|\mathit{dfrel(c)|\)	Number of activity pairs where one is instantiated directly after the other in a case.	Process where several distinct directly-follows relations can occur.	$act$ – Event attribute: activity ; $actinst$ – Event attribute: activity instance ; $case$ – Event attribute: case id ; $type$ – Event attribute: lifecycle type		A greater number of directly-follows relations is desirable, as it implies a greater capability to address unexpected situations.	MAX	\(\mathit{count(\mathit{dfrel(c))\)	\(\mathit{dfrel(c)\) returns the set of unique Directly-Follows Relations (DFR) in case \(c\). \\	RN4125	Cho et al. (2020)
Directly-Follows Relations count (group of cases granularity)	directly-follows-relations-count-group-of-cases-granularity-f-g	F	G	\(g \subseteq C \colon\) \newline \(g \neq \emptyset\)	\(\mathit{DFR(g)\)	\(|\cup_{c \in g} \mathit{dfrel(c)|\)	Number of activity pairs where one is instantiated directly after the other in a group of cases.	Process where several distinct directly-follows relations can occur.	$act$ – Event attribute: activity ; $actinst$ – Event attribute: activity instance ; $case$ – Event attribute: case id ; $type$ – Event attribute: lifecycle type		A greater number of directly-follows relations is desirable, as it implies a greater capability to address unexpected situations.	MAX	\(\displaystyle \sum_{r \in (\cup_{c \in g} \mathit{dfrel(c))} 1\)	\(\mathit{dfrel(c)\) returns the set of unique Directly-Follows Relations (DFR) in case \(c\). \\	RN4125	Cho et al. (2020)
Expected Active Time	expected-active-time-t-g	T	G	\(g \subseteq C \colon\) \newline \(g \neq \emptyset\)	\(\mathit{e\mathit{AT(g)\)	\(\frac{\sum _{c \in g} \mathit{AT(c)}{\mathit{C(g)}\)	Expected difference between the lead time and the idle time of a case belonging to a group of cases.	Event log that contains lifecycle information for activity instances where the actual time that the case is active is of interest.	$actinst$ – Event attribute: activity instance ; $case$ – Event attribute: case id ; $time$ – Event attribute: timestamp ; $type$ – Event attribute: lifecycle type		Maximizing active time is desirable.	MAX	\(\frac{\sum _{c \in g} \mathit{AT(c)}{\mathit{C(g)}\)	"\(\mathit{AT(c)\) returns the Active Time of case \(c\).
\newline \(\mathit{C(g)\) returns the number of cases in group \(g\). \\"	RN4153; RN4308	Meier et al. (2015); Fogarty (1992)
Expected Activity and Role count Ratio	expected-activity-and-role-count-ratio-f-g	F	G	\(g \subseteq C \colon\) \newline \(g \neq \emptyset\)	\(\mathit{e\mathit{ARoleR(g)\)	\(\frac{\sum _{c \in g} \mathit{A(c)}{\sum _{c \in g} \mathit{Role(c)}\)	Ratio between the expected number of activities that occur in a case belonging to a group of cases, and the expected number of human resource roles that are involved in the execution of a case belonging to a group of cases.	Process where several roles are involved.	$act$ – Event attribute: activity ; $case$ – Event attribute: case id ; $role$ – Event attribute: role		Minimizing the number of human resource roles involved in the execution of a case is desirable.	MAX	\(\frac{\sum _{c \in g} \mathit{A(c)}{\sum _{c \in g} \mathit{Role(c)}\)	"\(\mathit{A(c)\) returns the number of unique activities in case \(c\).
\newline \(\mathit{Role(c)\) returns the number of unique roles involved in case \(c\). \\"	RN4150	de Kort (2015)
Expected Activity count	expected-activity-count-g-g	G	G	\(g \subseteq C \colon\) \newline \(g \neq \emptyset\)	\(\mathit{e\mathit{A(g)\)	\(\frac{\sum _{c \in g} \mathit{A(c)}{\mathit{C(g)}\)	Expected number of activities that occur in a case belonging to a group of cases.	Calculation of several other PPIs.	$act$ – Event attribute: activity ; $case$ – Event attribute: case id			N/A	\(\frac{\sum _{c \in \mathit{cases(g)} \mathit{A(c)}{\mathit{C(g)}\)	"$\mathit{cases(g)$ returns the set of cases in group of cases $g$.
\newline $\mathit{A(c)$ returns the activity count of case $c$.
\newline $\mathit{C(g)$ returns the case count of group of cases $g$. \\"	RN4134	van den Ingh (2016)
Expected Activity count	expected-activity-count-t-g	T	G	\(g \subseteq C \colon\) \newline \(g \neq \emptyset\)	\(\mathit{e\mathit{A(g)\)	\(\frac{\sum _{c \in g} \mathit{A(c)}{\mathit{C(g)}\)	Expected number of activities that occur in a case belonging to a group of cases.	If the event log does not contain timestamps, Expected Activity count can be used as a proxy for the time performance of a group of cases.	$act$ – Event attribute: activity ; $case$ – Event attribute: case id		A greater number of activities implies that a case takes longer to complete.	MIN	\(\frac{\sum _{c \in \mathit{cases(g)} \mathit{A(c)}{\mathit{C(g)}\)	"$\mathit{cases(g)$ returns the set of cases in group of cases $g$.
\newline $\mathit{A(c)$ returns the activity count of case $c$.
\newline $\mathit{C(g)$ returns the case count of group of cases $g$.
\\"	RN4134	van den Ingh (2016)
Expected activity Instance and Human Resource count Ratio	expected-activity-instance-and-human-resource-count-ratio-f-g	F	G	\(g \subseteq C \colon\) \newline \(g \neq \emptyset\)	\(\mathit{e\mathit{IHRR(g)\)	\(\frac{\mathit{I(g)}{\sum _{c \in g} \mathit{HR(c)}\)	Ratio between the expected number of times that any activity is instantiated in a case belonging to a group of cases, and the expected number of human resources that are involved in the execution of a case belonging to a group of cases.	Process where several human resources are involved.	$actinst$ – Event attribute: activity instance ; $case$ – Event attribute: case id ; $hres$ – Event attribute: human resource		Minimizing the number of human resources involved in the execution of a case is desirable.	MAX	\(\frac{\mathit{I(g)}{\sum _{c \in g} \mathit{HR(c)}\)	"\(\mathit{I(g)\) returns the total number of activity instances in group \(g\).
\newline \(\mathit{HR(c)\) returns the number of unique human resources involved in case \(c\). \\"	RN4150	de Kort (2015)
Expected activity Instance count	expected-activity-instance-count-g-g	G	G	\(g \subseteq C \colon\) \newline \(g \neq \emptyset\)	\(\mathit{e\mathit{I(g)\)	\(\frac{\mathit{I(g)}{\mathit{C(g)}\)	Expected number of times that any activity is instantiated in a case belonging to a group of cases.	Calculation of several other PPIs.	$case$ – Event attribute: case id			N/A	\(\frac{\mathit{I(g)}{\mathit{C(g)}\)	"$\mathit{I(g)$ returns the activity instance count of group of cases $g$.
\newline $\mathit{C(g)$ returns the case count of group of cases $g$.\\"	RN4304; RN4134	Longo and Motta (2005); van den Ingh (2016)
Expected activity Instance count	expected-activity-instance-count-t-g	T	G	\(g \subseteq C \colon\) \newline \(g \neq \emptyset\)	\(\mathit{e\mathit{I(g)\)	\(\frac{\mathit{I(g)}{\mathit{C(g)}\)	Expected number of times that any activity is instantiated in a case belonging to a group of cases.	If the event log does not contain timestamps, Expected activity Instance count can be used as a proxy for the time performance of a group of cases.	$actinst$ – Event attribute: activity instance ; $case$ – Event attribute: case id		A greater number of activity instances implies that a case takes longer to complete.	MIN	\(\frac{\mathit{I(g)}{\mathit{C(g)}\)	"$\mathit{I(g)$ returns the activity instance count of group of cases $g$.
\newline $\mathit{C(g)$ returns the case count of group of cases $g$.
\\"	RN4304; RN4134	Longo and Motta (2005); van den Ingh (2016)
Expected activity Instance count by Human Resource	expected-activity-instance-count-by-human-resource-q-g	Q	G	\(g \subseteq C \colon\) \newline \(g \neq \emptyset\) \newline \(\mathit{hr \in U^{}_{\mathit{hres}\)	\(\mathit{e\mathit{IbyHR(g, \mathit{hr)\)	\(\frac{\mathit{IbyHR(g, \mathit{hr)}{\mathit{C(g)}\)	Expected number of times a specific human resource instantiates any activity in a case belonging to a group of cases.	Process where individual performance of human resources is relevant.	$actinst$ – Event attribute: activity instance ; $case$ – Event attribute: case id ; $hres$ – Event attribute: human resource ; $type$ – Event attribute: lifecycle type	$hr$ – the specific human resource	Maximizing the number of activities conducted by the same human resource is desirable.	MAX	\(\frac{\mathit{IbyHR(g, \mathit{hr)}{\mathit{C(g)}\)	"\(\mathit{IbyHR(g, \mathit{hr)\) returns the total activity instance count by human resource \(\mathit{hr\) in group \(g\).
\newline \(\mathit{C(g)\) returns the number of cases in group \(g\). \\"	RN4134	van den Ingh (2016)
Expected activity Instance count by Role	expected-activity-instance-count-by-role-q-g	Q	G	\(g \subseteq C \colon\) \newline \(g \neq \emptyset\) \newline \(\mathit{rl \in U^{}_{\mathit{role}\)	\(\mathit{e\mathit{IbyRole(g, \mathit{rl)\)	\(\frac{\mathit{IbyRole(g, \mathit{rl)}{\mathit{C(g)}\)	Expected number of times that any activity is instantiated by a specific role in a case belonging to a group of cases.	Process where performance of human resources with certain roles is relevant.	$actinst$ – Event attribute: activity instance ; $case$ – Event attribute: case id ; $role$ – Event attribute: role ; $type$ – Event attribute: lifecycle type	$rl$ – the specific role	Maximizing the number of activities conducted by the same role is desirable.	MAX	\(\frac{\mathit{IbyRole(g, \mathit{rl)}{\mathit{C(g)}\)	"\(\mathit{IbyRole(g, \mathit{rl)\) returns the total activity instance count by role \(\mathit{rl\) in group \(g\).
\newline \(\mathit{C(g)\) returns the number of cases in group \(g\). \\"	RN4134	van den Ingh (2016)
Expected Automated Activity Cost	expected-automated-activity-cost-c-g	C	G	\(g \subseteq C \colon\) \newline \(g \neq \emptyset\)	"\(\mathit{e\mathit{AutC\mathit{^{\times(g)\) 
\newline \newline \(\mathit{\times \in \{\mathit{sgl, \mathit{sum\}\)"	"\(\frac{\mathit{AutC\mathit{^{\times(g)}{\mathit{C(g)}\)
\newline \newline The $\mathit{\times$ indicates that the PPI can take multiple forms, in this case, $\mathit{\times \in \{\mathit{sgl, \mathit{sum\}$. If $\mathit{\times = \mathit{sgl$, then the function considers single events of activity instances for cost calculations, i.e., it uses $\mathit{AutC\mathit{^{sgl$; if $\mathit{\times = \mathit{sum$, then the function considers the sum of all events of activity instances for cost calculations, i.e., it uses $\mathit{AutC\mathit{^{sum$."	Expected total cost associated with all instantiations of automated activities in a case belonging to a group of cases.	Event log that contains automated activities and cost information.	$act$ – Event attribute: activity ; $actinst$ – Event attribute: activity instance ; $case$ – Event attribute: case id ; $tc$ – Event attribute: total cost ; $type$ – Event attribute: lifecycle type	$Autl$ – List of automated activities	Minimizing total cost is desirable.	MIN	\(\frac{\mathit{AutC(g)}{\mathit{C(g)}\)	"\(\mathit{AutC(g)\) returns the total automated activity cost for group \(g\).
\newline \(\mathit{C(g)\) returns the number of cases in group \(g\). \\"	RN4304	Longo and Motta (2005)
Expected Automated Activity count	expected-automated-activity-count-q-g	Q	G	\(g \subseteq C \colon\) \newline \(g \neq \emptyset\)	\(\mathit{e\mathit{Auta(g)\)	\(\frac{\sum _{c \in g} \mathit{Auta(c)}{\mathit{C(g)}\)	Expected number of automated activities that occur in a case belonging to a group of cases.	Event log that contains automated activities.	$act$ – Event attribute: activity ; $case$ – Event attribute: case id	$Autl$ – List of automated activities	Automated activities yield more reliable, higher-quality results.	MAX	\(\frac{\sum _{c \in g} \mathit{Auta(c)}{\mathit{C(g)}\)	"\(\mathit{Auta(c)\) returns the automated activity count for case \(c\).
\newline \(\mathit{C(g)\) returns the number of cases in group \(g\). \\"	RN4134	van den Ingh (2016)
Expected Automated Activity count	expected-automated-activity-count-t-g	T	G	\(g \subseteq C \colon\) \newline \(g \neq \emptyset\)	\(\mathit{e\mathit{Auta(g)\)	\(\frac{\sum _{c \in g} \mathit{Auta(c)}{\mathit{C(g)}\)	Expected number of automated activities that occur in a case belonging to a group of cases.	Event log that contains automated activities.	$act$ – Event attribute: activity ; $case$ – Event attribute: case id	$Autl$ – List of automated activities	Automated activities take less time to be executed.	MAX	\(\frac{\sum_{c \in \mathit{cases(g)} \mathit{Auta(c)}{\mathit{C(g)}\)	"$\mathit{cases(g)$ returns the set of cases in group of cases $g$.
\newline $\mathit{Auta(c)$ returns the automated activity count of case $c$.
\newline $\mathit{C(g)$ returns the case count of group of cases $g$.\\"	RN4134	van den Ingh (2016)
Expected Automated activity Instance count	expected-automated-activity-instance-count-q-g	Q	G	\(g \subseteq C \colon\) \newline \(g \neq \emptyset\)	\(\mathit{e\mathit{Auti(g)\)	\(\frac{\mathit{Auti(g)}{\mathit{C(g)}\)	Expected number of times that an automated activity is instantiated in a case belonging to a group of cases.	Event log that contains automated activities.	$act$ – Event attribute: activity ; $actinst$ – Event attribute: activity instance ; $case$ – Event attribute: case id ; $type$ – Event attribute: lifecycle type	$Autl$ – List of automated activities	Automated activities yield more reliable, higher-quality results.	MAX	\(\frac{\mathit{Auti(g)}{\mathit{C(g)}\)	"\(\mathit{Auti(g)\) returns the total automated activity instance count for group \(g\).
\newline \(\mathit{C(g)\) returns the number of cases in group \(g\). \\"	RN4134	van den Ingh (2016)
Expected Automated activity Instance count	expected-automated-activity-instance-count-t-g	T	G	\(g \subseteq C \colon\) \newline \(g \neq \emptyset\)	\(\mathit{e\mathit{Auti(g)\)	\(\frac{\mathit{Auti(g)}{\mathit{C(g)}\)	Expected number of times that an automated activity is instantiated in a case belonging to a group of cases.	Event log that contains automated activities.	$act$ – Event attribute: activity ; $actinst$ – Event attribute: activity instance ; $case$ – Event attribute: case id ; $type$ – Event attribute: lifecycle type	$Autl$ – List of automated activities	Automated activities take less time to be executed.	MAX	\(\frac{\mathit{Auti(g)}{\mathit{C(g)}\)	"$\mathit{Auti(g)$ returns the automated activity instance count of group of cases $g$.
\newline $\mathit{C(g)$ returns the case count of group of cases $g$.\\"	RN4134	van den Ingh (2016)
Expected Automated Activity Service Time	expected-automated-activity-service-time-t-g	T	G	\(g \subseteq C \colon\) \newline \(g \neq \emptyset\)	\(\mathit{e\mathit{AutST(g)\)	\(\frac{\mathit{AutST(g)}{\mathit{C(g)}\)	Expected sum of the service time of all instantiations of automated activities in a case belonging to a group of cases.	Event log that contains automated activities and lifecycle information for activity instances.	$act$ – Event attribute: activity ; $actinst$ – Event attribute: activity instance ; $case$ – Event attribute: case id ; $time$ – Event attribute: timestamp ; $type$ – Event attribute: lifecycle type	$Autl$ – List of automated activities	Minimizing service time is desirable.	MIN	\(\frac{\mathit{AutST(g)}{\mathit{C(g)}\)	"$\mathit{AutST(g)$ returns the automated activity service time of group of cases $g$.
\newline $\mathit{C(g)$ returns the case count of group of cases $g$.\\"	RN4304	Longo and Motta (2005)
Expected Client count	expected-client-count-f-g	F	G	\(g \subseteq C \colon\) \newline \(g \neq \emptyset\)	\(\mathit{e\mathit{Cli(g)\)	\(\frac{\mathit{Cli(g)}{\mathit{C(g)}\)	Ratio between the number of distinct clients associated with cases in a group of cases, and the number of cases belonging to a group of cases.	Process is executed for different clients.	$case$ – Event attribute: case id ; $cli$ – Case attribute: client		It is desirable to maximize the number of clients.	MAX	\(\frac{\mathit{Cli(g)}{\mathit{C(g)}\)	"\(\mathit{Cli(g)\) returns the number of distinct clients associated with group \(g\).
\newline \(\mathit{C(g)\) returns the number of cases in group \(g\). \\"	RN4134	van den Ingh (2016)
Expected Client count and Total Cost Ratio	expected-client-count-and-total-cost-ratio-q-g	Q	G	\(g \subseteq C \colon\) \newline \(g \neq \emptyset\)	"\(\mathit{e\mathit{CliTCR\mathit{^{\times(g)\)
\newline \newline \(\mathit{\times \in \{\mathit{sgl, \mathit{sum\}\)"	"\(\frac{\mathit{Cli(g)}{\mathit{TC\mathit{^{\times(g)}\)
\newline \newline The $\mathit{\times$ indicates that the PPI can take multiple forms, in this case, $\mathit{\times \in \{\mathit{sgl, \mathit{sum\}$. If $\mathit{\times = \mathit{sgl$, then the function considers single events of activity instances for cost calculations, i.e., it uses $\mathit{TC\mathit{^{sgl$; if $\mathit{\times = \mathit{sum$, then the function considers the sum of all events of activity instances for cost calculations, i.e., it uses $\mathit{TC\mathit{^{sum$."	Ratio between the number of distinct clients associated with cases in a group of cases, and the total cost of a group of cases.	Process is executed for different clients where the event log contains cost information.	$actinst$ – Event attribute: activity instance ; $case$ – Event attribute: case id ; $cli$ – Case attribute: client ; $tc$ – Event attribute: total cost ; $type$ – Event attribute: lifecycle type		It is desirable to execute the process for as many clients at the least cost.	MAX	\(\frac{\mathit{Cli(g)}{\mathit{TC(g)}\)	"\(\mathit{Cli(g)\) returns the number of distinct clients associated with group \(g\).
\newline \(\mathit{TC(g)\) returns the total cost of case group \(g\). \\"	RN4134	van den Ingh (2016)
Expected Desired Activity count	expected-desired-activity-count-c-g	C	G	\(g \subseteq C \colon\) \newline \(g \neq \emptyset\)	\(\mathit{e\mathit{DAC(g)\)	\(\frac{\sum _{c \in g} \mathit{DAC(c)}{\mathit{C(g)}\)	Expected number of instantiated activities whose occurrence is desirable in a case belonging to a group of cases.	Event log that contains optional activities whose occurrence is desirable.	$act$ – Event attribute: activity ; $case$ – Event attribute: case id	$Desl$ – List of desirable activities	Desirable activities should be maximized.	MAX	\(\frac{\sum _{c \in g} \mathit{DAC(c)}{\mathit{C(g)}\)	"\(\mathit{DAC(c)\) returns the desired activity count for case \(c\).
\newline \(\mathit{C(g)\) returns the number of cases in group \(g\). \\"	RN4134	van den Ingh (2016)
Expected Desired Activity count	expected-desired-activity-count-q-g	Q	G	\(g \subseteq C \colon\) \newline \(g \neq \emptyset\)	\(\mathit{e\mathit{DAC(g)\)	\(\frac{\sum _{c \in g} \mathit{DAC(c)}{\mathit{C(g)}\)	Expected number of instantiated activities whose occurrence is desirable in a case belonging to a group of cases.	Event log that contains optional activities whose occurrence is desirable.	$act$ – Event attribute: activity ; $case$ – Event attribute: case id	$Desl$ – List of desirable activities	Desirable activities should be maximized.	MAX	\(\frac{\sum _{c \in g} \mathit{DAC(c)}{\mathit{C(g)}\)	"\(\mathit{DAC(c)\) returns the desired activity count for case \(c\).
\newline \(\mathit{C(g)\) returns the number of cases in group \(g\). \\"	RN4134	van den Ingh (2016)
Expected Direct Cost	expected-direct-cost-c-g	C	G	\(g \subseteq C \colon\) \newline \(g \neq \emptyset\)	"\(\mathit{e\mathit{DC\mathit{^{\times(g)\) 
\newline \newline \(\mathit{\times \in \{\mathit{sgl, \mathit{sum\}\)"	"\(\frac{\mathit{DC\mathit{^{\times(g)}{\mathit{C(g)}\)
\newline \newline The $\mathit{\times$ indicates that the PPI can take multiple forms, in this case, $\mathit{\times \in \{\mathit{sgl, \mathit{sum\}$. If $\mathit{\times = \mathit{sgl$, then the function considers single events of activity instances for cost calculations, i.e., it uses $\mathit{DC\mathit{^{sgl$; if $\mathit{\times = \mathit{sum$, then the function considers the sum of all events of activity instances for cost calculations, i.e., it uses $\mathit{DC\mathit{^{sum$."	Expected total cost associated with all instantiations of activities that have a direct effect on the outcome of a case belonging to a group of cases.	Event log in which activities can be categorized based on whether they directly contribute to the outcome of the process or not.	$act$ – Event attribute: activity ; $actinst$ – Event attribute: activity instance ; $case$ – Event attribute: case id ; $tc$ – Event attribute: total cost ; $type$ – Event attribute: lifecycle type	$DCl$ – List of direct cost activities	Minimizing total cost is desirable.	MIN	\(\frac{\mathit{DC(g)}{\mathit{C(g)}\)	"\(\mathit{DC(g)\) returns the total direct cost for group \(g\).
\newline \(\mathit{C(g)\) returns the number of cases in group \(g\). \\"	RN4146	Karadgi (2014)
Expected Directly-Follows Relations and Activity count Ratio	expected-directly-follows-relations-and-activity-count-ratio-f-g	F	G	\(g \subseteq C \colon\) \newline \(g \neq \emptyset\)	\(\mathit{e\mathit{DFRAR(g)\)	\(\frac{\sum _{c \in g} \mathit{DFR(c)}{\sum _{c \in g} \mathit{A(c)}\)	Ratio between the expected number of activity pairs where one is instantiated directly after the other in a case belonging to a group of cases, and the expected number of activities that occur in a case belonging to a group of cases.	Process where several distinct directly-follows relations can occur.	$act$ – Event attribute: activity ; $actinst$ – Event attribute: activity instance ; $case$ – Event attribute: case id ; $type$ – Event attribute: lifecycle type		A greater number of directly-follows relations is desirable, as it implies a greater capability to address unexpected situations.	MAX	\(\frac{\sum _{c \in g} \mathit{DFR(c)}{\sum _{c \in g} \mathit{A(c)}\)	"\(\mathit{DFR(c)\) returns the number of unique Directly-Follows Relations (DFR) in case \(c\).
\newline \(\mathit{A(c)\) returns the number of unique activities in case \(c\). \\"	RN4125	Cho et al. (2020)
Expected Directly-Follows Relations count	expected-directly-follows-relations-count-f-g	F	G	\(g \subseteq C \colon\) \newline \(g \neq \emptyset\)	\(\mathit{e\mathit{DFR(g)\)	\(\frac{\sum _{c \in g} \mathit{DFR(c)}{\mathit{C(g)}\)	Expected number of activity pairs where one is instantiated directly after the other in a case belonging to a group of cases.	Process where several distinct directly-follows relations can occur.	$act$ – Event attribute: activity ; $actinst$ – Event attribute: activity instance ; $case$ – Event attribute: case id ; $type$ – Event attribute: lifecycle type		A greater number of directly-follows relations is desirable, as it implies a greater capability to address unexpected situations.	MAX	\(\frac{\sum _{c \in g} \mathit{DFR(c)}{\mathit{C(g)}\)	"\(\mathit{DFR(c)\) returns the number of unique Directly-Follows Relations (DFR) in case \(c\).
\newline \(\mathit{C(g)\) returns the number of cases in group \(g\). \\"	RN4125	Cho et al. (2020)
Expected Fixed Cost	expected-fixed-cost-c-g	C	G	\(g \subseteq C \colon\) \newline \(g \neq \emptyset\)	"\(\mathit{e\mathit{FC\mathit{^{\times(g)\) 
\newline \newline \(\mathit{\times \in \{\mathit{sgl, \mathit{sum\}\)"	"\(\frac{\mathit{FC\mathit{^{\times(g)}{\mathit{C(g)}\)
\newline \newline The $\mathit{\times$ indicates that the PPI can take multiple forms, in this case, $\mathit{\times \in \{\mathit{sgl, \mathit{sum\}$. If $\mathit{\times = \mathit{sgl$, then the function considers single events of activity instances for cost calculations, i.e., it uses $\mathit{FC\mathit{^{sgl$; if $\mathit{\times = \mathit{sum$, then the function considers the sum of all events of activity instances for cost calculations, i.e., it uses $\mathit{FC\mathit{^{sum$."	Expected fixed cost of a case belonging to a group of cases.	Event log in which fixed cost information is recorded.	$actinst$ – Event attribute: activity instance ; $case$ – Event attribute: case id ; $fc$ – Event attribute: fixed cost ; $type$ – Event attribute: lifecycle type		Minimizing fixed cost is desirable.	MIN	\(\frac{\mathit{FC(g)}{\mathit{C(g)}\)	"\(\mathit{FC(g)\) returns the total fixed cost for group \(g\).
\newline \(\mathit{C(g)\) returns the number of cases in group \(g\). \\"	RN4155; RN4146	Haberberger (2019); Karadgi (2014)
Expected Handover count	expected-handover-count-t-g	T	G	\(g \subseteq C \colon\) \newline \(g \neq \emptyset\)	\(\mathit{e\mathit{H(g)\)	\(\frac{\sum _{c \in g} \mathit{H(c)}{\mathit{C(g)}\)	Expected number of times that the human resource associated with an activity instance differs from the human resource associated with the preceding activity instance within a case belonging to a group of cases.	If actual time spent on a case is not of interest, Expected Handover count can be used as a workload estimation within the time dimension.	$actinst$ – Event attribute: activity instance ; $case$ – Event attribute: case id ; $hres$ – Event attribute: human resource ; $type$ – Event attribute: lifecycle type		Reducing the times that work handover occurs is desirable.	MIN	\(\frac{\sum_{c \in g} \mathit{H(c)}{\mathit{C(g)}\)	"$g$ represents the group of cases under analysis.
\newline $\mathit{H(c)$ returns the handover count of case $c$.
\newline $\mathit{C(g)$ returns the case count of group of cases $g$.\\"	RN4134	van den Ingh (2016)
Expected Human Resource count	expected-human-resource-count-c-g	C	G	\(g \subseteq C \colon\) \newline \(g \neq \emptyset\)	\(\mathit{e\mathit{HR(g)\)	\(\frac{\sum _{c \in g} \mathit{HR(c)}{\mathit{C(g)}\)	Expected number of human resources that are involved in the execution of a case belonging to a group of cases.	If the event log does not contain cost information, Expected Human Resource count can be used as a proxy for the cost performance of a group of cases.	$case$ – Event attribute: case id ; $hres$ – Event attribute: human resource		Minimizing the number of human resources involved is desirable.	MIN	\(\frac{\sum _{c \in \mathit{cases(g)} \mathit{HR(c)}{\mathit{C(g)}\)	"$\mathit{cases(g)$ returns the set of cases in group of cases $g$.
\newline $\mathit{HR(c)$ returns the human resource count of case $c$.
\newline $\mathit{C(g)$ returns the case count of group of cases $g$. \\"	RN4125; RN4159; RN4134	Cho et al. (2020); Berk (2010); van den Ingh (2016)
Expected Human Resource count	expected-human-resource-count-f-g	F	G	\(g \subseteq C \colon\) \newline \(g \neq \emptyset\)	\(\mathit{e\mathit{HR(g)\)	\(\frac{\sum _{c \in g} \mathit{HR(c)}{\mathit{C(g)}\)	Expected number of human resources that are involved in the execution of a case belonging to a group of cases.	Human Resource count can be used as a proxy to measure the flexibility of a process.	$case$ – Event attribute: case id ; $hres$ – Event attribute: human resource		Maximizing the number of human resources involved is desirable, as it implies a greater capability to address unexpected situations.	MAX	\(\frac{\sum _{c \in \mathit{cases(g)} \mathit{HR(c)}{\mathit{C(g)}\)	"$\mathit{cases(g)$ returns the set of cases in group of cases $g$.
\newline $\mathit{HR(c)$ returns the human resource count of case $c$.
\newline $\mathit{C(g)$ returns the case count of group of cases $g$. \\"	RN4125; RN4159; RN4134	Cho et al. (2020); Berk (2010); van den Ingh (2016)
Expected Human Resource count	expected-human-resource-count-g-g	G	G	\(g \subseteq C \colon\) \newline \(g \neq \emptyset\)	\(\mathit{e\mathit{HR(g)\)	\(\frac{\sum _{c \in g} \mathit{HR(c)}{\mathit{C(g)}\)	Expected number of human resources that are involved in the execution of a case belonging to a group of cases.	Calculation of several other PPIs.	$case$ – Event attribute: case id ; $hres$ – Event attribute: human resource			N/A	\(\frac{\sum _{c \in \mathit{cases(g)} \mathit{HR(c)}{\mathit{C(g)}\)	"$\mathit{cases(g)$ returns the set of cases in group of cases $g$.
\newline $\mathit{HR(c)$ returns the human resource count of case $c$.
\newline $\mathit{C(g)$ returns the case count of group of cases $g$. \\"	RN4125; RN4159; RN4134	Cho et al. (2020); Berk (2010); van den Ingh (2016)
Expected Human Resource count	expected-human-resource-count-q-g	Q	G	\(g \subseteq C \colon\) \newline \(g \neq \emptyset\)	\(\mathit{e\mathit{HR(g)\)	\(\frac{\sum _{c \in g} \mathit{HR(c)}{\mathit{C(g)}\)	Expected number of human resources that are involved in the execution of a case belonging to a group of cases.	Human Resource count can be used as a proxy to measure the quality of the process.	$case$ – Event attribute: case id ; $hres$ – Event attribute: human resource		Minimizing the number of human resources involved is desirable, as it reduces the possibility of errors due to, e.g., handovers of work.	MIN	\(\frac{\sum _{c \in \mathit{cases(g)} \mathit{HR(c)}{\mathit{C(g)}\)	"$\mathit{cases(g)$ returns the set of cases in group of cases $g$.
\newline $\mathit{HR(c)$ returns the human resource count of case $c$.
\newline $\mathit{C(g)$ returns the case count of group of cases $g$. \\"	RN4125; RN4159; RN4134	Cho et al. (2020); Berk (2010); van den Ingh (2016)
Expected Idle Time	expected-idle-time-t-g	T	G	\(g \subseteq C \colon\) \newline \(g \neq \emptyset\)	\(\mathit{e\mathit{IT(g)\)	\(\frac{\sum _{c \in g} \mathit{IT(c)}{\mathit{C(g)}\)	Expected sum of time periods in which no activity instance is executed during a case belonging to a group of cases.	Event log that contains lifecycle information for activity instances in which the time the case is inactive is of interest.	$actinst$ – Event attribute: activity instance ; $case$ – Event attribute: case id ; $time$ – Event attribute: timestamp ; $type$ – Event attribute: lifecycle type		Minimizing idle time is desirable.	MIN	\(\frac{\sum_{c \in g} \mathit{IT(c)}{\mathit{C(g)}\)	"$g$ represents the group of cases under analysis.
\newline $\mathit{IT(c)$ returns the idle time of case $c$.
\newline $\mathit{C(g)$ returns the case count of group of cases $g$.\\"	RN4306; RN4150; RN4298	Chimhamhiwa et al. (2009); de Kort (2015); Korherr and List (2007)
Expected Inventory Cost	expected-inventory-cost-c-g	C	G	\(g \subseteq C \colon\) \newline \(g \neq \emptyset\)	"\(\mathit{e\mathit{IC\mathit{^{\times(g)\) 
\newline \newline \(\mathit{\times \in \{\mathit{sgl, \mathit{sum\}\)"	"\(\frac{\mathit{IC\mathit{^{\times(g)}{\mathit{C(g)}\)
\newline \newline The $\mathit{\times$ indicates that the PPI can take multiple forms, in this case, $\mathit{\times \in \{\mathit{sgl, \mathit{sum\}$. If $\mathit{\times = \mathit{sgl$, then the function considers single events of activity instances for cost calculations, i.e., it uses $\mathit{IC\mathit{^{sgl$; if $\mathit{\times = \mathit{sum$, then the function considers the sum of all events of activity instances for cost calculations, i.e., it uses $\mathit{IC\mathit{^{sum$."	Expected inventory cost associated with all activity instances of a case belonging to a group of cases.	Event log in which inventory cost information is recorded.	$actinst$ – Event attribute: activity instance ; $case$ – Event attribute: case id ; $ic$ – Event attribute: inventory cost ; $type$ – Event attribute: lifecycle type		Minimizing inventory cost is desirable.	MIN	\(\frac{\mathit{IC(g)}{\mathit{C(g)}\)	"\(\mathit{IC(g)\) returns the total inventory cost for group \(g\).
\newline \(\mathit{C(g)\) returns the number of cases in group \(g\). \\"	RN4311; RN4309; RN4131; RN4299	Bhagwat and Sharma (2007); Gunasekaran and Kobu (2007); Kis et al. (2017); Herzog (2006)
Expected Labor Cost	expected-labor-cost-c-g	C	G	\(g \subseteq C \colon\) \newline \(g \neq \emptyset\)	"\(\mathit{e\mathit{LC\mathit{^{\times(g)\) 
\newline \newline \(\mathit{\times \in \{\mathit{sgl, \mathit{sum\}\)"	"\(\frac{\mathit{LC\mathit{^{\times(g)}{\mathit{C(g)}\)
\newline \newline The $\mathit{\times$ indicates that the PPI can take multiple forms, in this case, $\mathit{\times \in \{\mathit{sgl, \mathit{sum\}$. If $\mathit{\times = \mathit{sgl$, then the function considers single events of activity instances for cost calculations, i.e., it uses $\mathit{LC\mathit{^{sgl$; if $\mathit{\times = \mathit{sum$, then the function considers the sum of all events of activity instances for cost calculations, i.e., it uses $\mathit{LC\mathit{^{sum$."	Expected labor cost associated with all activity instances of a case belonging to a group of cases.	Event log in which labor cost information is recorded.	$actinst$ – Event attribute: activity instance ; $case$ – Event attribute: case id ; $lc$ – Event attribute: labor cost ; $type$ – Event attribute: lifecycle type		Minimizing labor cost is desirable.	MIN	\(\frac{\mathit{LC(g)}{\mathit{C(g)}\)	"\(\mathit{LC(g)\) returns the total labor cost for group \(g\).
\newline \(\mathit{C(g)\) returns the number of cases in group \(g\). \\"	RN4134; RN4131; RN4155; RN4159	van den Ingh (2016); Kis et al. (2017); Haberberger (2019); Berk (2010)
Expected Labor Cost and Total Cost Ratio	expected-labor-cost-and-total-cost-ratio-c-g	C	G	\(g \subseteq C \colon\) \newline \(g \neq \emptyset\)	"\(\mathit{e\mathit{LCTCR\mathit{^{\times(g)\) 
\newline \newline \(\mathit{\times \in \{\mathit{sgl, \mathit{sum\}\)"	"\(\frac{\mathit{LC\mathit{^{\times(g)}{\mathit{TC\mathit{^{\times(g)}\)
\newline \newline The $\mathit{\times$ indicates that the PPI can take multiple forms, in this case, $\mathit{\times \in \{\mathit{sgl, \mathit{sum\}$. If $\mathit{\times = \mathit{sgl$, then the function considers single events of activity instances for cost calculations, i.e., it uses $\mathit{LC\mathit{^{sgl$ and $\mathit{TC\mathit{^{sgl$; if $\mathit{\times = \mathit{sum$, then the function considers the sum of all events of activity instances for cost calculations, i.e., it uses $\mathit{LC\mathit{^{sum$ and $\mathit{TC\mathit{^{sum$."	Expected ratio between the labor cost associated with all activity instances of a group of cases, and the total cost associated with all activity instances of a group of cases.	Event log in which both labor and total cost information are recorded.	$actinst$ – Event attribute: activity instance ; $case$ – Event attribute: case id ; $lc$ – Event attribute: labor cost ; $tc$ – Event attribute: total cost ; $type$ – Event attribute: lifecycle type		Minimizing the cost associated with human resources is desirable.	MIN	\(\frac{\mathit{LC(g)}{\mathit{TC(g)}\)	"\(\mathit{LC(g)\) returns the total labor cost of case group \(g\).
\newline \(\mathit{TC(g)\) returns the total cost of case group \(g\). \\"	RN4131	Kis et al. (2017)
Expected Lead Time	expected-lead-time-t-g	T	G	\(g \subseteq C \colon\) \newline \(g \neq \emptyset\)	\(\mathit{e\mathit{LT(g)\)	\(\frac{\sum _{c\in g}\mathit{LT(c)}{\mathit{C(g)}\)	Expected total elapsed time between the earliest and latest timestamps in a case belonging to a group of cases. Also known as cycle time.	Event log is associated with a process in which the total elapsed time of a case is of relevance.	$actinst$ – Event attribute: activity instance ; $case$ – Event attribute: case id ; $time$ – Event attribute: timestamp ; $type$ – Event attribute: lifecycle type		Minimizing lead time is desirable.	MIN	\(\frac{\sum_{c \in g} \mathit{LT(c)}{\mathit{C(g)}\)	"$\mathit{LT(c)$ returns the lead time of case $c$.
\newline $\mathit{C(g)$ returns the total number of cases in group $g$.
\newline The numerator $\sum_{c \in g} \mathit{LT(c)$ sums the lead times of all cases in $g$.\\"	RN4304; RN4292; RN4307; RN4308; RN4134; RN4306; RN4297; RN4305; RN4150; RN4298; RN4187; RN4311; RN4309; RN4294; RN4291; RN4303; RN4313	Longo and Motta (2005); del-Río-Ortega et al. (2013); Walsh (1996); Fogarty (1992); van den Ingh (2016); Chimhamhiwa et al. (2009); Glavan (2011); Vernadat et al. (2013); de Kort (2015); Korherr and List (2007); Bakx (2010); Bhagwat and Sharma (2007); Gunasekaran and Kobu (2007); Han et al. (2010); Lehnert et al. (2014); Pourshahid et al. (2009); van Heck et al. (2010)
Expected Lead Time Deviation from Expectation	expected-lead-time-deviation-from-expectation-t-g	T	G	\(g \subseteq C \colon\) \newline \(g \neq \emptyset\) \newline \(\mathit{val \in \mathbb{R}\)	\(\mathit{e\mathit{LTDE(g, \mathit{val)\)	\(\frac{\sum _{c \in g} \mathit{LTDE(c, \mathit{val)}{\mathit{C(g)}\)	Absolute value of the difference between the time that a case in a group of cases is expected to take and its lead time.	Event log is associated with a process in which the lead time of a case should be as close as possible to a specific value.	$actinst$ – Event attribute: activity instance ; $case$ – Event attribute: case id ; $time$ – Event attribute: timestamp ; $type$ – Event attribute: lifecycle type	$val$ – A number indicating the time value that a case is expected to take	A lead time that is closer to the expected value is desirable.	MIN	\(\frac{\sum _{c \in g} \mathit{LTDE(c, \mathit{val)}{\mathit{C(g)}\)	"$\mathit{LTDE(c, \mathit{val)$ returns the lead time deviation from expectation of case $c$.
\newline $\mathit{C(g)$ returns the number of cases in group $g$.\\"	RN4134; RN4162	van den Ingh (2016); Oman et al. (2017)
Expected Lead Time Deviation from time Limit	expected-lead-time-deviation-from-time-limit-t-g	T	G	\(g \subseteq C \colon\) \newline \(g \neq \emptyset\) \newline \(\mathit{val \in \mathbb{R}\)	\(\mathit{e\mathit{LTDL(g, \mathit{val)\)	\(\frac{\sum _{c \in g} \mathit{LTDL(c, \mathit{val)}{\mathit{C(g)}\)	Difference between the time that a case in a group of cases is expected to take and its lead time.	Event log is associated with a process in which the lead time of a case should not exceed a specific value.	$actinst$ – Event attribute: activity instance ; $case$ – Event attribute: case id ; $time$ – Event attribute: timestamp ; $type$ – Event attribute: lifecycle type	$val$ – A number indicating the time limit value that the case should not exceed	Exceeding the lead time limit value is undesired.	MAX	\(\frac{\sum _{c \in g} \mathit{LTDL(c, \mathit{val)}{\mathit{C(g)}\)	"$\mathit{LTDL(c, \mathit{val)$ returns the lead time deviation from time Limit for case $c$.
\newline $\mathit{val$ represents the predefined time Limit.
\newline $\mathit{C(g)$ returns the number of cases in group $g$.\\"	RN4134; RN4162	van den Ingh (2016); Oman et al. (2017)
Expected Lead Time from activity A	expected-lead-time-from-activity-a-t-g	T	G	\(g \subseteq C \colon\) \newline \(g \neq \emptyset\) \newline \(\mathit{a \in A\)	\(\mathit{e\mathit{LTfA(g, \mathit{a)\)	"\(\frac{\sum _{c \in g} \begin{cases}
\mathit{LTfA(c, \mathit{a) & \mathit{if \  \mathit{fi\mathit{^{s(c, \mathit{a) \neq \emptyset \\ 0 & \mathit{if \  \mathit{fi\mathit{^{s(c, \mathit{a) = \emptyset
\end{cases}}{|\{c \in g \mid \mathit{fi\mathit{^{s(c, \mathit{a) \neq \emptyset\}|}\)"	Expected total elapsed time between the earliest instantiation of a specific activity and the latest activity event of a case belonging to a group of cases.	Event log is associated with a process in which the total elapsed time of a specific subprocess is of relevance.	$act$ – Event attribute: activity ; $actinst$ – Event attribute: activity instance ; $case$ – Event attribute: case id ; $time$ – Event attribute: timestamp ; $type$ – Event attribute: lifecycle type	$a$ – the specific activity	Minimizing lead time is desirable.	MIN	"\(\frac{\sum _{c \in g} \begin{cases}
\mathit{LTfA(c, \mathit{a) & \mathit{if \  \mathit{fi\mathit{^{s(c, \mathit{a) \neq \emptyset \\
0 & \mathit{if \  \mathit{fi\mathit{^{s(c, \mathit{a) = \emptyset
\end{cases}}{
\sum_{c \in \mathit{cases(g)} 
\begin{cases}
1 & \text{if } \mathit{fi\mathit{^{s(c, \mathit{a) \neq \emptyset \\
0 & \text{otherwise}
\end{cases}
}\)"	"$\mathit{fi\mathit{^{s(c, \mathit{a)$ returns the set of first started instances of activity $\mathit{a$ in case $c$.
\newline $\mathit{LTfA(c, \mathit{a)$ returns the lead time from the first started instance of activity $\mathit{a$ in case $c$ to the end of case $c$.
\\"	ADDED_FOR_COMPLETENESS	
Expected Lead Time from activity A to activity B	expected-lead-time-from-activity-a-to-activity-b-t-g	T	G	\(g \subseteq C \colon\) \newline \(g \neq \emptyset\) \newline \(\mathit{a, \mathit{b \in A \colon\) \newline \(\mathit{a \neq \mathit{b\)	\(\mathit{e\mathit{LTAB(g, \mathit{a, \mathit{b)\)	"\(\frac{\sum _{c \in g} \begin{cases}
\mathit{LTAB(c, \mathit{a, \mathit{b) & \mathit{if \  \mathit{fi\mathit{^{sc(c, \mathit{a, \mathit{b) \neq \emptyset \\ 0 & \mathit{if \  \mathit{fi\mathit{^{sc(c, \mathit{a, \mathit{b) = \emptyset
\end{cases}}{|\{c \in g \mid \mathit{fi\mathit{^{sc(c, \mathit{a, \mathit{b) \neq \emptyset)\}|}\)"	Expected total elapsed time between the earliest instantiation of a specific activity and the earliest instantiation of another specific activity that occurs after the former one in a case belonging to a group of cases.	Event log is associated with a process in which the total elapsed time of a specific subprocess is of relevance.	$act$ – Event attribute: activity ; $actinst$ – Event attribute: activity instance ; $case$ – Event attribute: case id ; $time$ – Event attribute: timestamp ; $type$ – Event attribute: lifecycle type	$a$ – the first specific activity ; $b$ – the second specific activity	Minimizing lead time is desirable.	MIN	"\[
\frac{
\sum_{c \in \mathit{cases(g)} 
\begin{cases}
\mathit{LTAB(c, a, b) & \text{if } \mathit{fi(c, \mathit{a, \mathit{b) \neq \emptyset \\
0 & \text{otherwise}
\end{cases}
}{
\sum_{c \in \mathit{cases(g)} 
\begin{cases}
1 & \text{if } \mathit{fi(c, \mathit{a, \mathit{b)  \neq \emptyset \\
0 & \text{otherwise}
\end{cases}
}
\]

\(\mathit{cases(g)\): Set of all cases belonging to group \(g\)."	"\(\mathit{LTAB(c, a, b)\): Lead time between activity \(a\) and activity \(b\) within case \(c\).
\newline
\(\mathit{fi(c, \mathit{a, \mathit{b)\): Function that returns the flow instance between \(a\) and \(b\) in case \(c\). If empty, the pair \((a, b)\) does not occur in \(c\). \\"	RN4304; RN4292; RN4307; RN4311; RN4303; RN4293; RN4125	Longo and Motta (2005); del-Río-Ortega et al. (2013); Walsh (1996); Bhagwat and Sharma (2007); Pourshahid et al. (2009); Balaban et al. (2011); Cho et al. (2020)
Expected Lead Time to activity A	expected-lead-time-to-activity-a-t-g	T	G	\(g \subseteq C \colon\) \newline \(g \neq \emptyset\) \newline \(\mathit{a \in A\)	\(\mathit{e\mathit{LTtA(g, \mathit{a)\)	"\(\frac{\sum _{c \in g} \begin{cases}
\mathit{LTtA(c, \mathit{a) & \mathit{if \  \mathit{fi\mathit{^{c(c, \mathit{a) \neq \emptyset \\ 0 & \mathit{if \  \mathit{fi\mathit{^{c(c, \mathit{a) = \emptyset
\end{cases}}{|\{c \in g \mid \mathit{if \  \mathit{fi\mathit{^{c(c, \mathit{a) \neq \emptyset\}|}\)"	Expected total elapsed time between the earliest event and the earliest instantiation of a specific activity in a case belonging to a group of cases.	Event log is associated with a process in which the total elapsed time of a specific is of relevance.	$act$ – Event attribute: activity ; $actinst$ – Event attribute: activity instance ; $case$ – Event attribute: case id ; $time$ – Event attribute: timestamp ; $type$ – Event attribute: lifecycle type	$a$ – the specific activity	Minimizing lead time is desirable.	MIN	"\(\displaystyle \frac{\sum_{c \in g} 
\begin{cases} 
\mathit{LTtA(c, \mathit{a) & \mathit{if \  \mathit{fi\mathit{^{c(c, \mathit{a) \neq \emptyset \\ 
0 & \mathit{if \  \mathit{fi\mathit{^{c(c, \mathit{a) = \emptyset 
\end{cases}}
{
\sum_{c \in \mathit{cases(g)} 
\begin{cases}
1 & \text{if } \mathit{fi\mathit{^{c(c, \mathit{a) \neq \emptyset \\
0 & \text{otherwise}
\end{cases}
}\)"	"\(\mathit{LTtA(c, \mathit{a)\) returns the lead time from the start of case \(c\) to the first completed instance of activity \(\mathit{a\) in case \(c\).
\newline \(\mathit{fi\mathit{^{c(c, \mathit{a)\) returns the set of first completed instances of activity \(\mathit{a\) in case \(c\).
\newline \(\left| \{ c \in g \mid \mathit{fi\mathit{^{c(c, \mathit{a) \neq \emptyset \} \right|\) returns the number of cases in group \(g\) where activity \(\mathit{a\) occurs at least once (i.e., cases with a non-empty \(\mathit{fi\mathit{^{c(c, \mathit{a)\)).\\"	RN4293; RN4125	Balaban et al. (2011); Cho et al. (2020)
Expected Maintenance Cost	expected-maintenance-cost-c-g	C	G	\(g \subseteq C \colon\) \newline \(g \neq \emptyset\)	\(\mathit{e\mathit{MainC(g)\)	\(\frac{\mathit{MainC(g)}{\mathit{C(g)}\)	Expected maintenance cost associated with a case belonging to a group of cases.	Process where the cost of conducting maintenance is relevant.	$case$ – Event attribute: case id ; $mainc$ – Case attribute: maintenance cost		Minimizing maintenance cost is desirable.	MIN	\(\frac{\mathit{MainC(g)}{\mathit{C(g)}\)	"\(\mathit{MainC(g)\) returns the total maintenance cost for group \(g\).
\newline \(\mathit{C(g)\) returns the number of cases in group \(g\). \\"	RN4300	Kutucuoglu et al. (2002)
Expected Missed Deadline Cost	expected-missed-deadline-cost-c-g	C	G	\(g \subseteq C \colon\) \newline \(g \neq \emptyset\)	\(\mathit{e\mathit{MDC(g)\)	\(\frac{\mathit{MDC(g)}{\mathit{C(g)}\)	Expected cost for missing deadlines associated with a case belonging to a group of cases.	Process where missing a deadline incurs in additional costs.	$case$ – Event attribute: case id ; $mdc$ – Case attribute: missed deadline cost		Minimizing missed deadline cost is desirable.	MIN	\(\frac{\mathit{MDC(g)}{\mathit{C(g)}\)	"\(\mathit{MDC(g)\) returns the total missed deadline cost for group \(g\).
\newline \(\mathit{C(g)\) returns the number of cases in group \(g\). \\"	RN4134	van den Ingh (2016)
Expected Non-Automated Activity count (group of cases granularity)	expected-non-automated-activity-count-group-of-cases-granularity-q-g	Q	G	\(g \subseteq C \colon\) \newline \(g \neq \emptyset\)	\(\mathit{NAutA(g)\)	\(\frac{\sum _{c \in g} \mathit{NAutA(c)}{\mathit{C(g)}\)	Expected number of non-automated activities that occur in a case belonging to a group of cases.	Event log that contains automated activities.	$act$ – Event attribute: activity ; $case$ – Event attribute: case id	$Autl$ – List of automated activities	Non-automated activities are prone to errors, which reduces the quality of the process.	MIN	\(\frac{\sum _{c \in g} \mathit{NAutA(c)}{\mathit{C(g)}\)	"\(\mathit{NAutA(c)\) returns the non-automated activity count for case \(c\).
\newline \(\mathit{C(g)\) returns the number of cases in group \(g\). \\"	RN4134	van den Ingh (2016)
Expected Non-Automated activity Instance count	expected-non-automated-activity-instance-count-q-g	Q	G	\(g \subseteq C \colon\) \newline \(g \neq \emptyset\)	\(\mathit{e\mathit{NAutI(g)\)	\(\frac{\mathit{NAutI(g)}{\mathit{C(g)}\)	Expected number of times that a non-automated activity is instantiated in a case belonging to a group of cases.	Event log that contains automated activities.	$act$ – Event attribute: activity ; $actinst$ – Event attribute: activity instance ; $case$ – Event attribute: case id ; $type$ – Event attribute: lifecycle type	$Autl$ – List of automated activities	Non-automated activities are prone to errors, which reduces the quality of the process.	MIN	\(\frac{\mathit{NAutI(g)}{\mathit{C(g)}\)	"\(\mathit{NAutI(g)\) returns the total non-automated activity instance count for group \(g\).
\newline \(\mathit{C(g)\) returns the number of cases in group \(g\). \\"	RN4134	van den Ingh (2016)
Expected Optional Activity count	expected-optional-activity-count-f-g	F	G	\(g \subseteq C \colon\) \newline \(g \neq \emptyset\)	\(\mathit{e\mathit{OptA(g)\)	\(\frac{\sum _{c \in g} \mathit{OptA(c)}{\mathit{C(g)}\)	Expected number of optional activities that are instantiated in a case belonging to a group of cases. \newline An activity is considered optional if there is at least one case in the event log where it does not occur.	Process with multiple activities that are not instantiated in every case.	$act$ – Event attribute: activity ; $case$ – Event attribute: case id		A greater number of optional activities is desired, as it implies a greater capability to address unexpected situations.	MAX	\(\frac{\sum _{c \in g} \mathit{OptA(c)}{\mathit{C(g)}\)	"\(\mathit{OptA(c)\) returns the optional activity count for case \(c\).
\newline \(\mathit{C(g)\) returns the number of cases in group \(g\). \\"	ADDED_FOR_COMPLETENESS	
Expected Optionality	expected-optionality-f-g	F	G	\(g \subseteq C \colon\) \newline \(g \neq \emptyset\)	\(\mathit{e\mathit{Opt(g)\)	\(\frac{\sum _{c \in g} \mathit{OptA(c)}{\sum _{c \in g} \mathit{A(c)}\)	Ratio between the expected number of optional activities that are instantiated in a case belonging to a group of cases, and the expected number of activities that occur in a case belonging to a group of cases. \newline An activity is considered optional if there is at least one case in the event log where it does not occur.	Process with multiple activities that are not instantiated in every case.	$act$ – Event attribute: activity ; $case$ – Event attribute: case id		A greater number of optional activities is desired, as it implies a greater capability to address unexpected situations.	MAX	\(\frac{\sum _{c \in g} \mathit{OptA(c)}{\sum _{c \in g} \mathit{A(c)}\)	"\(\mathit{OptA(c)\) returns the optional activity count for case \(c\).
\newline \(\mathit{A(c)\) returns the number of unique activities in case \(c\). \\"	RN4134; RN4150; RN4155	van den Ingh (2016); de Kort (2015); Haberberger (2019)
Expected outcome Unit count	expected-outcome-unit-count-q-g	Q	G	\(g \subseteq C \colon\) \newline \(g \neq \emptyset\)	"\(\mathit{e\mathit{U\mathit{^{\times(g)\)
\newline \newline \(\mathit{\times \in \{\mathit{sgl, \mathit{sum\}\)"	"\(\frac{\mathit{U\mathit{^{\times(g)}{\mathit{C(g)}\)
\newline \newline The $\mathit{\times$ indicates that the PPI can take multiple forms, in this case, $\mathit{\times \in \{\mathit{sgl, \mathit{sum\}$. If $\mathit{\times = \mathit{sgl$, then the function considers single events of activity instances for outcome unit calculations, i.e., it uses $\mathit{U\mathit{^{sgl$; if $\mathit{\times = \mathit{sum$, then the function considers the sum of all events of activity instances for outcome unit calculations, i.e., it uses $\mathit{U\mathit{^{sum$."	Expected outcome units associated with all activity instances in a case belonging to a group of cases.	Process where the outcome of activity instances can be measured.	$actinst$ – Event attribute: activity instance ; $case$ – Event attribute: case id ; $type$ – Event attribute: lifecycle type ; $unt$ – Event attribute: outcome units		Maximizing outcome unit count is desirable.	MAX	\(\frac{\mathit{U(g)}{\mathit{C(g)}\)	"\(\mathit{U(g)\) returns the total outcome unit count for group \(g\).
\newline \(\mathit{C(g)\) returns the number of cases in group \(g\). \\"	RN4305	Vernadat et al. (2013)
Expected Overall Quality	expected-overall-quality-q-g	Q	G	\(g \subseteq C \colon\) \newline \(g \neq \emptyset\)	\(\mathit{e\mathit{OQ(g)\)	\(\frac{\sum _{c \in g} \mathit{OQ(c)}{\mathit{C(g)}\)	Expected overall quality associated with the outcome of a case belonging to a group of cases.	Event log contains information that allows measuring overall quality, such as customer satisfaction or a quantifier of the outcome of the process.	$case$ – Event attribute: case id ; $qual$ – Case attribute: quality indicator		Maximizing the quality of the process is desirable.	MAX	\(\frac{\sum _{c \in g} \mathit{OQ(c)}{\mathit{C(g)}\)	"\(\mathit{OQ(c)\) returns the overall quality associated with case \(c\).
\newline \(\mathit{C(g)\) returns the number of cases in group \(g\). \\"	RN4304; RN4306; RN4295; RN4297; RN4305; RN4150; RN4298; RN4311; RN4309; RN4291; RN4303; RN4125; RN4131; RN4155; RN4299; RN4161; RN4312	Longo and Motta (2005); Chimhamhiwa et al. (2009); Bosilj-Vuksic et al. (2008); Glavan (2011); Vernadat et al. (2013); de Kort (2015); Korherr and List (2007); Bhagwat and Sharma (2007); Gunasekaran and Kobu (2007); Lehnert et al. (2014); Pourshahid et al. (2009); Cho et al. (2020); Kis et al. (2017); Haberberger (2019); Herzog (2006); Lima Junior et al. (2016); Spremic et al. (2008)
Expected Overhead Cost	expected-overhead-cost-c-g	C	G	\(g \subseteq C \colon\) \newline \(g \neq \emptyset\)	"\(\mathit{e\mathit{OC\mathit{^{\times(g)\) 
\newline \newline \(\mathit{\times \in \{\mathit{sgl, \mathit{sum\}\)"	"\(\frac{\mathit{OC\mathit{^{\times(g)}{\mathit{C(g)}\)
\newline \newline The $\mathit{\times$ indicates that the PPI can take multiple forms, in this case, $\mathit{\times \in \{\mathit{sgl, \mathit{sum\}$. If $\mathit{\times = \mathit{sgl$, then the function considers single events of activity instances for cost calculations, i.e., it uses $\mathit{OC\mathit{^{sgl$; if $\mathit{\times = \mathit{sum$, then the function considers the sum of all events of activity instances for cost calculations, i.e., it uses $\mathit{OC\mathit{^{sum$."	Expected total cost associated with all instantiations of activities that do not have a direct effect on the outcome of a case belonging to a group of cases.	Event log in which activities can be categorized based on whether they directly contribute to the outcome of the process or not.	$act$ – Event attribute: activity ; $actinst$ – Event attribute: activity instance ; $case$ – Event attribute: case id ; $tc$ – Event attribute: total cost ; $type$ – Event attribute: lifecycle type	$DCl$ – List of direct cost activities	Minimizing total cost is desirable.	MIN	\(\frac{\mathit{OC(g)}{\mathit{C(g)}\)	"\(\mathit{OC(g)\) returns the total overhead cost for group \(g\).
\newline \(\mathit{C(g)\) returns the number of cases in group \(g\). \\"	RN4309; RN4146	Gunasekaran and Kobu (2007); Karadgi (2014)
Expected Repeatability	expected-repeatability-q-g	Q	G	\(g \subseteq C \colon\) \newline \(g \neq \emptyset\)	\(\mathit{e\mathit{Rep(g)\)	\(1 - \frac{\sum _{c \in g} \mathit{A(c)}{\mathit{I(g)}\)	One minus the expected ratio between the number of activities that occur in a case belonging to a group of cases, and the number of times that an activity is instantiated in a case belonging to a group of cases.	Process where activity repetition is common.	$act$ – Event attribute: activity ; $actinst$ – Event attribute: activity instance ; $case$ – Event attribute: case id		It is desirable not to repeat activities.	MIN	\(1 - \frac{\sum _{c \in g} \mathit{A(c)}{\mathit{I(g)}\)	"\(\mathit{A(c)\) returns the number of unique activities in case \(c\).
\newline \(\mathit{I(g)\) returns the total number of activity instances in group \(g\). \\"	RN4134	van den Ingh (2016)
Expected Resource count	expected-resource-count-c-g	C	G	\(g \subseteq C \colon\) \newline \(g \neq \emptyset\)	\(\mathit{e\mathit{R(g)\)	\(\frac{\sum _{c \in g} \mathit{R(c)}{\mathit{C(g)}\)	Expected number of resources that are involved in the execution of a case belonging to a group of cases.	If the event log does not contain cost information, Expected Resource count can be used as a proxy for the cost performance of a group of cases.	$case$ – Event attribute: case id ; $res$ – Event attribute: resource		Minimizing the number of resources involved is desirable.	MIN	\(\frac{\sum _{c \in g} \mathit{R(c)}{\mathit{C(g)}\)	"\(\mathit{R(c)\) returns the resource count for case \(c\).
\newline \(\mathit{C(g)\) returns the number of cases in group \(g\). \\"	RN4125; RN4159	Cho et al. (2020); Berk (2010)
Expected Resource count	expected-resource-count-g-g	G	G	\(g \subseteq C \colon\) \newline \(g \neq \emptyset\)	\(\mathit{e\mathit{R(g)\)	\(\frac{\sum _{c \in g} \mathit{R(c)}{\mathit{C(g)}\)	Expected number of resources that are involved in the execution of a case belonging to a group of cases.	Calculation of several other PPIs.	$case$ – Event attribute: case id ; $res$ – Event attribute: resource			N/A	\(\frac{\sum _{c \in \mathit{cases(g)} \mathit{R(c)}{\mathit{C(g)}\)	"$\mathit{cases(g)$ returns the set of cases in group of cases $g$.
\newline $\mathit{R(c)$ returns the resource count of case $c$.
\newline $\mathit{C(g)$ returns the case count of group of cases $g$. \\"	RN4125; RN4159	Cho et al. (2020); Berk (2010)
Expected Rework Cost	expected-rework-cost-c-g	C	G	\(g \subseteq C \colon\) \newline \(g \neq \emptyset\)	"\(\mathit{e\mathit{RC\mathit{^{\times(g)\)
\newline \newline \(\mathit{\times \in \{\mathit{sgl, \mathit{sum\}\)"	"\(\frac{\mathit{RC\mathit{^{\times(g)}{\mathit{C(g)}\)
\newline \newline The $\mathit{\times$ indicates that the PPI can take multiple forms, in this case, $\mathit{\times \in \{\mathit{sgl, \mathit{sum\}$. If $\mathit{\times = \mathit{sgl$, then the function considers single events of activity instances for cost calculations, i.e., it uses $\mathit{RC\mathit{^{sgl$; if $\mathit{\times = \mathit{sum$, then the function considers the sum of all events of activity instances for cost calculations, i.e., it uses $\mathit{RC\mathit{^{sum$."	Expected total cost of all times that any activity is instantiated again, after its first instantiation, in a case belonging to a group of cases.	Event log that contains cost information where measuring rework is of relevance.	$act$ – Event attribute: activity ; $actinst$ – Event attribute: activity instance ; $case$ – Event attribute: case id ; $tc$ – Event attribute: total cost ; $type$ – Event attribute: lifecycle type		Minimizing the cost of rework is desirable.	MIN	\(\frac{\mathit{RC(g)}{\mathit{C(g)}\)	"\(\mathit{RC(g)\) returns the total rework cost for group \(g\).
\newline \(\mathit{C(g)\) returns the number of cases in group \(g\). \\"	RN4162	Oman et al. (2017)
Expected Rework Count	expected-rework-count-c-g	C	G	\(g \subseteq C \colon\) \newline \(g \neq \emptyset\)	\(\mathit{e\mathit{RewC(g)\)	\(\frac{\mathit{RewC(g)}{\mathit{C(g)}\)	Expected number of times that any activity is instantiated again, after its first instantiation, in a case belonging to a group of cases.	If the event log does not contain cost information, Expected Rework Count can be used as a proxy for the cost performance of a group of cases.	$act$ – Event attribute: activity ; $actinst$ – Event attribute: activity instance ; $case$ – Event attribute: case id ; $type$ – Event attribute: lifecycle type		Minimizing rework is desirable.	MIN	\(\frac{\mathit{RewC(g)}{\mathit{C(g)}\)	"\(\mathit{RewC(g)\) returns the total rework count for group \(g\).
\newline \(\mathit{C(g)\) returns the number of cases in group \(g\). \\"	RN4134; RN4125	van den Ingh (2016); Cho et al. (2020)
Expected Rework Count	expected-rework-count-q-g	Q	G	\(g \subseteq C \colon\) \newline \(g \neq \emptyset\)	\(\mathit{e\mathit{RewC(g)\)	\(\frac{\mathit{RewC(g)}{\mathit{C(g)}\)	Expected number of times that any activity is instantiated again, after its first instantiation, in a case belonging to a group of cases.	Process where rework recurrently occurs.	$act$ – Event attribute: activity ; $actinst$ – Event attribute: activity instance ; $case$ – Event attribute: case id ; $type$ – Event attribute: lifecycle type		Minimizing rework is desirable.	MIN	\(\frac{\mathit{RewC(g)}{\mathit{C(g)}\)	"\(\mathit{RewC(g)\) returns the total rework count for group \(g\).
\newline \(\mathit{C(g)\) returns the number of cases in group \(g\). \\"	RN4134; RN4125	van den Ingh (2016); Cho et al. (2020)
Expected Rework Count by Value	expected-rework-count-by-value-q-g	Q	G	\(g \subseteq C \colon\) \newline \(g \neq \emptyset\) \newline \(\mathit{val \in \mathbb{N}\)	\(\mathit{e\mathit{RewCV(g, \mathit{val)\)	\(\frac{\mathit{RewCV(g, \mathit{val)}{\mathit{C(g)}\)	Expected number of times that any activity is instantiated again, after it is instantiated a certain number of times, in a case belonging to a group of cases.	Process where rework recurrently occurs.	$act$ – Event attribute: activity ; $actinst$ – Event attribute: activity instance ; $case$ – Event attribute: case id ; $type$ – Event attribute: lifecycle type	$val$ – Number of times an activity can be instantiated without being considered as rework	Minimizing rework is desirable.	MIN	\(\frac{\mathit{RewCV(g, \mathit{val)}{\mathit{C(g)}\)	"\(\mathit{RewCV(g, \mathit{val)\) returns the total rework count by value \(\mathit{val\) for group \(g\).
\newline \(\mathit{C(g)\) returns the number of cases in group \(g\). \\"	RN4134	van den Ingh (2016)
Expected Rework of activities Subset	expected-rework-of-activities-subset-q-g	Q	G	\(g \subseteq C \colon\) \newline \(g \neq \emptyset\) \newline \(\mathit{sub \subseteq A \colon\) \newline \(\mathit{sub \neq \emptyset\)	\(\mathit{e\mathit{RewSub(g, \mathit{sub)\)	\(\frac{\mathit{RewSub(g, \mathit{sub)}{\mathit{C(g)}\)	Expected number of times that any activity belonging to a subset of activities is instantiated again, after its first instantiation, in a case belonging to a group of cases.	Process where rework occurs recurrently, but only the rework of some activities is of interest.	$act$ – Event attribute: activity ; $actinst$ – Event attribute: activity instance ; $case$ – Event attribute: case id ; $type$ – Event attribute: lifecycle type	$sub$ – Subset of activities to consider	Minimizing rework is desirable.	MIN	\(\frac{\mathit{RewSub(g, \mathit{sub)}{\mathit{C(g)}\)	"\(\mathit{RewSub(g, \mathit{sub)\) returns the total rework count for subset \(\mathit{sub\) in group \(g\).
\newline \(\mathit{C(g)\) returns the number of cases in group \(g\). \\"	RN4125	Cho et al. (2020)
Expected Rework Percentage	expected-rework-percentage-c-g	C	G	\(g \subseteq C \colon\) \newline \(g \neq \emptyset\)	\(\mathit{e\mathit{RewP(g)\)	\(\frac{\sum _{c \in g} \mathit{RewP(c)}{\mathit{C(g)}\)	Expected percentage of times that any activity is instantiated again, after its first instantiation, in a case belonging to a group of cases.	If the event log does not contain cost information, Expected Rework Percentage can be used as a proxy for the cost performance of a group of cases.	$act$ – Event attribute: activity ; $actinst$ – Event attribute: activity instance ; $case$ – Event attribute: case id ; $type$ – Event attribute: lifecycle type		Minimizing rework is desirable.	MIN	\(\frac{\sum _{c \in g} \mathit{RewP(c)}{\mathit{C(g)}\)	"\(\mathit{RewP(c)\) returns the rework percentage for case \(c\).
\newline \(\mathit{C(g)\) returns the number of cases in group \(g\). \\"	RN4134; RN4125	van den Ingh (2016); Cho et al. (2020)
Expected Rework Percentage	expected-rework-percentage-q-g	Q	G	\(g \subseteq C \colon\) \newline \(g \neq \emptyset\)	\(\mathit{e\mathit{RewP(g)\)	\(\frac{\sum _{c \in g} \mathit{RewP(c)}{\mathit{C(g)}\)	Expected percentage of times that any activity is instantiated again, after its first instantiation, in a case belonging to a group of cases.	Process where rework occurs recurrently.	$act$ – Event attribute: activity ; $actinst$ – Event attribute: activity instance ; $case$ – Event attribute: case id ; $type$ – Event attribute: lifecycle type		Minimizing rework is desirable.	MIN	\(\frac{\sum _{c \in g} \mathit{RewP(c)}{\mathit{C(g)}\)	"\(\mathit{RewP(c)\) returns the rework percentage for case \(c\).
\newline \(\mathit{C(g)\) returns the number of cases in group \(g\). \\"	RN4134; RN4125	van den Ingh (2016); Cho et al. (2020)
Expected Rework Percentage by Value	expected-rework-percentage-by-value-q-g	Q	G	\(g \subseteq C \colon\) \newline \(g \neq \emptyset\) \newline \(\mathit{val \in \mathbb{N}\)	\(\mathit{e\mathit{RewPV(g)\)	\(\frac{\sum _{c \in g} \mathit{RewPV(c, \mathit{val)}{\mathit{C(g)}\)	Expected percentage of times that any activity is instantiated again, after it is instantiated a certain number of times, in a case belonging to a group of cases.	Process where rework occurs recurrently.	$act$ – Event attribute: activity ; $actinst$ – Event attribute: activity instance ; $case$ – Event attribute: case id ; $type$ – Event attribute: lifecycle type	$val$ – Number of times an activity can be instantiated without being considered as rework	Minimizing rework is desirable.	MIN	\(\frac{\sum _{c \in g} \mathit{RewPV(c, \mathit{val)}{\mathit{C(g)}\)	"\(\mathit{RewPV(c, \mathit{val)\) returns the rework percentage by value \(\mathit{val\) for case \(c\).
\newline \(\mathit{C(g)\) returns the number of cases in group \(g\). \\"	RN4134	van den Ingh (2016)
Expected Rework Time	expected-rework-time-q-g	Q	G	\(g \subseteq C \colon\) \newline \(g \neq \emptyset\)	\(\mathit{e\mathit{RT(g)\)	\(\frac{\mathit{RT(g)}{\mathit{C(g)}\)	Expected sum of the elapsed time for all times that any activity is instantiated again, after its first instantiation, in a case belonging to a group of cases.	Process where measuring the time spent on rework activities is of relevance.	$act$ – Event attribute: activity ; $actinst$ – Event attribute: activity instance ; $case$ – Event attribute: case id ; $time$ – Event attribute: timestamp ; $type$ – Event attribute: lifecycle type		Minimizing the time spent on reworking is desirable.	MIN	\(\frac{\mathit{RT(g)}{\mathit{C(g)}\)	"\(\mathit{RT(g)\) returns the total rework time for group \(g\).
\newline \(\mathit{C(g)\) returns the number of cases in group \(g\). \\"	RN4305; RN4302; RN4310	Vernadat et al. (2013); Mirsu (2013); Wu (2012)
Expected Role count	expected-role-count-f-g	F	G	\(g \subseteq C \colon\) \newline \(g \neq \emptyset\)	\(\mathit{e\mathit{Role(g)\)	\(\frac{\sum _{c \in g} \mathit{Role(c)}{\mathit{C(g)}\)	Expected number of human resource roles that are involved in the execution of a case belonging to a group of cases.	Process where several roles are involved.	$case$ – Event attribute: case id ; $role$ – Event attribute: role		A greater number of roles involved in the execution of the process implies greater flexibility.	MAX	\(\frac{\sum _{c \in g} \mathit{Role(c)}{\mathit{C(g)}\)	"\(\mathit{Role(c)\) returns the role count for case \(c\).
\newline \(\mathit{C(g)\) returns the number of cases in group \(g\). \\"	RN4134	van den Ingh (2016)
Expected Role count	expected-role-count-g-g	G	G	\(g \subseteq C \colon\) \newline \(g \neq \emptyset\)	\(\mathit{e\mathit{Role(g)\)	\(\frac{\sum _{c \in g} \mathit{Role(c)}{\mathit{C(g)}\)	Expected number of human resource roles that are involved in the execution of a case belonging to a group of cases.	Calculation of several other PPIs.	$case$ – Event attribute: case id ; $role$ – Event attribute: role			N/A	\(\frac{\sum_{c \in \mathit{cases(g)} \mathit{Role(c)}{\mathit{C(g)}\)	"$\mathit{cases(g)$ returns the set of cases in group of cases $g$.
\newline $\mathit{Role(c)$ returns the role count of case $c$.
\newline$\mathit{C(g)$ returns the case count of group of cases $g$. \\"	RN4134	van den Ingh (2016)
Expected Service and Lead Time Ratio	expected-service-and-lead-time-ratio-t-g	T	G	\(g \subseteq C \colon\) \newline \(g \neq \emptyset\)	\(\mathit{e\mathit{SLTR(g)\)	\(\frac{\mathit{ST(g)}{\sum _{c \in g} \mathit{LT(c)}\)	Expected ratio between the service time and the lead time of a case belonging to a group of cases.	Event log in which the difference between service time and lead time is of relevance.	$actinst$ – Event attribute: activity instance ; $case$ – Event attribute: case id ; $time$ – Event attribute: timestamp ; $type$ – Event attribute: lifecycle type		Ratio between service time and lead time should be as large as possible.	MAX	\(\frac{\mathit{ST(g)}{\sum _{c \in g} \mathit{LT(c)}\)	"\(\mathit{ST(g)\) returns the total service time accumulated across all cases in group \(g\).
\newline \(\mathit{LT(c)\) returns the total lead time of case \(c\). \\"	RN4308; RN4131	Fogarty (1992); Kis et al. (2017)
Expected Service Time	expected-service-time-t-g	T	G	\(g \subseteq C \colon\) \newline \(g \neq \emptyset\)	\(\mathit{e\mathit{ST(g)\)	\(\frac{\mathit{ST(g)}{\mathit{C(g)}\)	Expected sum of elapsed time between the start and complete events of all activity instances of a case belonging to a group of cases.	Event log that contains lifecycle information for activity instances where the actual time spent executing them is of interest.	$actinst$ – Event attribute: activity instance ; $case$ – Event attribute: case id ; $time$ – Event attribute: timestamp ; $type$ – Event attribute: lifecycle type		Minimizing service time is desirable.	MIN	\(\frac{\mathit{ST(g)}{\mathit{C(g)}\)	"\(\mathit{ST(g)\) returns the total service time accumulated across all cases in group \(g\).
\newline \(\mathit{C(g)\) returns the number of cases in group \(g\). \\"	RN4153; RN4308; RN4134; RN4306; RN4150; RN4298; RN4311; RN4313; RN4162; RN4293; RN4125; RN4155	Meier et al. (2015); Fogarty (1992); van den Ingh (2016); Chimhamhiwa et al. (2009); de Kort (2015); Korherr and List (2007); Bhagwat and Sharma (2007); van Heck et al. (2010); Oman et al. (2017); Balaban et al. (2011); Cho et al. (2020); Haberberger (2019)
Expected Service Time from activity A to activity B	expected-service-time-from-activity-a-to-activity-b-t-g	T	G	\(g \subseteq C \colon\) \newline \(g \neq \emptyset\) \newline \(\mathit{a, \mathit{b \in A \colon\) \newline \(\mathit{a \neq \mathit{b\)	"\(\mathit{e\mathit{STAB\mathit{^{\times(g, \mathit{a, \mathit{b)\)
\newline \newline \(\mathit{\times \in \{\mathit{s, \mathit{c, \mathit{sc, \mathit{w\}\)"	"\(\frac{\mathit{STAB\mathit{^{\times(g, \mathit{a, \mathit{b)}{|\{c \in g \mid \mathit{fi\mathit{^{sc(c, \mathit{a, \mathit{b) \neq \emptyset\}|}\)
\newline \newline The $\mathit{\times$ indicates that the PPI can take multiple forms, in this case, $\mathit{\times \in \{\mathit{s, \mathit{c, \mathit{sc, \mathit{w\}$. If $\mathit{\times = \mathit{s$, then the function considers activity instances that were started within the start and end activity instances, i.e., it uses $\mathit{STAB\mathit{^{s$; if $\mathit{\times = \mathit{c$, then the function considers activity instances that were completed within the start and end activity instances, i.e., it uses $\mathit{STAB\mathit{^{c$; if $\mathit{\times = \mathit{sc$, then the function considers activity instances that were either started or completed within the start and end activity instances, i.e., it uses $\mathit{STAB\mathit{^{sc$; if $\mathit{\times = \mathit{^{w$, then the function considers all activity instances that were active within the start and end activity instances, i.e., it uses $\mathit{STAB\mathit{^{w$."	Expected sum of elapsed time between the start and complete events of all activity instances of a case belonging to a group of cases, which occur between the earliest instantiation of a specific activity, and the earliest instantiation of another specific activity that occurs after the former one, including both.	Event log is associated with a process in which the actual time spent executing a specific subprocess is of relevance.	$act$ – Event attribute: activity ; $actinst$ – Event attribute: activity instance ; $case$ – Event attribute: case id ; $time$ – Event attribute: timestamp ; $type$ – Event attribute: lifecycle type	$a$ – the first specific activity ; $b$ – the second specific activity	Minimizing service time is desirable.	MIN	\(\frac{\mathit{STAB(g, \mathit{a, \mathit{b)}{|\{c \in g \mid \mathit{fi(c, \mathit{a, \mathit{b) \neq \emptyset\}|}\)	"\(\mathit{STAB\) returns the total service time from activity \(\mathit{a\) to activity \(\mathit{b\) accumulated across all cases in group \(g\).
\newline \(\mathit{fi\) returns the set of first instances of activity \(\mathit{b\) that occur after the first instance of \(\mathit{a\) in case \(c\). \\"	ADDED_FOR_COMPLETENESS	
Expected Successful outcome Unit Count	expected-successful-outcome-unit-count-q-g	Q	G	\(g \subseteq C \colon\) \newline \(g \neq \emptyset\)	"\(\mathit{e\mathit{SUC\mathit{^{\times(g)\)
\newline \newline \(\mathit{\times \in \{\mathit{sgl, \mathit{sum\}\)"	"\(\frac{\mathit{SUC\mathit{^{\times(g)}{\mathit{C(g)}\)
\newline \newline The $\mathit{\times$ indicates that the PPI can take multiple forms, in this case, $\mathit{\times \in \{\mathit{sgl, \mathit{sum\}$. If $\mathit{\times = \mathit{sgl$, then the function considers single events of activity instances for outcome unit calculations, i.e., it uses $\mathit{SUC\mathit{^{sgl$; if $\mathit{\times = \mathit{sum$, then the function considers the sum of all events of activity instances for outcome unit calculations, i.e., it uses $\mathit{SUC\mathit{^{sum$."	Expected outcome units associated with all activity instances in a case belonging to a group of cases, after deducting those that were unsuccessfully completed.	Process where the outcome of activity instances, as well as whether they are successful or not, can be measured.	$actinst$ – Event attribute: activity instance ; $case$ – Event attribute: case id ; $type$ – Event attribute: lifecycle type ; $uns$ – Event attribute: unsuccessful outcome units ; $unt$ – Event attribute: outcome units		Maximizing the number of successful outcome units is desirable.	MAX	\(\frac{\mathit{SUC(g)}{\mathit{C(g)}\)	"\(\mathit{SUC(g)\) returns the total successful outcome unit count for group \(g\).
\newline \(\mathit{C(g)\) returns the number of cases in group \(g\). \\"	RN4305	Vernadat et al. (2013)
Expected Successful outcome Unit Percentage	expected-successful-outcome-unit-percentage-q-g	Q	G	\(g \subseteq C \colon\) \newline \(g \neq \emptyset\)	"\(\mathit{e\mathit{SUP\mathit{^{\times(g)\)
\newline \newline \(\mathit{\times \in \{\mathit{sgl, \mathit{sum\}\)"	"\(\frac{\sum _{c \in g} \mathit{SUP\mathit{^{\times(c)}{\mathit{C(g)}\)
\newline \newline The $\mathit{\times$ indicates that the PPI can take multiple forms, in this case, $\mathit{\times \in \{\mathit{sgl, \mathit{sum\}$. If $\mathit{\times = \mathit{sgl$, then the function considers single events of activity instances for outcome unit calculations, i.e., it uses $\mathit{SUP\mathit{^{sgl$; if $\mathit{\times = \mathit{sum$, then the function considers the sum of all events of activity instances for outcome unit calculations, i.e., it uses $\mathit{SUP\mathit{^{sum$."	Expected percentage of outcome units associated with all activity instances of a case belonging to a group of cases that are successfully completed.	Process where the outcome of activity instances, as well as whether they are successful or not, can be measured.	$actinst$ – Event attribute: activity instance ; $case$ – Event attribute: case id ; $type$ – Event attribute: lifecycle type ; $uns$ – Event attribute: unsuccessful outcome units ; $unt$ – Event attribute: outcome units		Maximizing the percentage of successful outcome units is desirable.	MAX	\(\frac{\sum _{c \in g} \mathit{SUP(c)}{\mathit{C(g)}\)	"\(\mathit{SUP(c)\) returns the successful outcome unit percentage of case \(c\).
\newline \(\mathit{C(g)\) returns the number of cases in group \(g\). \\"	RN4305	Vernadat et al. (2013)
Expected Total Cost	expected-total-cost-c-g	C	G	\(g \subseteq C \colon\) \newline \(g \neq \emptyset\)	"\(\mathit{e\mathit{TC\mathit{^{\times(g)\)
\newline \newline \(\mathit{\times \in \{\mathit{sgl, \mathit{sum\}\)"	"\(\frac{\mathit{TC\mathit{^{\times(g)}{\mathit{C(g)}\)
\newline \newline The $\mathit{\times$ indicates that the PPI can take multiple forms, in this case, $\mathit{\times \in \{\mathit{sgl, \mathit{sum\}$. If $\mathit{\times = \mathit{sgl$, then the function considers single events of activity instances for cost calculations, i.e., it uses $\mathit{TC\mathit{^{sgl$; if $\mathit{\times = \mathit{sum$, then the function considers the sum of all events of activity instances for cost calculations, i.e., it uses $\mathit{TC\mathit{^{sum$."	Expected total cost associated with all activity instances of a case belonging to a group of cases.	Event log in which total cost information is recorded.	$actinst$ – Event attribute: activity instance ; $case$ – Event attribute: case id ; $tc$ – Event attribute: total cost ; $type$ – Event attribute: lifecycle type		Minimizing total cost is desirable.	MIN	\(\frac{\mathit{TC(g)}{\mathit{C(g)}\)	"\(\mathit{TC(g)\) returns the total cost for group \(g\).
\newline \(\mathit{C(g)\) returns the number of cases in group \(g\). \\"	RN4304; RN4301; RN4153; RN4134; RN4306; RN4295; RN4297; RN4300; RN4305; RN4298; RN4294; RN4291; RN4162; RN4125; RN4299; RN4161	Longo and Motta (2005); Jagdev et al. (1997); Meier et al. (2015); van den Ingh (2016); Chimhamhiwa et al. (2009); Bosilj-Vuksic et al. (2008); Glavan (2011); Kutucuoglu et al. (2002); Vernadat et al. (2013); Korherr and List (2007); Han et al. (2010); Lehnert et al. (2014); Oman et al. (2017); Cho et al. (2020); Herzog (2006); Lima Junior et al. (2016)
Expected Total Cost and Client count Ratio	expected-total-cost-and-client-count-ratio-q-g	Q	G	\(g \subseteq C \colon\) \newline \(g \neq \emptyset\)	"\(\mathit{e\mathit{TCCliR\mathit{^{\times(g)\)
\newline \newline \(\mathit{\times \in \{\mathit{sgl, \mathit{sum\}\)"	"\(\frac{\mathit{TC\mathit{^{\times(g)}{\mathit{Cli(g)}\)
\newline \newline The $\mathit{\times$ indicates that the PPI can take multiple forms, in this case, $\mathit{\times \in \{\mathit{sgl, \mathit{sum\}$. If $\mathit{\times = \mathit{sgl$, then the function considers single events of activity instances for cost calculations, i.e., it uses $\mathit{TC\mathit{^{sgl$; if $\mathit{\times = \mathit{sum$, then the function considers the sum of all events of activity instances for cost calculations, i.e., it uses $\mathit{TC\mathit{^{sum$."	Ratio between the total cost associated with all activity instances of a group of cases, and the number of distinct clients associated with cases in a group of cases.	Process is executed for different clients, where the event log contains cost information.	$actinst$ – Event attribute: activity instance ; $case$ – Event attribute: case id ; $cli$ – Case attribute: client ; $tc$ – Event attribute: total cost ; $type$ – Event attribute: lifecycle type		It is desirable to execute the process for as many clients at the least cost.	MIN	\(\frac{\mathit{TC(g)}{\mathit{Cli(g)}\)	"\(\mathit{TC(g)\) returns the total cost of case group \(g\).
\newline \(\mathit{Cli(g)\) returns the number of distinct clients associated with group \(g\). \\"	RN4134	van den Ingh (2016)
Expected Total Cost and Lead Time Ratio	expected-total-cost-and-lead-time-ratio-c-g	C	G	\(g \subseteq C \colon\) \newline \(g \neq \emptyset\)	"\(\mathit{e\mathit{TCLTR\mathit{^{\times(g)\)
\newline \newline \(\mathit{\times \in \{\mathit{sgl, \mathit{sum\}\)"	"\(\frac{\mathit{TC\mathit{^{\times(g)}{\sum _{c \in g} \mathit{LT(c)}\)
\newline \newline The $\mathit{\times$ indicates that the PPI can take multiple forms, in this case, $\mathit{\times \in \{\mathit{sgl, \mathit{sum\}$. If $\mathit{\times = \mathit{sgl$, then the function considers single events of activity instances for cost calculations, i.e., it uses $\mathit{TC\mathit{^{sgl$; if $\mathit{\times = \mathit{sum$, then the function considers the sum of all events of activity instances for cost calculations, i.e., it uses $\mathit{TC\mathit{^{sum$."	Ratio between the expected total cost of a case belonging to a group of cases and the expected lead time of a case belonging to a group of cases.	Event log in which the total cost in relation to the total time taken for conducting cases is of relevance.	$actinst$ – Event attribute: activity instance ; $case$ – Event attribute: case id ; $tc$ – Event attribute: total cost ; $time$ – Event attribute: timestamp ; $type$ – Event attribute: lifecycle type		Ratio between total cost and lead time should be as close to 0 as possible.	MIN	\(\frac{\mathit{TC(g)}{\sum _{c \in g} \mathit{LT(c)}\)	"\(\mathit{TC(g)\) returns the total cost of case group \(g\).
\newline \(\mathit{LT(c)\) returns the total lead time of case \(c\). \\"	RN4297; RN4311	Glavan (2011); Bhagwat and Sharma (2007)
Expected Total Cost and outcome Unit Ratio	expected-total-cost-and-outcome-unit-ratio-c-g	C	G	\(g \subseteq C \colon\) \newline \(g \neq \emptyset\)	"\(\mathit{e\mathit{TCUR\mathit{^{\times(g)\)
\newline \newline \(\mathit{\times \in \{\mathit{sgl, \mathit{sum\}\)"	"\(\frac{\mathit{TC\mathit{^{\times(g)}{\mathit{U\mathit{^{\times(g)}\)
\newline \newline The $\mathit{\times$ indicates that the PPI can take multiple forms, in this case, $\mathit{\times \in \{\mathit{sgl, \mathit{sum\}$. If $\mathit{\times = \mathit{sgl$, then the function considers single events of activity instances for cost and outcome unit calculations, i.e., it uses $\mathit{TC\mathit{^{sgl$ and $\mathit{U\mathit{^{sgl$; if $\mathit{\times = \mathit{sum$, then the function considers the sum of all events of activity instances for cost and outcome unit calculations, i.e., it uses $\mathit{TC\mathit{^{sum$ and $\mathit{U\mathit{^{sum$."	Ratio between the expected total cost of a case belonging to a group of cases, and the expected outcome units associated with all activity instances of a case belonging to a group of cases.	Event log in which the total cost in relation to the outcome units of cases is of relevance.	$actinst$ – Event attribute: activity instance ; $case$ – Event attribute: case id ; $tc$ – Event attribute: total cost ; $type$ – Event attribute: lifecycle type ; $unt$ – Event attribute: outcome units		Ratio between total cost and outcome unit count should be as close to 0 as possible.	MIN	\(\frac{\mathit{TC(g)}{\mathit{U(g)}\)	"\(\mathit{TC(g)\) returns the total cost of case group \(g\).
\newline \(\mathit{U(g)\) returns the total outcome unit count of case group \(g\). \\"	RN4162; RN4146	Oman et al. (2017); Karadgi (2014)
Expected Total Cost and Service Time Ratio	expected-total-cost-and-service-time-ratio-c-g	C	G	\(g \subseteq C \colon\) \newline \(g \neq \emptyset\)	"\(\mathit{e\mathit{TCSTR\mathit{^{\times(g)\)
\newline \newline \(\mathit{\times \in \{\mathit{sgl, \mathit{sum\}\)"	"\(\frac{\mathit{TC\mathit{^{\times(g)}{\mathit{ST(g)}\)
\newline \newline The $\mathit{\times$ indicates that the PPI can take multiple forms, in this case, $\mathit{\times \in \{\mathit{sgl, \mathit{sum\}$. If $\mathit{\times = \mathit{sgl$, then the function considers single events of activity instances for cost calculations, i.e., it uses $\mathit{TC\mathit{^{sgl$; if $\mathit{\times = \mathit{sum$, then the function considers the sum of all events of activity instances for cost calculations, i.e., it uses $\mathit{TC\mathit{^{sum$."	Ratio between the expected total cost of a case belonging to a group of cases, and the expected service time of a case belonging to a group of cases.	Event log in which the total cost in relation to the time taken for conducting activity instances is of relevance.	$actinst$ – Event attribute: activity instance ; $case$ – Event attribute: case id ; $tc$ – Event attribute: total cost ; $time$ – Event attribute: timestamp ; $type$ – Event attribute: lifecycle type		Ratio between total cost and service time should be as close to 0 as possible.	MIN	\(\frac{\mathit{TC(g)}{\mathit{ST(g)}\)	"\(\mathit{TC(g)\) returns the total cost of case group \(g\).
\newline \(\mathit{ST(g)\) returns the total service time of case group \(g\). \\"	RN4297; RN4311	Glavan (2011); Bhagwat and Sharma (2007)
Expected Transportation Cost	expected-transportation-cost-c-g	C	G	\(g \subseteq C \colon\) \newline \(g \neq \emptyset\)	\(\mathit{e\mathit{TransC(g)\)	\(\frac{\mathit{TransC(g)}{\mathit{C(g)}\)	Expected transportation cost of a case belonging to a group of cases.	Process where the cost of transportation is relevant.	$case$ – Event attribute: case id ; $transc$ – Case attribute: transportation cost		Minimizing transportation cost is desirable.	MIN	\(\frac{\mathit{TransC(g)}{\mathit{C(g)}\)	"\(\mathit{TransC(g)\) returns the total transportation cost for group \(g\).
\newline \(\mathit{C(g)\) returns the number of cases in group \(g\). \\"	RN4309	Gunasekaran and Kobu (2007)
Expected Unwanted Activity count	expected-unwanted-activity-count-q-g	Q	G	\(g \subseteq C \colon\) \newline \(g \neq \emptyset\)	\(\mathit{UAC(g)\)	\(\frac{\sum _{c \in g} \mathit{UAC(c)}{\mathit{C(g)}\)	Expected number of unwanted activities that occur in a case belonging to a group of cases.	Event log that contains activities whose execution is unwanted.	$act$ – Event attribute: activity ; $case$ – Event attribute: case id	$Unwl$ – List of unwanted activities	Unwanted activities negatively affect the quality of the process.	MIN	\(\frac{\sum _{c \in g} \mathit{UAC(c)}{\mathit{C(g)}\)	"\(\mathit{UAC(c)\) returns the unwanted activity count for case \(c\).
\newline \(\mathit{C(g)\) returns the number of cases in group \(g\). \\"	RN4134; RN4131	van den Ingh (2016); Kis et al. (2017)
Expected Unwanted activity Instance count	expected-unwanted-activity-instance-count-q-g	Q	G	\(g \subseteq C \colon\) \newline \(g \neq \emptyset\)	\(\mathit{e\mathit{UIC(g)\)	\(\frac{\mathit{UIC(g)}{\mathit{C(g)}\)	Expected number of times that an unwanted activity is instantiated in a case belonging to a group of cases.	Event log that contains activities whose execution is unwanted.	$act$ – Event attribute: activity ; $actinst$ – Event attribute: activity instance ; $case$ – Event attribute: case id ; $type$ – Event attribute: lifecycle type	$Unwl$ – List of unwanted activities	Unwanted activities negatively affect the quality of the process.	MIN	\(\frac{\mathit{UIC(g)}{\mathit{C(g)}\)	"\(\mathit{UIC(g)\) returns the total unwanted activity instance count for group \(g\).
\newline \(\mathit{C(g)\) returns the number of cases in group \(g\). \\"	RN4134; RN4131	van den Ingh (2016); Kis et al. (2017)
Expected Unwanted activity Instance Percentage	expected-unwanted-activity-instance-percentage-q-g	Q	G	\(g \subseteq C \colon\) \newline \(g \neq \emptyset\)	\(\mathit{e\mathit{UIP(g)\)	\(\frac{\sum _{c \in g} \mathit{UIP(c)}{\mathit{C(g)}\)	Expected percentage of times that an unwanted activity is instantiated in a case belonging to a group of cases.	Event log that contains activities whose execution is unwanted.	$act$ – Event attribute: activity ; $actinst$ – Event attribute: activity instance ; $case$ – Event attribute: case id ; $type$ – Event attribute: lifecycle type	$Unwl$ – List of unwanted activities	Unwanted activities negatively affect the quality of the process.	MIN	\(\frac{\sum _{c \in g} \mathit{UIP(c)}{\mathit{C(g)}\)	"\(\mathit{UIP(c)\) returns the unwanted activity instance percentage for case \(c\).
\newline \(\mathit{C(g)\) returns the number of cases in group \(g\). \\"	RN4134; RN4131	van den Ingh (2016); Kis et al. (2017)
Expected Unwanted Activity Percentage	expected-unwanted-activity-percentage-q-g	Q	G	\(g \subseteq C \colon\) \newline \(g \neq \emptyset\)	\(\mathit{e\mathit{UAP(g)\)	\(\frac{\sum _{c \in g} \mathit{UAP(c)}{\mathit{C(g)}\)	Expected percentage of unwanted activities that occur in a case belonging to a group of cases.	Event log that contains activities whose execution is unwanted.	$act$ – Event attribute: activity ; $case$ – Event attribute: case id	$Unwl$ – List of unwanted activities	Unwanted activities negatively affect the quality of the process.	MIN	\(\frac{\sum _{c \in g} \mathit{UAP(c)}{\mathit{C(g)}\)	"\(\mathit{UAP(c)\) returns the unwanted activity percentage for case \(c\).
\newline \(\mathit{C(g)\) returns the number of cases in group \(g\). \\"	RN4134; RN4131	van den Ingh (2016); Kis et al. (2017)
Expected Variable Cost	expected-variable-cost-c-g	C	G	\(g \subseteq C \colon\) \newline \(g \neq \emptyset\)	"\(\mathit{e\mathit{VC\mathit{^{\times(g)\)
\newline \newline \(\mathit{\times \in \{\mathit{sgl, \mathit{sum\}\)"	"\(\frac{\mathit{VC\mathit{^{\times(g)}{\mathit{C(g)}\)
\newline \newline The $\mathit{\times$ indicates that the PPI can take multiple forms, in this case, $\mathit{\times \in \{\mathit{sgl, \mathit{sum\}$. If $\mathit{\times = \mathit{sgl$, then the function considers single events of activity instances for cost calculations, i.e., it uses $\mathit{VC\mathit{^{sgl$; if $\mathit{\times = \mathit{sum$, then the function considers the sum of all events of activity instances for cost calculations, i.e., it uses $\mathit{VC\mathit{^{sum$."	Expected variable cost of a case belonging to a group of cases.	Event log in which variable cost information is recorded.	$actinst$ – Event attribute: activity instance ; $case$ – Event attribute: case id ; $type$ – Event attribute: lifecycle type ; $vc$ – Event attribute: variable cost		Minimizing variable cost is desirable.	MIN	\(\frac{\mathit{VC(g)}{\mathit{C(g)}\)	"\(\mathit{VC(g)\) returns the total variable cost for group \(g\).
\newline \(\mathit{C(g)\) returns the number of cases in group \(g\). \\"	RN4155; RN4146	Haberberger (2019); Karadgi (2014)
Expected Waiting Time	expected-waiting-time-t-g	T	G	\(g \subseteq C \colon\) \newline \(g \neq \emptyset\)	\(\mathit{e\mathit{WT(g)\)	\(\frac{\sum _{c \in g} \mathit{WT(c)}{\mathit{C(g)}\)	Expected sum of elapsed time between the start event of an activity instance and the complete event of the activity instance that precedes it, for all activity instances in a case belonging to a group of cases.	Event log in which the time spent between every activity instance is of relevance.	$actinst$ – Event attribute: activity instance ; $case$ – Event attribute: case id ; $time$ – Event attribute: timestamp ; $type$ – Event attribute: lifecycle type		Minimizing waiting time is desirable.	MIN	\(\frac{\sum _{c \in g} \mathit{WT(c)}{\mathit{C(g)}\)	"\(\mathit{WT(c)\) returns the total waiting time of case \(c\).
\newline \(\mathit{C(g)\) returns the number of cases in group \(g\). \\"	RN4307; RN4308; RN4134; RN4306; RN4291; RN4303; RN4290	Walsh (1996); Fogarty (1992); van den Ingh (2016); Chimhamhiwa et al. (2009); Lehnert et al. (2014); Pourshahid et al. (2009); Rinaldi et al. (2015)
Expected Waiting Time from activity A to activity B	expected-waiting-time-from-activity-a-to-activity-b-t-g	T	G	\(g \subseteq C \colon\) \newline \(g \neq \emptyset\) \newline \(\mathit{a, \mathit{b \in A \colon\) \newline \(\mathit{a \neq \mathit{b\)	"\(\mathit{e\mathit{WTAB\mathit{^{\times(g, \mathit{a, \mathit{b)\)
\newline \newline \(\mathit{\times \in \{\mathit{s, \mathit{c, \mathit{sc, \mathit{w\}\)"	"\(\frac{\sum _{c \in g} \begin{cases}
\mathit{WTAB\mathit{^{\times(c, \mathit{a, \mathit{b) & \mathit{if \  \mathit{fi\mathit{^{sc(c, \mathit{a, \mathit{b) \neq \emptyset \\ 0 & \mathit{if \  \mathit{fi\mathit{^{sc(c, \mathit{a, \mathit{b) = \emptyset
\end{cases}}{|\{c \in g \mid \mathit{fi\mathit{^{sc(c, \mathit{a, \mathit{b) \neq \emptyset\}|}\)
\newline \newline The $\mathit{\times$ indicates that the PPI can take multiple forms, in this case, $\mathit{\times \in \{\mathit{s, \mathit{c, \mathit{sc, \mathit{w\}$. If $\mathit{\times = \mathit{s$, then the function considers activity instances that were started within the start and end activity instances, i.e., it uses $\mathit{WTAB\mathit{^{s$; if $\mathit{\times = \mathit{c$, then the function considers activity instances that were completed within the start and end activity instances, i.e., it uses $\mathit{WTAB\mathit{^{c$; if $\mathit{\times = \mathit{sc$, then the function considers activity instances that were either started or completed within the start and end activity instances, i.e., it uses $\mathit{WTAB\mathit{^{sc$; if $\mathit{\times = \mathit{^{w$, then the function considers all activity instances that were active within the start and end activity instances, i.e., it uses $\mathit{WTAB\mathit{^{w$."	Expected sum of elapsed time between the start event of an activity instance and the complete event of the activity instance that precedes it, for all activity instances in a case that occurs between the earliest instantiation of a specific activity and the earliest instantiation of another specific activity that occurs after the former one, including both, for all cases belonging to a group of cases.	Event log in which the time spent between every activity instance of a specific subprocess is of relevance.	$act$ – Event attribute: activity ; $actinst$ – Event attribute: activity instance ; $case$ – Event attribute: case id ; $time$ – Event attribute: timestamp ; $type$ – Event attribute: lifecycle type	$a$ – the first specific activity ; $b$ – the second specific activity	Minimizing waiting time is desirable.	MIN	"\(\displaystyle \frac{\sum _{c \in g} \begin{cases}
\mathit{WTAB(c, \mathit{a, \mathit{b) & \mathit{if \  \mathit{fi(c, \mathit{a, \mathit{b) \neq \emptyset \\
0 & \mathit{if \  \mathit{fi(c, \mathit{a, \mathit{b) = \emptyset
\end{cases}}{
\sum_{c \in g}
\begin{cases}
1 & \text{if } \mathit{fi(c, \mathit{a, \mathit{b) \neq \emptyset \\
0 & \text{otherwise}
\end{cases}
}\)"	"\(\mathit{WTAB\) returns the waiting time from activity \(\mathit{a\) to activity \(\mathit{b\) in case \(c\).
\newline \(\mathit{fi\) returns the set of first instances of activity \(\mathit{b\) that occur after the first instance of \(\mathit{a\) in case \(c\). \\"	RN4125	Cho et al. (2020)
Expected Warehousing Cost	expected-warehousing-cost-c-g	C	G	\(g \subseteq C \colon\) \newline \(g \neq \emptyset\)	\(\mathit{e\mathit{WareC(g)\)	\(\frac{\mathit{WareC(g)}{\mathit{C(g)}\)	Expected warehousing cost associated with all activity instances of a case belonging to a group of cases.	Process where the cost of warehousing is relevant.	$case$ – Event attribute: case id ; $warec$ – Case attribute: warehousing cost		Minimizing warehousing cost is desirable.	MIN	\(\frac{\mathit{WareC(g)}{\mathit{C(g)}\)	"\(\mathit{WareC(g)\) returns the total warehousing cost for group \(g\).
\newline \(\mathit{C(g)\) returns the number of cases in group \(g\). \\"	RN4162	Oman et al. (2017)
Fixed Cost (activity granularity)	fixed-cost-activity-granularity-c-a	C	A	\(a \in A\)	"\(\mathit{FC\mathit{^{\times(a)\) 
\newline \newline \(\mathit{\times \in \{\mathit{sgl, \mathit{sum\}\)"	"\(\sum _{i \in \mathit{inst(a)} \mathit{FC\mathit{^{\times(i)\)
\newline \newline The $\mathit{\times$ indicates that the PPI can take multiple forms, in this case, $\mathit{\times \in \{\mathit{sgl, \mathit{sum\}$. If $\mathit{\times = \mathit{sgl$, then the function considers single events of activity instances for cost calculations, i.e., it uses $\mathit{FC\mathit{^{sgl$; if $\mathit{\times = \mathit{sum$, then the function considers the sum of all events of activity instances for cost calculations, i.e., it uses $\mathit{FC\mathit{^{sum$."	Sum of fixed cost of all instantiations of an activity in the event log.	Event log in which fixed cost information is recorded.	$act$ – Event attribute: activity ; $actinst$ – Event attribute: activity instance ; $fc$ – Event attribute: fixed cost ; $type$ – Event attribute: lifecycle type		Minimizing fixed cost is desirable.	MIN	\(\sum _{i \in \mathit{inst(a)} \mathit{FC(i)\)	"\(\mathit{inst(a)\) returns the set of all instances of activity \(a\).
\newline \(\mathit{FC(i)\) returns the fixed cost of activity instance \(i\). \\"	RN4155; RN4146	Haberberger (2019); Karadgi (2014)
Fixed Cost (case granularity)	fixed-cost-case-granularity-c-c	C	C	\(c \in C\)	"\(\mathit{FC\mathit{^{\times(c)\) 
\newline \newline \(\mathit{\times \in \{\mathit{sgl, \mathit{sum\}\)"	"\(\sum _{i \in \mathit{inst(c)} \mathit{FC\mathit{^{\times(i)\)
\newline \newline The $\mathit{\times$ indicates that the PPI can take multiple forms, in this case, $\mathit{\times \in \{\mathit{sgl, \mathit{sum\}$. If $\mathit{\times = \mathit{sgl$, then the function considers single events of activity instances for cost calculations, i.e., it uses $\mathit{FC\mathit{^{sgl$; if $\mathit{\times = \mathit{sum$, then the function considers the sum of all events of activity instances for cost calculations, i.e., it uses $\mathit{FC\mathit{^{sum$."	Sum of fixed cost of all activity instances of a case.	Event log in which fixed cost information is recorded.	$actinst$ – Event attribute: activity instance ; $case$ – Event attribute: case id ; $fc$ – Event attribute: fixed cost ; $type$ – Event attribute: lifecycle type		Minimizing fixed cost is desirable.	MIN	\(\sum _{i \in \mathit{inst(c)} \mathit{FC(i)\)	"\(\mathit{inst(c)\) returns the set of all activity instances in case \(c\).
\newline \(\mathit{FC(i)\) returns the fixed cost of activity instance \(i\). \\"	RN4155; RN4146	Haberberger (2019); Karadgi (2014)
Fixed Cost (group of cases granularity)	fixed-cost-group-of-cases-granularity-c-g	C	G	\(g \subseteq C \colon\) \newline \(g \neq \emptyset\)	"\(\mathit{FC\mathit{^{\times(g)\) 
\newline \newline \(\mathit{\times \in \{\mathit{sgl, \mathit{sum\}\)"	"\(\sum _{c \in g} \mathit{FC\mathit{^{\times(c)\)
\newline \newline The $\mathit{\times$ indicates that the PPI can take multiple forms, in this case, $\mathit{\times \in \{\mathit{sgl, \mathit{sum\}$. If $\mathit{\times = \mathit{sgl$, then the function considers single events of activity instances for cost calculations, i.e., it uses $\mathit{FC\mathit{^{sgl$; if $\mathit{\times = \mathit{sum$, then the function considers the sum of all events of activity instances for cost calculations, i.e., it uses $\mathit{FC\mathit{^{sum$."	Sum of fixed cost of all activity instances of a group of cases.	Event log in which fixed cost information is recorded.	$actinst$ – Event attribute: activity instance ; $case$ – Event attribute: case id ; $fc$ – Event attribute: fixed cost ; $type$ – Event attribute: lifecycle type		Minimizing fixed cost is desirable.	MIN	\(\sum _{c \in g} \mathit{FC(c)\)	\(\mathit{FC(c)\) returns the fixed cost for case \(c\). \\	RN4155; RN4146	Haberberger (2019); Karadgi (2014)
Fixed Cost considering single events of activity instances (activity instance granularity)	fixed-cost-considering-single-events-of-activity-instances-activity-instance-granularity-c-i	C	I	\(i \in I\)	\(\mathit{FC\mathit{^{sgl(i)\)	"\(\begin{cases}
#^{}_{\mathit{fc}(\mathit{cpl(i)) & \mathit{if \  #^{}_{\mathit{fc}(\mathit{cpl(i)) \neq \bot"	Fixed cost associated with an activity instance, measured as the latest recorded value among the events of the activity instance.	Event log in which fixed cost information is recorded.	$actinst$ – Event attribute: activity instance ; $fc$ – Event attribute: fixed cost ; $type$ – Event attribute: lifecycle type		Minimizing fixed cost is desirable.	MIN	\(\begin{cases} #^{}_{\mathit{fc}(\mathit{cpl(i)) & \mathit{if \  #^{}_{\mathit{fc}(\mathit{cpl(i)) \neq undefined \\ #^{}_{\mathit{fc}(\mathit{str(i)) & \mathit{if \  #^{}_{\mathit{fc}(\mathit{cpl(i)) = undefined \land #^{}_{\mathit{fc}(\mathit{str(i)) \neq undefined \\ undefined & \mathit{if \  #^{}_{\mathit{fc}(\mathit{cpl(i)) = undefined \land #^{}_{\mathit{fc}(\mathit{str(i)) = undefined \\ \end{cases}\)	"\(#^{}_{\mathit{fc}\) returns the fixed cost associated with an event.
\newline \(\mathit{cpl(i)\) returns the completion event of activity instance \(i\).
\newline \(\mathit{str(i)\) returns the start event of activity instance \(i\). \\"	RN4155; RN4146	Haberberger (2019); Karadgi (2014)
Fixed Cost considering the sum of all events of activity instances (activity instance granularity)	fixed-cost-considering-the-sum-of-all-events-of-activity-instances-activity-instance-granularity-c-i	C	I	\(i \in I\)	\(\mathit{FC\mathit{^{sum(i)\)	"\(\begin{cases}
#^{}_{\mathit{fc}(\mathit{str(i)) + & \\ #^{}_{\mathit{fc}(\mathit{cpl(i)) & \mathit{if \  #^{}_{\mathit{fc}(\mathit{cpl(i)) \neq \bot \land #^{}_{\mathit{fc}(\mathit{str(i)) \neq \bot"	Fixed cost associated with an activity instance, measured as the sum of all values among the events of the activity instance.	Event log in which fixed cost information is recorded.	$actinst$ – Event attribute: activity instance ; $fc$ – Event attribute: fixed cost ; $type$ – Event attribute: lifecycle type		Minimizing fixed cost is desirable.	MIN	\(\begin{cases} #^{}_{\mathit{fc}(\mathit{str(i)) + & \\ #^{}_{\mathit{fc}(\mathit{cpl(i)) & \mathit{if \  #^{}_{\mathit{fc}(\mathit{cpl(i)) \neq undefined \land #^{}_{\mathit{fc}(\mathit{str(i)) \neq undefined \\ undefined & \mathit{if \  #^{}_{\mathit{fc}(\mathit{cpl(i)) = undefined \lor #^{}_{\mathit{fc}(\mathit{str(i)) = undefined \\ \end{cases}\)	"\(#^{}_{\mathit{fc}\) returns the fixed cost associated with an event.
\newline \(\mathit{str(i)\) returns the start event of activity instance \(i\).
\newline \(\mathit{cpl(i)\) returns the completion event of activity instance \(i\). \\"	RN4155; RN4146	Haberberger (2019); Karadgi (2014)
Handover count (case granularity)	handover-count-case-granularity-t-c	T	C	\(c \in C\)	\(\mathit{H(c)\)	\(\sum _{i \in \mathit{inst(c)} \mathit{dres(i)\)	Number of times that the human resource associated with an activity instance differs from the human resource associated with the preceding activity instance within a case.	If actual time spent on a case is not of interest, Handover count can be used as a workload estimation within the time dimension.	$actinst$ – Event attribute: activity instance ; $case$ – Event attribute: case id ; $hres$ – Event attribute: human resource ; $type$ – Event attribute: lifecycle type		Reducing the times that work handover occurs is desirable.	MIN	\(\sum_{i \in \mathit{inst(c)} \mathit{dres(i)\)	"Here, \(\mathit{inst(c)\) is the set of activity instances in case \(c\), \newline \(\mathit{dres(i)\) returns the number of distinct resources involved in the execution of activity instance \(i\). 
\newline The formula sums these values to obtain the total handovers in case \(c\). \\"	RN4134	van den Ingh (2016)
Human Resource and Case count Ratio (group of cases granularity)	human-resource-and-case-count-ratio-group-of-cases-granularity-c-g	C	G	\(g \subseteq C \colon\) \newline \(g \neq \emptyset\)	\(\mathit{HRCR(g)\)	\(\frac{\mathit{HR(g)}{\mathit{C(g)}\)	Ratio between the number of human resources that are involved in the execution of cases in a group of cases, and the number of cases belonging to a group of cases.	Event log in which the optimal allocation of human resources to cases allows an improvement in cost performance.	$case$ – Event attribute: case id ; $hres$ – Event attribute: human resource		Minimizing the number of human resources per case is desirable.	MIN	\(\frac{\mathit{HR(g)}{\mathit{C(g)}\)	"\(\mathit{HR(g)\) returns the number of unique human resources involved in group \(g\).
\newline \(\mathit{C(g)\) returns the number of cases in group \(g\). \\"	RN4304	Longo and Motta (2005)
Human Resource count (activity granularity)	human-resource-count-activity-granularity-c-a	C	A	\(a \in A\)	\(\mathit{HR(a)\)	\(|\mathit{hres(a)|\)	Number of human resources that are involved in the execution of an activity.	If the event log does not contain cost information, Human Resource count can be used as a proxy for the cost performance of an activity.	$act$ – Event attribute: activity  ; $hres$ – Event attribute: human resource		Minimizing the number of human resources involved is desirable.	MIN	\(\mathit{count(\mathit{hres(a))\)	$\mathit{hres(a)$ returns the set of human resources that perform activity $a$ in the event log. \\	RN4125; RN4159; RN4134	Cho et al. (2020); Berk (2010); van den Ingh (2016)
Human Resource count (case granularity)	human-resource-count-case-granularity-c-c	C	C	\(c \in C\)	\(\mathit{HR(c)\)	\(|\mathit{hres(c)|\)	Number of human resources that are involved in the execution of a case.	If the event log does not contain cost information, Human Resource count can be used as a proxy for the cost performance of a case.	$case$ – Event attribute: case id ; $hres$ – Event attribute: human resource		Minimizing the number of human resources involved is desirable.	MIN	\(\mathit{count(\mathit{hres(c))\)	$\mathit{hres(c)$ returns the set of human resources that work in case $c$. \\	RN4125; RN4159; RN4134	Cho et al. (2020); Berk (2010); van den Ingh (2016)
Human Resource count (group of cases granularity)	human-resource-count-group-of-cases-granularity-c-g	C	G	\(g \subseteq C \colon\) \newline \(g \neq \emptyset\)	\(\mathit{HR(g)\)	\(|\cup_{c \in g} \mathit{hres(c)|\)	Number of human resources that are involved in the execution of a group of cases.	If the event log does not contain cost information, Human Resource count can be used as a proxy for the cost performance of a group of cases.	$case$ – Event attribute: case id ; $hres$ – Event attribute: human resource		Minimizing the number of human resources involved is desirable.	MIN	\(\mathit{count(\mathit{hres(g))\)	$\mathit{hres(g)$ returns the set of human resources that work in group of cases $g$. \\	RN4125; RN4159; RN4134	Cho et al. (2020); Berk (2010); van den Ingh (2016)
Human Resource count (activity granularity)	human-resource-count-activity-granularity-f-a	F	A	\(a \in A\)	\(\mathit{HR(a)\)	\(|\mathit{hres(a)|\)	Number of human resources that are involved in the execution of an activity in the event log.	Human Resource count can be used as a proxy to measure the flexibility of a process.	$act$ – Event attribute: activity  ; $hres$ – Event attribute: human resource		Maximizing the number of human resources involved is desirable, as it implies a greater capability to address unexpected situations.	MAX	\(\mathit{count(\mathit{hres(a))\)	$\mathit{hres(a)$ returns the set of human resources that perform activity $a$ in the event log. \\	RN4125; RN4159; RN4134	Cho et al. (2020); Berk (2010); van den Ingh (2016)
Human Resource count (case granularity)	human-resource-count-case-granularity-f-c	F	C	\(c \in C\)	\(\mathit{HR(c)\)	\(|\mathit{hres(c)|\)	Number of human resources that are involved in the execution of a case.	Human Resource count can be used as a proxy to measure the flexibility of a process.	$case$ – Event attribute: case id ; $hres$ – Event attribute: human resource		Maximizing the number of human resources involved is desirable, as it implies a greater capability to address unexpected situations.	MAX	\(\mathit{count(\mathit{hres(c))\)	$\mathit{hres(c)$ returns the set of human resources that work in case $c$. \\	RN4125; RN4159; RN4134	Cho et al. (2020); Berk (2010); van den Ingh (2016)
Human Resource count (group of cases granularity)	human-resource-count-group-of-cases-granularity-f-g	F	G	\(g \subseteq C \colon\) \newline \(g \neq \emptyset\)	\(\mathit{HR(g)\)	\(|\cup_{c \in g} \mathit{hres(c)|\)	Number of human resources that are involved in the execution of a group of cases.	Human Resource count can be used as a proxy to measure the flexibility of a process.	$case$ – Event attribute: case id ; $hres$ – Event attribute: human resource		Maximizing the number of human resources involved is desirable, as it implies a greater capability to address unexpected situations.	MAX	\(\mathit{count(\mathit{hres(g))\)	$\mathit{hres(g)$ returns the set of human resources that work in group of cases $g$. \\	RN4125; RN4159; RN4134	Cho et al. (2020); Berk (2010); van den Ingh (2016)
Human Resource count (activity granularity)	human-resource-count-activity-granularity-g-a	G	A	\(a \in A\)	\(\mathit{HR(a)\)	\(|\mathit{hres(a)|\)	Number of human resources that are involved in the execution of an activity in the event log.	Calculation of several other PPIs.	$act$ – Event attribute: activity  ; $hres$ – Event attribute: human resource			N/A	\(\mathit{count(\mathit{hres(a))\)	$\mathit{hres(a)$ returns the set of human resources that perform activity $a$ in the event log. \\	RN4125; RN4159; RN4134	Cho et al. (2020); Berk (2010); van den Ingh (2016)
Human Resource count (case granularity)	human-resource-count-case-granularity-g-c	G	C	\(c \in C\)	\(\mathit{HR(c)\)	\(|\mathit{hres(c)|\)	Number of human resources that are involved in the execution of a case.	Calculation of several other PPIs.	$case$ – Event attribute: case id ; $hres$ – Event attribute: human resource			N/A	\(\mathit{count(\mathit{hres(c))\)	$\mathit{hres(c)$ returns the set of human resources that work in case $c$. \\	RN4125; RN4159; RN4134	Cho et al. (2020); Berk (2010); van den Ingh (2016)
Human Resource count (group of cases granularity)	human-resource-count-group-of-cases-granularity-g-g	G	G	\(g \subseteq C \colon\) \newline \(g \neq \emptyset\)	\(\mathit{HR(g)\)	\(|\cup_{c \in g} \mathit{hres(c)|\)	Number of human resources that are involved in the execution of a group of cases.	Calculation of several other PPIs.	$case$ – Event attribute: case id ; $hres$ – Event attribute: human resource			N/A	\(\mathit{count(\mathit{hres(g))\)	$\mathit{hres(g)$ returns the set of human resources that work in group of cases $g$. \\	RN4125; RN4159; RN4134	Cho et al. (2020); Berk (2010); van den Ingh (2016)
Human Resource count (activity granularity)	human-resource-count-activity-granularity-q-a	Q	A	\(a \in A\)	\(\mathit{HR(a)\)	\(|\mathit{hres(a)|\)	Number of human resources that are involved in the execution of an activity in the event log.	Human Resource count can be used as a proxy to measure the quality of the process.	$act$ – Event attribute: activity  ; $hres$ – Event attribute: human resource		Minimizing the number of human resources involved is desirable, as it reduces the possibility of errors due to, e.g., handovers of work.	MIN	\(\mathit{count(\mathit{hres(a))\)	$\mathit{hres(a)$ returns the set of human resources that perform activity $a$ in the event log. \\	RN4125; RN4159; RN4134	Cho et al. (2020); Berk (2010); van den Ingh (2016)
Human Resource count (case granularity)	human-resource-count-case-granularity-q-c	Q	C	\(c \in C\)	\(\mathit{HR(c)\)	\(|\mathit{hres(c)|\)	Number of human resources that are involved in the execution of a case.	Human Resource count can be used as a proxy to measure the quality of the process.	$case$ – Event attribute: case id ; $hres$ – Event attribute: human resource		Minimizing the number of human resources involved is desirable, as it reduces the possibility of errors due to, e.g., handovers of work.	MIN	\(\mathit{count(\mathit{hres(c))\)	$\mathit{hres(c)$ returns the set of human resources that work in case $c$. \\	RN4125; RN4159; RN4134	Cho et al. (2020); Berk (2010); van den Ingh (2016)
Human Resource count (group of cases granularity)	human-resource-count-group-of-cases-granularity-q-g	Q	G	\(g \subseteq C \colon\) \newline \(g \neq \emptyset\)	\(\mathit{HR(g)\)	\(|\cup_{c \in g} \mathit{hres(c)|\)	Number of human resources that are involved in the execution of cases in a group of cases.	Human Resource count can be used as a proxy to measure the quality of the process.	$case$ – Event attribute: case id ; $hres$ – Event attribute: human resource		Minimizing the number of human resources involved is desirable, as it reduces the possibility of errors due to, e.g., handovers of work.	MIN	\(\mathit{count(\mathit{hres(g))\)	$\mathit{hres(g)$ returns the set of human resources that work in group of cases $g$. \\	RN4125; RN4159; RN4134	Cho et al. (2020); Berk (2010); van den Ingh (2016)
Idle Time (case granularity)	idle-time-case-granularity-t-c	T	C	\(c \in C\)	\(\mathit{IT(c)\)	"\(\sum _{i \in \mathit{inst(c)} \begin{cases}
\frac{\mathit{WT(i)}{|\mathit{concstr(i)|} & \mathit{if \  \mathit{prevstr(i) = \emptyset"	Sum of time periods in which no activity instance is executed during a case.	Event log that contains lifecycle information for activity instances in which the time the case is inactive is of interest.	$actinst$ – Event attribute: activity instance ; $case$ – Event attribute: case id ; $time$ – Event attribute: timestamp ; $type$ – Event attribute: lifecycle type		Minimizing idle time is desirable.	MIN	"\(\sum_{i \in \mathit{inst(c)} 
\begin{cases}
\frac{\mathit{WT(i)}{|\mathit{concstr(i)|} & \text{if } \mathit{prevstr(i) = \emptyset \\
0 & \text{if } \mathit{prevstr(i) \neq \emptyset
\end{cases}\)"	"$\mathit{inst(c)$ returns the set of activity instances that occur in case $c$.
\newline $\mathit{WT(i)$ returns the waiting time of activity instance $i$.
\newline $\mathit{concstr(i)$ returns the set of concurrent structures (parallel branches) related to instance $i$.
\newline $\mathit{prevstr(i)$ returns the preceding structure of activity instance $i$.\\"	RN4306; RN4150; RN4298	Chimhamhiwa et al. (2009); de Kort (2015); Korherr and List (2007)
Inventory Cost (activity granularity)	inventory-cost-activity-granularity-c-a	C	A	\(a \in A\)	"\(\mathit{IC\mathit{^{\times(a)\) 
\newline \newline \(\mathit{\times \in \{\mathit{sgl, \mathit{sum\}\)"	"\(\sum _{i \in \mathit{inst(a)} \mathit{IC\mathit{^{\times(i)\)
\newline \newline The $\mathit{\times$ indicates that the PPI can take multiple forms, in this case, $\mathit{\times \in \{\mathit{sgl, \mathit{sum\}$. If $\mathit{\times = \mathit{sgl$, then the function considers single events of activity instances for cost calculations, i.e., it uses $\mathit{IC\mathit{^{sgl$; if $\mathit{\times = \mathit{sum$, then the function considers the sum of all events of activity instances for cost calculations, i.e., it uses $\mathit{IC\mathit{^{sum$."	Inventory cost associated with all instantiations of an activity in the event log.	Event log in which inventory cost information is recorded.	$act$ – Event attribute: activity ; $actinst$ – Event attribute: activity instance ; $ic$ – Event attribute: inventory cost ; $type$ – Event attribute: lifecycle type		Minimizing inventory cost is desirable.	MIN	\(\sum _{i \in \mathit{inst(a)} \mathit{IC(i)\)	"\(\mathit{inst(a)\) returns the set of all instances of activity \(a\).
\newline \(\mathit{IC(i)\) returns the inventory cost of activity instance \(i\). \\"	RN4311; RN4309; RN4131; RN4299	Bhagwat and Sharma (2007); Gunasekaran and Kobu (2007); Kis et al. (2017); Herzog (2006)
Inventory Cost (case granularity)	inventory-cost-case-granularity-c-c	C	C	\(c \in C\)	"\(\mathit{IC\mathit{^{\times(c)\) 
\newline \newline \(\mathit{\times \in \{\mathit{sgl, \mathit{sum\}\)"	"\(\sum _{i \in \mathit{inst(c)} \mathit{IC\mathit{^{\times(i)\)
\newline \newline The $\mathit{\times$ indicates that the PPI can take multiple forms, in this case, $\mathit{\times \in \{\mathit{sgl, \mathit{sum\}$. If $\mathit{\times = \mathit{sgl$, then the function considers single events of activity instances for cost calculations, i.e., it uses $\mathit{IC\mathit{^{sgl$; if $\mathit{\times = \mathit{sum$, then the function considers the sum of all events of activity instances for cost calculations, i.e., it uses $\mathit{IC\mathit{^{sum$."	Inventory cost associated with all activity instances of a case.	Event log in which inventory cost information is recorded.	$actinst$ – Event attribute: activity instance ; $case$ – Event attribute: case id ; $ic$ – Event attribute: inventory cost ; $type$ – Event attribute: lifecycle type		Minimizing inventory cost is desirable.	MIN	\(\sum _{i \in \mathit{inst(c)} \mathit{IC(i)\)	"\(\mathit{inst(c)\) returns the set of all activity instances in case \(c\).
\newline \(\mathit{IC(i)\) returns the inventory cost of activity instance \(i\). \\"	RN4311; RN4309; RN4131; RN4299	Bhagwat and Sharma (2007); Gunasekaran and Kobu (2007); Kis et al. (2017); Herzog (2006)
Inventory Cost (group of cases granularity)	inventory-cost-group-of-cases-granularity-c-g	C	G	\(g \subseteq C \colon\) \newline \(g \neq \emptyset\)	"\(\mathit{IC\mathit{^{\times(g)\) 
\newline \newline \(\mathit{\times \in \{\mathit{sgl, \mathit{sum\}\)"	"\(\sum _{c \in g} \mathit{IC\mathit{^{\times(c)\)
\newline \newline The $\mathit{\times$ indicates that the PPI can take multiple forms, in this case, $\mathit{\times \in \{\mathit{sgl, \mathit{sum\}$. If $\mathit{\times = \mathit{sgl$, then the function considers single events of activity instances for cost calculations, i.e., it uses $\mathit{IC\mathit{^{sgl$; if $\mathit{\times = \mathit{sum$, then the function considers the sum of all events of activity instances for cost calculations, i.e., it uses $\mathit{IC\mathit{^{sum$."	Inventory cost associated with all activity instances of a group of cases.	Event log in which inventory cost information is recorded.	$actinst$ – Event attribute: activity instance ; $case$ – Event attribute: case id ; $ic$ – Event attribute: inventory cost ; $type$ – Event attribute: lifecycle type		Minimizing inventory cost is desirable.	MIN	\(\sum _{c \in g} \mathit{IC(c)\)	\(\mathit{IC(c)\) returns the inventory cost for case \(c\). \\	RN4311; RN4309; RN4131; RN4299	Bhagwat and Sharma (2007); Gunasekaran and Kobu (2007); Kis et al. (2017); Herzog (2006)
Inventory Cost considering single events of activity instances (activity instance granularity)	inventory-cost-considering-single-events-of-activity-instances-activity-instance-granularity-c-i	C	I	\(i \in I\)	\(\mathit{IC\mathit{^{sgl(i)\)	"\(\begin{cases}
#^{}_{\mathit{ic}(\mathit{cpl(i)) & \mathit{if \  #^{}_{\mathit{ic}(\mathit{cpl(i)) \neq \bot"	Inventory cost associated with an activity instance, measured as the latest recorded value among the events of the activity instance.	Event log in which inventory cost information is recorded.	$actinst$ – Event attribute: activity instance ; $ic$ – Event attribute: inventory cost ; $type$ – Event attribute: lifecycle type		Minimizing inventory cost is desirable.	MIN	\(\begin{cases} #^{}_{\mathit{ic}(\mathit{cpl(i)) & \mathit{if \  #^{}_{\mathit{ic}(\mathit{cpl(i)) \neq undefined \\ #^{}_{\mathit{ic}(\mathit{str(i)) & \mathit{if \  #^{}_{\mathit{ic}(\mathit{cpl(i)) = undefined \land #^{}_{\mathit{ic}(\mathit{str(i)) \neq undefined \\ undefined & \mathit{if \  #^{}_{\mathit{ic}(\mathit{cpl(i)) = undefined \land #^{}_{\mathit{ic}(\mathit{str(i)) = undefined \\ \end{cases}\)	"\(#^{}_{\mathit{ic}\) returns the inventory cost associated with an event.
\newline \(\mathit{cpl(i)\) returns the completion event of activity instance \(i\).
\newline \(\mathit{str(i)\) returns the start event of activity instance \(i\). \\"	RN4311; RN4309; RN4131; RN4299	Bhagwat and Sharma (2007); Gunasekaran and Kobu (2007); Kis et al. (2017); Herzog (2006)
Inventory Cost considering the sum of all events of activity instances (activity instance granularity)	inventory-cost-considering-the-sum-of-all-events-of-activity-instances-activity-instance-granularity-c-i	C	I	\(i \in I\)	\(\mathit{IC\mathit{^{sum(i)\)	"\(\begin{cases}
#^{}_{\mathit{ic}(\mathit{str(i)) + & \\ #^{}_{\mathit{ic}(\mathit{cpl(i)) & \mathit{if \  #^{}_{\mathit{ic}(\mathit{cpl(i)) \neq \bot \land #^{}_{\mathit{ic}(\mathit{str(i)) \neq \bot"	Inventory cost associated with an activity instance, measured as the sum of all values among the events of the activity instance.	Event log in which inventory cost information is recorded.	$actinst$ – Event attribute: activity instance ; $ic$ – Event attribute: inventory cost ; $type$ – Event attribute: lifecycle type		Minimizing inventory cost is desirable.	MIN	\(\begin{cases} #^{}_{\mathit{ic}(\mathit{str(i)) + & \\ #^{}_{\mathit{ic}(\mathit{cpl(i)) & \mathit{if \  #^{}_{\mathit{ic}(\mathit{cpl(i)) \neq undefined \land #^{}_{\mathit{ic}(\mathit{str(i)) \neq undefined \\ undefined & \mathit{if \  #^{}_{\mathit{ic}(\mathit{cpl(i)) = undefined \lor #^{}_{\mathit{ic}(\mathit{str(i)) = undefined \\ \end{cases}\)	"\(#^{}_{\mathit{ic}\) returns the inventory cost associated with an event.
\newline \(\mathit{str(i)\) returns the start event of activity instance \(i\).
\newline \(\mathit{cpl(i)\) returns the completion event of activity instance \(i\). \\"	RN4311; RN4309; RN4131; RN4299	Bhagwat and Sharma (2007); Gunasekaran and Kobu (2007); Kis et al. (2017); Herzog (2006)
Labor Cost (activity granularity)	labor-cost-activity-granularity-c-a	C	A	\(a \in A\)	"\(\mathit{LC\mathit{^{\times(a)\) 
\newline \newline \(\mathit{\times \in \{\mathit{sgl, \mathit{sum\}\)"	"\(\sum _{i \in \mathit{inst(a)} \mathit{LC\mathit{^{\times(i)\)
\newline \newline The $\mathit{\times$ indicates that the PPI can take multiple forms, in this case, $\mathit{\times \in \{\mathit{sgl, \mathit{sum\}$. If $\mathit{\times = \mathit{sgl$, then the function considers single events of activity instances for cost calculations, i.e., it uses $\mathit{LC\mathit{^{sgl$; if $\mathit{\times = \mathit{sum$, then the function considers the sum of all events of activity instances for cost calculations, i.e., it uses $\mathit{LC\mathit{^{sum$."	Labor cost associated with all instantiations of the activity in the event log.	Event log in which labor cost information is recorded.	$act$ – Event attribute: activity ; $actinst$ – Event attribute: activity instance ; $lc$ – Event attribute: labor cost ; $type$ – Event attribute: lifecycle type		Minimizing labor cost is desirable.	MIN	\(\sum _{i \in \mathit{inst(a)} \mathit{LC(i)\)	"\(\mathit{inst(a)\) returns the set of all instances of activity \(a\).
\newline \(\mathit{LC(i)\) returns the labor cost of activity instance \(i\). \\"	RN4134; RN4131; RN4155; RN4159	van den Ingh (2016); Kis et al. (2017); Haberberger (2019); Berk (2010)
Labor Cost (case granularity)	labor-cost-case-granularity-c-c	C	C	\(c \in C\)	"\(\mathit{LC\mathit{^{\times(c)\) 
\newline \newline \(\mathit{\times \in \{\mathit{sgl, \mathit{sum\}\)"	"\(\sum _{i \in \mathit{inst(c)} \mathit{LC\mathit{^{\times(i)\)
\newline \newline The $\mathit{\times$ indicates that the PPI can take multiple forms, in this case, $\mathit{\times \in \{\mathit{sgl, \mathit{sum\}$. If $\mathit{\times = \mathit{sgl$, then the function considers single events of activity instances for cost calculations, i.e., it uses $\mathit{LC\mathit{^{sgl$; if $\mathit{\times = \mathit{sum$, then the function considers the sum of all events of activity instances for cost calculations, i.e., it uses $\mathit{LC\mathit{^{sum$."	Labor cost associated with all activity instances of a case.	Event log in which labor cost information is recorded.	$actinst$ – Event attribute: activity instance ; $case$ – Event attribute: case id ; $lc$ – Event attribute: labor cost ; $type$ – Event attribute: lifecycle type		Minimizing labor cost is desirable.	MIN	\(\sum _{i \in \mathit{inst(c)} \mathit{LC(i)\)	"\(\mathit{inst(c)\) returns the set of all activity instances in case \(c\).
\newline \(\mathit{LC(i)\) returns the labor cost of activity instance \(i\). \\"	RN4134; RN4131; RN4155; RN4159	van den Ingh (2016); Kis et al. (2017); Haberberger (2019); Berk (2010)
Labor Cost (group of cases granularity)	labor-cost-group-of-cases-granularity-c-g	C	G	\(g \subseteq C \colon\) \newline \(g \neq \emptyset\)	"\(\mathit{LC\mathit{^{\times(g)\) 
\newline \newline \(\mathit{\times \in \{\mathit{sgl, \mathit{sum\}\)"	"\(\sum _{c \in g} \mathit{LC\mathit{^{\times(c)\)
\newline \newline The $\mathit{\times$ indicates that the PPI can take multiple forms, in this case, $\mathit{\times \in \{\mathit{sgl, \mathit{sum\}$. If $\mathit{\times = \mathit{sgl$, then the function considers single events of activity instances for cost calculations, i.e., it uses $\mathit{LC\mathit{^{sgl$; if $\mathit{\times = \mathit{sum$, then the function considers the sum of all events of activity instances for cost calculations, i.e., it uses $\mathit{LC\mathit{^{sum$."	Labor cost associated with all activity instances of a group of cases.	Event log in which labor cost information is recorded.	$actinst$ – Event attribute: activity instance ; $case$ – Event attribute: case id ; $lc$ – Event attribute: labor cost ; $type$ – Event attribute: lifecycle type		Minimizing labor cost is desirable.	MIN	\(\sum _{c \in g} \mathit{LC(c)\)	\(\mathit{LC(c)\) returns the labor cost for case \(c\). \\	RN4134; RN4131; RN4155; RN4159	van den Ingh (2016); Kis et al. (2017); Haberberger (2019); Berk (2010)
Labor Cost and Total Cost Ratio (activity granularity)	labor-cost-and-total-cost-ratio-activity-granularity-c-a	C	A	\(a \in A\)	"\(\mathit{LCTCR\mathit{^{\times(a)\) 
\newline \newline \(\mathit{\times \in \{\mathit{sgl, \mathit{sum\}\)"	"\(\frac{\mathit{LC\mathit{^{\times(a)}{\mathit{TC\mathit{^{\times(a)}\)
\newline \newline The $\mathit{\times$ indicates that the PPI can take multiple forms, in this case, $\mathit{\times \in \{\mathit{sgl, \mathit{sum\}$. If $\mathit{\times = \mathit{sgl$, then the function considers single events of activity instances for cost calculations, i.e., it uses $\mathit{LC\mathit{^{sgl$ and $\mathit{TC\mathit{^{sgl$; if $\mathit{\times = \mathit{sum$, then the function considers the sum of all events of activity instances for cost calculations, i.e., it uses $\mathit{LC\mathit{^{sum$ and $\mathit{TC\mathit{^{sum$."	Ratio between the labor cost associated with all instantiations of an activity in the event log, and the total cost associated with all instantiations of an activity in the event log.	Event log in which both labor and total cost information are recorded.	$act$ – Event attribute: activity ; $actinst$ – Event attribute: activity instance ; $lc$ – Event attribute: labor cost ; $tc$ – Event attribute: total cost ; $type$ – Event attribute: lifecycle type		Minimizing the cost associated with human resources is desirable.	MIN	\(\frac{\mathit{LC(a)}{\mathit{TC(a)}\)	"\(\mathit{LC(a)\) returns the total labor cost of activity \(a\).
\newline \(\mathit{TC(a)\) returns the total cost of activity \(a\). \\"	RN4131	Kis et al. (2017)
Labor Cost and Total Cost Ratio (case granularity)	labor-cost-and-total-cost-ratio-case-granularity-c-c	C	C	\(c \in C\)	"\(\mathit{LCTCR\mathit{^{\times(c)\) 
\newline \newline \(\mathit{\times \in \{\mathit{sgl, \mathit{sum\}\)"	"\(\frac{\mathit{LC\mathit{^{\times(c)}{\mathit{TC\mathit{^{\times(c)}\)
\newline \newline The $\mathit{\times$ indicates that the PPI can take multiple forms, in this case, $\mathit{\times \in \{\mathit{sgl, \mathit{sum\}$. If $\mathit{\times = \mathit{sgl$, then the function considers single events of activity instances for cost calculations, i.e., it uses $\mathit{LC\mathit{^{sgl$ and $\mathit{TC\mathit{^{sgl$; if $\mathit{\times = \mathit{sum$, then the function considers the sum of all events of activity instances for cost calculations, i.e., it uses $\mathit{LC\mathit{^{sum$ and $\mathit{TC\mathit{^{sum$."	Ratio between the labor cost associated with all activity instances of a case, and the total cost associated with all activity instances of a case.	Event log in which both labor and total cost information are recorded.	$actinst$ – Event attribute: activity instance ; $case$ – Event attribute: case id ; $lc$ – Event attribute: labor cost ; $tc$ – Event attribute: total cost ; $type$ – Event attribute: lifecycle type		Minimizing the cost associated with human resources is desirable.	MIN	\(\frac{\mathit{LC(c)}{\mathit{TC(c)}\)	"\(\mathit{LC(c)\) returns the total labor cost of case \(c\).
\newline \(\mathit{TC(c)\) returns the total cost of case \(c\). \\"	RN4131	Kis et al. (2017)
Labor Cost and Total Cost Ratio (group of cases granularity)	labor-cost-and-total-cost-ratio-group-of-cases-granularity-c-g	C	G	\(g \subseteq C \colon\) \newline \(g \neq \emptyset\)	"\(\mathit{LCTCR\mathit{^{\times(g)\) 
\newline \newline \(\mathit{\times \in \{\mathit{sgl, \mathit{sum\}\)"	"\(\frac{\mathit{LC\mathit{^{\times(g)}{\mathit{TC\mathit{^{\times(g)}\)
\newline \newline The $\mathit{\times$ indicates that the PPI can take multiple forms, in this case, $\mathit{\times \in \{\mathit{sgl, \mathit{sum\}$. If $\mathit{\times = \mathit{sgl$, then the function considers single events of activity instances for cost calculations, i.e., it uses $\mathit{LC\mathit{^{sgl$ and $\mathit{TC\mathit{^{sgl$; if $\mathit{\times = \mathit{sum$, then the function considers the sum of all events of activity instances for cost calculations, i.e., it uses $\mathit{LC\mathit{^{sum$ and $\mathit{TC\mathit{^{sum$."	Ratio between the labor cost associated with all activity instances of a group of cases, and the total cost associated with all activity instances of a group of cases.	Event log in which both labor and total cost information are recorded.	$actinst$ – Event attribute: activity instance ; $case$ – Event attribute: case id ; $lc$ – Event attribute: labor cost ; $tc$ – Event attribute: total cost ; $type$ – Event attribute: lifecycle type		Minimizing the cost associated with human resources is desirable.	MIN	\(\frac{\mathit{LC(g)}{\mathit{TC(g)}\)	"\(\mathit{LC(g)\) returns the total labor cost of case group \(g\).
\newline \(\mathit{TC(g)\) returns the total cost of case group \(g\). \\"	RN4131	Kis et al. (2017)
Labor Cost and Total Cost Ratio (activity instance granularity)	labor-cost-and-total-cost-ratio-activity-instance-granularity-c-i	C	I	\(i \in I\)	"\(\mathit{LCTCR\mathit{^{\times(i)\) 
\newline \newline \(\mathit{\times \in \{\mathit{sgl, \mathit{sum\}\)"	"\(\frac{\mathit{LC\mathit{^{\times(i)}{\mathit{TC\mathit{^{\times(i)}\)
\newline \newline The $\mathit{\times$ indicates that the PPI can take multiple forms, in this case, $\mathit{\times \in \{\mathit{sgl, \mathit{sum\}$. If $\mathit{\times = \mathit{sgl$, then the function considers single events of activity instances for cost calculations, i.e., it uses $\mathit{LC\mathit{^{sgl$ and $\mathit{TC\mathit{^{sgl$; if $\mathit{\times = \mathit{sum$, then the function considers the sum of all events of activity instances for cost calculations, i.e., it uses $\mathit{LC\mathit{^{sum$ and $\mathit{TC\mathit{^{sum$."	Ratio between the labor cost associated with an activity instance and the total cost associated with an activity instance.	Event log in which both labor and total cost information are recorded.	$actinst$ – Event attribute: activity instance ; $lc$ – Event attribute: labor cost ; $tc$ – Event attribute: total cost ; $type$ – Event attribute: lifecycle type		Minimizing the cost associated with human resources is desirable.	MIN	\(\frac{\mathit{LC(i)}{\mathit{TC(i)}\)	"\(\mathit{LC(i)\) returns the labor cost of activity instance \(i\).
\newline \(\mathit{TC(i)\) returns the total cost of activity instance \(i\). \\"	RN4131	Kis et al. (2017)
Labor Cost considering single events of activity instances (activity instance granularity)	labor-cost-considering-single-events-of-activity-instances-activity-instance-granularity-c-i	C	I	\(i \in I\)	\(\mathit{LC\mathit{^{sgl(i)\)	"\(\begin{cases}
#^{}_{\mathit{lc}(\mathit{cpl(i)) & \mathit{if \  #^{}_{\mathit{lc}(\mathit{cpl(i)) \neq \bot"	Labor cost associated with an activity instance, measured as the latest recorded value among the events of the activity instance.	Event log in which labor cost information is recorded.	$actinst$ – Event attribute: activity instance ; $lc$ – Event attribute: labor cost ; $type$ – Event attribute: lifecycle type		Minimizing labor cost is desirable.	MIN	"\(\begin{cases}
#^{}_{\mathit{lc}(\mathit{cpl(i)) & \mathit{if \  #^{}_{\mathit{lc}(\mathit{cpl(i)) \neq undefined \\
#^{}_{\mathit{lc}(\mathit{str(i)) & \mathit{if \  #^{}_{\mathit{lc}(\mathit{cpl(i)) = undefined \land #^{}_{\mathit{lc}(\mathit{str(i)) \neq undefined \\
undefined & \mathit{if \  #^{}_{\mathit{lc}(\mathit{cpl(i)) = undefined \land #^{}_{\mathit{lc}(\mathit{str(i)) = undefined \\
\end{cases}\)"	"\(#^{}_{\mathit{lc}\) returns the labor cost associated with an event.
\newline \(\mathit{cpl(i)\) returns the completion event of activity instance \(i\).
\newline \(\mathit{str(i)\) returns the start event of activity instance \(i\). \\"	RN4134; RN4131; RN4155; RN4159	van den Ingh (2016); Kis et al. (2017); Haberberger (2019); Berk (2010)
Labor Cost considering the sum of all events of activity instances (activity instance granularity)	labor-cost-considering-the-sum-of-all-events-of-activity-instances-activity-instance-granularity-c-i	C	I	\(i \in I\)	\(\mathit{LC\mathit{^{sum(i)\)	"\(\begin{cases}
#^{}_{\mathit{lc}(\mathit{str(i)) + & \\ #^{}_{\mathit{lc}(\mathit{cpl(i)) & \mathit{if \  #^{}_{\mathit{lc}(\mathit{cpl(i)) \neq \bot \land #^{}_{\mathit{lc}(\mathit{str(i)) \neq \bot"	Labor cost associated with an activity instance, measured as the sum of all values among the events of the activity instance.	Event log in which labor cost information is recorded.	$actinst$ – Event attribute: activity instance ; $lc$ – Event attribute: labor cost ; $type$ – Event attribute: lifecycle type		Minimizing labor cost is desirable.	MIN	"\(\begin{cases}
#^{}_{\mathit{lc}(\mathit{str(i)) + & \\ #^{}_{\mathit{lc}(\mathit{cpl(i)) & \mathit{if \  #^{}_{\mathit{lc}(\mathit{cpl(i)) \neq undefined \land #^{}_{\mathit{lc}(\mathit{str(i)) \neq undefined \\
undefined & \mathit{if \  #^{}_{\mathit{lc}(\mathit{cpl(i)) = undefined \lor #^{}_{\mathit{lc}(\mathit{str(i)) = undefined \\
\end{cases}\)"	"\(#^{}_{\mathit{lc}\) returns the labor cost associated with an event.
\newline \(\mathit{str(i)\) returns the start event of activity instance \(i\).
\newline \(\mathit{cpl(i)\) returns the completion event of activity instance \(i\). \\"	RN4134; RN4131; RN4155; RN4159	van den Ingh (2016); Kis et al. (2017); Haberberger (2019); Berk (2010)
Lead Time (activity granularity)	lead-time-activity-granularity-t-a	T	A	\(a \in A\)	\(\mathit{LT(a)\)	\(\sum _{i \in \mathit{inst(a)} \mathit{LT(i)\)	Sum of the total elapsed time for all instantiations of an activity in the event log. Also known as cycle time.	Event log is associated with a process in which the total elapsed time of activity instances is of relevance.	$act$ – Event attribute: activity ; $actinst$ – Event attribute: activity instance ; $case$ – Event attribute: case id ; $time$ – Event attribute: timestamp ; $type$ – Event attribute: lifecycle type		Minimizing lead time is desirable.	MIN	\(\sum_{i \in \mathit{inst(a)} \mathit{LT(i)\)	"$\mathit{inst(a)$ returns the set of activity instances that belong to activity $a$.
\newline $\mathit{LT(i)$ returns the lead time of activity instance $i$.\\"	RN4304; RN4292; RN4307; RN4308; RN4134; RN4306; RN4297; RN4305; RN4150; RN4298; RN4187; RN4311; RN4309; RN4294; RN4291; RN4303; RN4313	Longo and Motta (2005); del-Río-Ortega et al. (2013); Walsh (1996); Fogarty (1992); van den Ingh (2016); Chimhamhiwa et al. (2009); Glavan (2011); Vernadat et al. (2013); de Kort (2015); Korherr and List (2007); Bakx (2010); Bhagwat and Sharma (2007); Gunasekaran and Kobu (2007); Han et al. (2010); Lehnert et al. (2014); Pourshahid et al. (2009); van Heck et al. (2010)
Lead Time (case granularity)	lead-time-case-granularity-t-c	T	C	\(c \in C\)	\(\mathit{LT(c)\)	\(\mathit{endt(c) - \mathit{startt(c)\)	Total elapsed time between the earliest and latest timestamps in a case. Also known as cycle time.	Event log is associated with a process in which the total elapsed time of a case is of relevance.	$actinst$ – Event attribute: activity instance ; $case$ – Event attribute: case id ; $time$ – Event attribute: timestamp ; $type$ – Event attribute: lifecycle type		Minimizing lead time is desirable.	MIN	\(\mathit{endt(c) - \mathit{startt(c)\)	"$\mathit{endt(c)$ returns the end timestamp of case $c$.
\newline $\mathit{startt(c)$ returns the start timestamp of case $c$.\\"	RN4304; RN4292; RN4307; RN4308; RN4134; RN4306; RN4297; RN4305; RN4150; RN4298; RN4187; RN4311; RN4309; RN4294; RN4291; RN4303; RN4313	Longo and Motta (2005); del-Río-Ortega et al. (2013); Walsh (1996); Fogarty (1992); van den Ingh (2016); Chimhamhiwa et al. (2009); Glavan (2011); Vernadat et al. (2013); de Kort (2015); Korherr and List (2007); Bakx (2010); Bhagwat and Sharma (2007); Gunasekaran and Kobu (2007); Han et al. (2010); Lehnert et al. (2014); Pourshahid et al. (2009); van Heck et al. (2010)
Lead Time (group of cases granularity)	lead-time-group-of-cases-granularity-t-g	T	G	\(g \subseteq C \colon\) \newline \(g \neq \emptyset\)	\(\mathit{LT(g)\)	\(^{\mathit{max}_{c \in g} \mathit{endt(c) - ^{\mathit{min}_{c \in g} \mathit{startt(c)\)	Total elapsed time between the earliest and latest events in a group of cases. Also known as cycle time.	Event log is associated with a process in which the total elapsed time of a group of cases is of relevance.	$actinst$ – Event attribute: activity instance ; $case$ – Event attribute: case id ; $time$ – Event attribute: timestamp ; $type$ – Event attribute: lifecycle type		Minimizing lead time is desirable.	MIN	\(^{\mathit{max}_{c \in g} \mathit{endt(c) - ^{\mathit{min}_{c \in g} \mathit{startt(c)\)	"$\mathit{endt(c)$ returns the end timestamp of case $c$.
\newline $\mathit{startt(c)$ returns the start timestamp of case $c$.
\newline  $^{\mathit{max}_{c \in g}$ and $^{\mathit{min}_{c \in g}$ indicate that the maximum end time and minimum start time are taken across all cases in the group $g$.\\"	RN4304; RN4292; RN4307; RN4308; RN4134; RN4306; RN4297; RN4305; RN4150; RN4298; RN4187; RN4311; RN4309; RN4294; RN4291; RN4303; RN4313	Longo and Motta (2005); del-Río-Ortega et al. (2013); Walsh (1996); Fogarty (1992); van den Ingh (2016); Chimhamhiwa et al. (2009); Glavan (2011); Vernadat et al. (2013); de Kort (2015); Korherr and List (2007); Bakx (2010); Bhagwat and Sharma (2007); Gunasekaran and Kobu (2007); Han et al. (2010); Lehnert et al. (2014); Pourshahid et al. (2009); van Heck et al. (2010)
Lead Time (activity instance granularity)	lead-time-activity-instance-granularity-t-i	T	I	\(i \in I\)	\(\mathit{LT(i)\)	\(\mathit{ST(i) + \mathit{WT(i)\)	Sum of the waiting time and the service time of an activity instance. Also known as cycle time.	Event log is associated with a process in which the total elapsed time of activity instances is of relevance.	$actinst$ – Event attribute: activity instance ; $case$ – Event attribute: case id ; $time$ – Event attribute: timestamp ; $type$ – Event attribute: lifecycle type		Minimizing lead time is desirable.	MIN	\(\mathit{ST(i) + \mathit{WT(i)\)	"$\mathit{ST(i)$ returns the service time of activity instance $i$, representing the time between its start and completion.
\newline $\mathit{WT(i)$ returns the waiting time of activity instance $i$, representing the idle period before the instance starts execution.\\"	RN4304; RN4292; RN4307; RN4308; RN4134; RN4306; RN4297; RN4305; RN4150; RN4298; RN4187; RN4311; RN4309; RN4294; RN4291; RN4303; RN4313	Longo and Motta (2005); del-Río-Ortega et al. (2013); Walsh (1996); Fogarty (1992); van den Ingh (2016); Chimhamhiwa et al. (2009); Glavan (2011); Vernadat et al. (2013); de Kort (2015); Korherr and List (2007); Bakx (2010); Bhagwat and Sharma (2007); Gunasekaran and Kobu (2007); Han et al. (2010); Lehnert et al. (2014); Pourshahid et al. (2009); van Heck et al. (2010)
Lead Time and Case count Ratio (group of cases granularity)	lead-time-and-case-count-ratio-group-of-cases-granularity-t-g	T	G	\(g \subseteq C \colon\) \newline \(g \neq \emptyset\)	\(\mathit{LTCR(g)\)	\(\frac{\mathit{LT(g)}{\mathit{C(g)}\)	Ratio between the lead time of a group of cases and the number of cases belonging to a group of cases.	Event log is associated with a process for which the number of cases executed within a specific period is relevant.	$actinst$ – Event attribute: activity instance ; $case$ – Event attribute: case id ; $time$ – Event attribute: timestamp ; $type$ – Event attribute: lifecycle type		Maximizing the number of cases performed during a specific period is desirable.	MIN	\(\frac{\mathit{LT(g)}{\mathit{C(g)}\)	"$\mathit{LT(g)$ returns the total lead time of group $g$.
\newline $\mathit{C(g)$ returns the total number of cases in group $g$.\\"	RN4296	Wetzstein et al. (2008)
Lead Time Deviation from Expectation (case granularity)	lead-time-deviation-from-expectation-case-granularity-t-c	T	C	\(c \in C\) \newline \(\mathit{val \in \mathbb{R}\)	\(\mathit{LTDE(c, \mathit{val)\)	\(|\mathit{val - \mathit{LT(c)|\)	Absolute value of the difference between the time that a case is expected to take and its lead time.	Event log is associated with a process in which the lead time of a case should be as close as possible to a specific value.	$actinst$ – Event attribute: activity instance ; $case$ – Event attribute: case id ; $time$ – Event attribute: timestamp ; $type$ – Event attribute: lifecycle type	$val$ – A number indicating the time value that a case is expected to take	A lead time that is closer to the expected value is desirable.	MIN	\(|val - \mathit{LT(c)|\)	"\ $val$ represents the expected time value.
\newline $\mathit{LT(c)$ returns the lead time of case $c$.\\"	RN4134; RN4162	van den Ingh (2016); Oman et al. (2017)
Lead Time Deviation from time Limit (case granularity)	lead-time-deviation-from-time-limit-case-granularity-t-c	T	C	\(c \in C\) \newline \(\mathit{val \in \mathbb{R}\)	\(\mathit{LTDL(c, \mathit{val)\)	\(\mathit{val - \mathit{LT(c)\)	Difference between the time that a case is expected to take and its lead time.	Event log is associated with a process in which the lead time of a case should not exceed a specific value.	$actinst$ – Event attribute: activity instance ; $case$ – Event attribute: case id ; $time$ – Event attribute: timestamp ; $type$ – Event attribute: lifecycle type	$val$ – A number indicating the time limit value that the case should not exceed	Exceeding the lead time limit value is undesired.	MAX	\(val - \mathit{LT(c)\)	"$\mathit{LT(c)$ returns the lead time of case $c$.
\newline $val$ represents the predefined time Limit for the case.
\newline The expression $|val - \mathit{LT(c)|$ measures the absolute deviation of the case lead time from its deadline.\\"	RN4134; RN4162	van den Ingh (2016); Oman et al. (2017)
Lead Time from activity A (case granularity)	lead-time-from-activity-a-case-granularity-t-c	T	C	\(c \in C\) \newline \(\mathit{a \in A\)	\(\mathit{LTfA(c, \mathit{a)\)	"\(\begin{cases}
\mathit{lt(x, y) & \mathit{for~any \  x \in \mathit{fi\mathit{^{s(c, \mathit{a) \mathit{\ and \  y \in \mathit{endin(c) \\ \bot & \mathit{if \  \mathit{fi\mathit{^{s(c, \mathit{a) = \emptyset
\end{cases}\)"	Total elapsed time between the earliest instantiation of a specific activity and the latest event of a case.	Event log is associated with a process in which the total elapsed time of a specific subprocess is of relevance.	$act$ – Event attribute: activity ; $actinst$ – Event attribute: activity instance ; $case$ – Event attribute: case id ; $time$ – Event attribute: timestamp ; $type$ – Event attribute: lifecycle type	$a$ – the specific activity	Minimizing lead time is desirable.	MIN	"\(\begin{cases}
\mathit{lt(any (\mathit{fi\mathit{^{s(c, \mathit{a), any (\mathit{endin(c))) & \mathit{if \  \mathit{fi\mathit{^{s(c, \mathit{a) \neq \emptyset \\
undefined & \mathit{if \  \mathit{fi\mathit{^{s(c, \mathit{a) = \emptyset
\end{cases}\)"	"$\mathit{fi\mathit{^{s(c, \mathit{a)$ returns the set of first started instances of activity $\mathit{a$ in case $c$.
\newline $\mathit{endin(c)$ returns the final activity instance of case $c$.
\newline $\mathit{lt(x, y)$ returns the lead time from activity instance $x$ to $y$.\\"	ADDED_FOR_COMPLETENESS	
Lead Time from activity A to activity B (case granularity)	lead-time-from-activity-a-to-activity-b-case-granularity-t-c	T	C	\(c \in C\) \newline \(\mathit{a, \mathit{b \in A \colon\) \newline \(\mathit{a \neq \mathit{b\)	\(\mathit{LTAB(c, \mathit{a, \mathit{b)\)	"\(\begin{cases}
\mathit{lt(x,y) & \mathit{for~any \  x \in \mathit{fi\mathit{^{s(c, \mathit{a) \mathit{\ and \  y \in \mathit{fi\mathit{^{sc(c, \mathit{a, \mathit{b)"	Total elapsed time between the earliest instantiation of a specific activity and the earliest instantiation of another specific activity that occurs after the former one in a case.	Event log is associated with a process in which the total elapsed time of a specific subprocess is of relevance.	$act$ – Event attribute: activity ; $actinst$ – Event attribute: activity instance ; $case$ – Event attribute: case id ; $time$ – Event attribute: timestamp ; $type$ – Event attribute: lifecycle type	$a$ – the first specific activity ; $b$ – the second specific activity	Minimizing lead time is desirable.	MIN	"\(\begin{cases}
\mathit{lt(x,y) & \mathit{for~any \  x \in \mathit{fi\mathit{^{s(c, \mathit{a) \mathit{\ and \  y \in \mathit{fi(c, \mathit{a, \mathit{b) \\
undefined & \mathit{if \  \mathit{fi(c, \mathit{a, \mathit{b) = \emptyset
\end{cases}\)"	"$\mathit{fi\mathit{^{s(c, \mathit{a)$ returns the set of first started instances of activity $\mathit{a$ in case $c$.
\newline $\mathit{fi(c, \mathit{a, \mathit{b)$ returns the first instance of activity $\mathit{b$ occurring after the first started instance of activity $\mathit{a$ in case $c$.
\newline $\mathit{lt(x,y)$ returns the lead time between activity instances $x$ and $y$.\\"	RN4304; RN4292; RN4307; RN4311; RN4303; RN4293; RN4125	Longo and Motta (2005); del-Río-Ortega et al. (2013); Walsh (1996); Bhagwat and Sharma (2007); Pourshahid et al. (2009); Balaban et al. (2011); Cho et al. (2020)
Lead Time to activity A (case granularity)	lead-time-to-activity-a-case-granularity-t-c	T	C	\(c \in C\) \newline \(\mathit{a \in A\)	\(\mathit{LTtA(c, \mathit{a)\)	"\(\begin{cases}
\mathit{lt(x, y) & \mathit{for~any \  x \in \mathit{strin(c) \mathit{\ and \  y \in \mathit{fi\mathit{^{c(c, \mathit{a) \\ \bot & \mathit{if \  \mathit{fi\mathit{^{c(c, \mathit{a) = \emptyset
\end{cases}\)"	Total elapsed time between the earliest event and the earliest instantiation of a specific activity in a case.	Event log is associated with a process in which the total elapsed time of a specific subprocess is of relevance.	$act$ – Event attribute: activity ; $actinst$ – Event attribute: activity instance ; $case$ – Event attribute: case id ; $time$ – Event attribute: timestamp ; $type$ – Event attribute: lifecycle type	$a$ – the specific activity	Minimizing lead time is desirable.	MIN	"\(\begin{cases}
\mathit{lt(x, y) & \mathit{for~any \  x \in \mathit{strin(c) \mathit{\ and \  y \in \mathit{fi\mathit{^{c(c, \mathit{a) \\
undefined & \mathit{if \  \mathit{fi\mathit{^{c(c, \mathit{a) = \emptyset
\end{cases}\)"	"$\mathit{strin(c)$ returns the activity instance that starts case $c$.
\newline $\mathit{fi\mathit{^{c(c, \mathit{a)$ returns the first completed instance of activity $\mathit{a$ in case $c$.
\newline $\mathit{lt(x, y)$ returns the lead time between activity instances $x$ and $y$.\\"	RN4293; RN4125	Balaban et al. (2011); Cho et al. (2020)
Maintenance Cost (case granularity)	maintenance-cost-case-granularity-c-c	C	C	\(c \in C\)	\(\mathit{MainC(c)\)	\(#^{}_{\mathit{mainc}(c)\)	Maintenance cost associated with a case.	Process where the cost of conducting maintenance is relevant.	$case$ – Event attribute: case id ; $mainc$ – Case attribute: maintenance cost		Minimizing maintenance cost is desirable.	MIN	\(#^{}_{\mathit{mainc}(c)\)	\(#^{}_{\mathit{mainc}\) returns the maintenance cost associated with case \(c\). \\	RN4300	Kutucuoglu et al. (2002)
Maintenance Cost (group of cases granularity)	maintenance-cost-group-of-cases-granularity-c-g	C	G	\(g \subseteq C \colon\) \newline \(g \neq \emptyset\)	\(\mathit{MainC(g)\)	\(\sum _{c \in g} \mathit{MainC(c)\)	Maintenance cost associated with all cases in a group of cases.	Process where the cost of conducting maintenance is relevant.	$case$ – Event attribute: case id ; $mainc$ – Case attribute: maintenance cost		Minimizing maintenance cost is desirable.	MIN	\(\sum _{c \in g} \mathit{MainC(c)\)	\(\mathit{MainC(c)\) returns the maintenance cost for case \(c\). \\	RN4300	Kutucuoglu et al. (2002)
Missed Deadline Cost (case granularity)	missed-deadline-cost-case-granularity-c-c	C	C	\(c \in C\)	\(\mathit{MDC(c)\)	\(#^{}_{\mathit{mdc}(c)\)	Cost for missing deadlines associated with a case.	Process where missing a deadline incurs in additional costs.	$case$ – Event attribute: case id ; $mdc$ – Case attribute: missed deadline cost		Minimizing missed deadline cost is desirable.	MIN	\(#^{}_{\mathit{mdc}(c)\)	\(#^{}_{\mathit{mdc}\) returns the missed deadline cost associated with case \(c\). \\	RN4134	van den Ingh (2016)
Missed Deadline Cost (group of cases granularity)	missed-deadline-cost-group-of-cases-granularity-c-g	C	G	\(g \subseteq C \colon\) \newline \(g \neq \emptyset\)	\(\mathit{MDC(g)\)	\(\sum _{c \in g} \mathit{MDC(c)\)	Cost for missing deadlines associated with all cases in a group of cases.	Process where missing a deadline incurs in additional costs.	$case$ – Event attribute: case id ; $mdc$ – Case attribute: missed deadline cost		Minimizing missed deadline cost is desirable.	MIN	\(\sum _{c \in g} \mathit{MDC(c)\)	\(\mathit{MDC(c)\) returns the missed deadline cost for case \(c\). \\	RN4134	van den Ingh (2016)
Non-Automated Activity count (case granularity)	non-automated-activity-count-case-granularity-q-c	Q	C	\(c \in C\)	\(\mathit{NAutA(c)\)	\(|\mathit{act(c) \backslash \mathit{Autl|\)	Number of non-automated activities that occur in a case.	Event log that contains automated activities.	$act$ – Event attribute: activity ; $case$ – Event attribute: case id	$Autl$ – List of automated activities	Non-automated activities are prone to errors, which reduces the quality of the process.	MIN	"\(\displaystyle \sum_{a \in \mathit{act(c)}
\begin{cases}
1 & \text{if } a \notin \mathit{Autl \\
0 & \text{otherwise}
\end{cases}
\)"	"\(\mathit{act(c)\) returns the set of activities that occurred in case \(c\).
\newline \(\mathit{Autl\) returns the set of automated activities. \\"	RN4134	van den Ingh (2016)
Non-Automated Activity count (group of cases granularity)	non-automated-activity-count-group-of-cases-granularity-q-g	Q	G	\(g \subseteq C \colon\) \newline \(g \neq \emptyset\)	\(\mathit{NAutA(g)\)	\(|(\cup _{c \in g} \mathit{act(c)) \backslash \mathit{Autl|\)	Number of non-automated activities that occur in a group of cases.	Event log that contains automated activities.	$act$ – Event attribute: activity ; $case$ – Event attribute: case id	$Autl$ – List of automated activities	Non-automated activities are prone to errors, which reduces the quality of the process.	MIN	"\(\displaystyle \sum_{a \in (\cup _{c \in g} \mathit{act(c))}
\begin{cases}
1 & \text{if } a \notin \mathit{Autl \\
0 & \text{otherwise}
\end{cases}
\)"	"\(\mathit{act(c)\) returns the set of activities that occurred in case \(c\).
\newline \(\mathit{Autl\) returns the set of automated activities. \\"	RN4134	van den Ingh (2016)
Non-Automated activity Instance count (case granularity)	non-automated-activity-instance-count-case-granularity-q-c	Q	C	\(c \in C\)	\(\mathit{NAutI(c)\)	\(|\{i \in \mathit{inst(c) \mid \mathit{act(i) \notin \mathit{Autl\}|\)	Number of times that a non-automated activity is instantiated in a case.	Event log that contains automated activities.	$act$ – Event attribute: activity ; $actinst$ – Event attribute: activity instance ; $case$ – Event attribute: case id ; $type$ – Event attribute: lifecycle type	$Autl$ – List of automated activities	Non-automated activities are prone to errors, which reduces the quality of the process.	MIN	"\(\displaystyle \sum_{i \in \mathit{inst(c)}
\begin{cases}
1 & \text{if } \mathit{act(i) \notin \mathit{Autl \\
0 & \text{otherwise}
\end{cases}
\)"	"\(\mathit{inst(c)\) returns the set of all activity instances in case \(c\).
\newline \(\mathit{act(i)\) returns the activity of activity instance \(i\).
\newline \(\mathit{Autl\) returns the set of automated activities. \\"	RN4134	van den Ingh (2016)
Non-Automated activity Instance count (group of cases granularity)	non-automated-activity-instance-count-group-of-cases-granularity-q-g	Q	G	\(g \subseteq C \colon\) \newline \(g \neq \emptyset\)	\(\mathit{NAutI(g)\)	\(\sum _{c \in g} \mathit{NAutI(c)\)	Number of times that a non-automated activity is instantiated in a group of cases.	Event log that contains automated activities.	$act$ – Event attribute: activity ; $actinst$ – Event attribute: activity instance ; $case$ – Event attribute: case id ; $type$ – Event attribute: lifecycle type	$Autl$ – List of automated activities	Non-automated activities are prone to errors, which reduces the quality of the process.	MIN	\(\sum _{c \in g} \mathit{NAutI(c)\)	\(\mathit{NAutI(c)\) returns the non-automated activity instance count for case \(c\). \\	RN4134	van den Ingh (2016)
Optional Activity count (case granularity)	optional-activity-count-case-granularity-f-c	F	C	\(c \in C\)	\(\mathit{OptA(c)\)	\(|\{a \in \mathit{act(c) \mid \exists c' \in C[a \notin \mathit{act(c')]\}|\)	Number of optional activities that are instantiated in a case. \newline An activity is considered optional if there is at least one case in the event log where it does not occur.	fProcess with multiple activities that are not instantiated in every case.	$act$ – Event attribute: activity ; $case$ – Event attribute: case id		A greater number of optional activities is desired, as it implies a greater capability to address unexpected situations.	MAX	"\(\displaystyle \sum_{a \in \mathit{act(c)}
\begin{cases}
1 & \text{if } a \in \mathit{opt(C) \\
0 & \text{otherwise}
\end{cases}
\)"	"\(\mathit{act(c)\) returns the set of activities that occurred in case \(c\).
\newline \(\mathit{opt(C)\) returns the set of optional activities in the event log \(C\). \\"	ADDED_FOR_COMPLETENESS	
Optional Activity count (group of cases granularity)	optional-activity-count-group-of-cases-granularity-f-g	F	G	\(g \subseteq C \colon\) \newline \(g \neq \emptyset\)	\(\mathit{OptA(g)\)	\(|\{a \in \mathit{act(c) \mid c \in g \land \exists c' \in C[a \notin \mathit{act(c')]\}|\)	Number of optional activities that are instantiated in a group of cases. \newline An activity is considered optional if there is at least one case in the event log where it does not occur.	Process with multiple activities that are not instantiated in every case.	$act$ – Event attribute: activity ; $case$ – Event attribute: case id		A greater number of optional activities is desired, as it implies a greater capability to address unexpected situations.	MAX	"\(\displaystyle \sum_{a \in \mathit{act(g)}
\begin{cases}
1 & \text{if } a \in \mathit{opt(C) \\
0 & \text{otherwise}
\end{cases}
\)"	"\(\mathit{act(c)\) returns the set of activities that occurred in case \(c\).
\newline \(\mathit{opt(C)\) returns the set of optional activities in the event log \(C\). \\"	ADDED_FOR_COMPLETENESS	
Optionality (case granularity)	optionality-case-granularity-f-c	F	C	\(c \in C\)	\(\mathit{Opt(c)\)	\(\frac{\mathit{OptA(c)}{\mathit{A(c)}\)	Ratio between the number of optional activities that are instantiated in a case, and the number of activities that occur in a case. \newline An activity is considered optional if there is at least one case in the event log where it does not occur.	Process with multiple activities that are not instantiated in every case.	$act$ – Event attribute: activity ; $case$ – Event attribute: case id		A greater number of optional activities is desired, as it implies a greater capability to address unexpected situations.	MAX	\(\frac{\mathit{OptA(c)}{\mathit{A(c)}\)	"\(\mathit{OptA(c)\) returns the optional activity count for case \(c\).
\newline \(\mathit{A(c)\) returns the number of unique activities in case \(c\). \\"	RN4134; RN4150; RN4155	van den Ingh (2016); de Kort (2015); Haberberger (2019)
Optionality (group of cases granularity)	optionality-group-of-cases-granularity-f-g	F	G	\(g \subseteq C \colon\) \newline \(g \neq \emptyset\)	\(\mathit{Opt(g)\)	\(\frac{\mathit{OptA(g)}{\mathit{A(g)}\)	Ratio between the number of optional activities that are instantiated in a group of cases, and the number of activities that occur in a group of cases. \newline An activity is considered optional if there is at least one case in the event log where it does not occur.	Process with multiple activities that are not instantiated in every case.	$act$ – Event attribute: activity ; $case$ – Event attribute: case id		A greater number of optional activities is desired, as it implies a greater capability to address unexpected situations.	MAX	\(\frac{\mathit{OptA(g)}{\mathit{A(g)}\)	"\(\mathit{OptA(g)\) returns the optional activity count for group \(g\).
\newline \(\mathit{A(g)\) returns the number of unique activities in group \(g\). \\"	RN4134; RN4150; RN4155	van den Ingh (2016); de Kort (2015); Haberberger (2019)
outcome Unit count (activity granularity)	outcome-unit-count-activity-granularity-q-a	Q	A	\(a \in A\)	"\(\mathit{U\mathit{^{\times(a)\)
\newline \newline \(\mathit{\times \in \{\mathit{sgl, \mathit{sum\}\)"	"\(\sum _{i \in \mathit{inst(a)} \mathit{U\mathit{^{\times(i)\)
\newline \newline The $\mathit{\times$ indicates that the PPI can take multiple forms, in this case, $\mathit{\times \in \{\mathit{sgl, \mathit{sum\}$. If $\mathit{\times = \mathit{sgl$, then the function considers single events of activity instances for outcome unit calculations, i.e., it uses $\mathit{U\mathit{^{sgl$; if $\mathit{\times = \mathit{sum$, then the function considers the sum of all events of activity instances for outcome unit calculations, i.e., it uses $\mathit{U\mathit{^{sum$."	Outcome units associated with all instantiations of an activity in the event log.	Process where the outcome of activity instances can be measured.	$act$ – Event attribute: activity ; $actinst$ – Event attribute: activity instance ; $type$ – Event attribute: lifecycle type ; $unt$ – Event attribute: outcome units		Maximizing outcome unit count is desirable.	MAX	\(\sum _{i \in \mathit{inst(a)} \mathit{U(i)\)	"\(\mathit{inst(a)\) returns the set of all instances of activity \(a\).
\newline \(\mathit{U(i)\) returns the outcome unit count of activity instance \(i\). \\"	RN4305	Vernadat et al. (2013)
outcome Unit count (case granularity)	outcome-unit-count-case-granularity-q-c	Q	C	\(c \in C\)	"\(\mathit{U\mathit{^{\times(c)\)
\newline \newline \(\mathit{\times \in \{\mathit{sgl, \mathit{sum\}\)"	"\(\sum _{e \in \mathit{inst(c)} \mathit{U\mathit{^{\times(i)\)
\newline \newline The $\mathit{\times$ indicates that the PPI can take multiple forms, in this case, $\mathit{\times \in \{\mathit{sgl, \mathit{sum\}$. If $\mathit{\times = \mathit{sgl$, then the function considers single events of activity instances for outcome unit calculations, i.e., it uses $\mathit{U\mathit{^{sgl$; if $\mathit{\times = \mathit{sum$, then the function considers the sum of all events of activity instances for outcome unit calculations, i.e., it uses $\mathit{U\mathit{^{sum$."	Outcome units associated with all activity instances in a case.	Process where the outcome of activity instances can be measured.	$actinst$ – Event attribute: activity instance ; $case$ – Event attribute: case id ; $type$ – Event attribute: lifecycle type ; $unt$ – Event attribute: outcome units		Maximizing outcome unit count is desirable.	MAX	\(\sum _{i \in \mathit{inst(c)} \mathit{U(i)\)	"\(\mathit{inst(c)\) returns the set of all activity instances in case \(c\).
\newline \(\mathit{U(i)\) returns the outcome unit count of activity instance \(i\). \\"	RN4305	Vernadat et al. (2013)
outcome Unit count (group of cases granularity)	outcome-unit-count-group-of-cases-granularity-q-g	Q	G	\(g \subseteq C \colon\) \newline \(g \neq \emptyset\)	"\(\mathit{U\mathit{^{\times(g)\)
\newline \newline \(\mathit{\times \in \{\mathit{sgl, \mathit{sum\}\)"	"\(\sum _{c \in g} \mathit{U\mathit{^{\times(c)\)
\newline \newline The $\mathit{\times$ indicates that the PPI can take multiple forms, in this case, $\mathit{\times \in \{\mathit{sgl, \mathit{sum\}$. If $\mathit{\times = \mathit{sgl$, then the function considers single events of activity instances for outcome unit calculations, i.e., it uses $\mathit{U\mathit{^{sgl$; if $\mathit{\times = \mathit{sum$, then the function considers the sum of all events of activity instances for outcome unit calculations, i.e., it uses $\mathit{U\mathit{^{sum$."	Outcome units associated with all activity instances in a group of cases.	Process where the outcome of activity instances can be measured.	$actinst$ – Event attribute: activity instance ; $case$ – Event attribute: case id ; $type$ – Event attribute: lifecycle type ; $unt$ – Event attribute: outcome units		Maximizing outcome unit count is desirable.	MAX	\(\sum _{c \in g} \mathit{U(c)\)	\(\mathit{U(c)\) returns the outcome unit count of case \(c\). \\	RN4305	Vernadat et al. (2013)
outcome Unit count considering single events of activity instances (activity instance granularity)	outcome-unit-count-considering-single-events-of-activity-instances-activity-instance-granularity-q-i	Q	I	\(i \in I\)	\(\mathit{U\mathit{^{sgl(i)\)	"\(\begin{cases}
#^{}_{\mathit{unt}(\mathit{cpl(i)) & \mathit{if \  #^{}_{\mathit{unt}(\mathit{cpl(i)) \neq \bot"	Outcome units associated with an activity instance, measured as the latest recorded value among the events of the activity instance.	Process where the outcome of activity instances can be measured.	$actinst$ – Event attribute: activity instance ; $type$ – Event attribute: lifecycle type ; $unt$ – Event attribute: outcome units		Maximizing outcome unit count is desirable.	MAX	"\(\begin{cases}
#^{}_{\mathit{unt}(\mathit{cpl(i)) & \mathit{if \  #^{}_{\mathit{unt}(\mathit{cpl(i)) \neq undefined \\
#^{}_{\mathit{unt}(\mathit{str(i)) & \mathit{if \  #^{}_{\mathit{unt}(\mathit{cpl(i)) = undefined \land #^{}_{\mathit{unt}(\mathit{str(i)) \neq undefined \\
undefined & \mathit{if \  #^{}_{\mathit{unt}(\mathit{cpl(i)) = undefined \land #^{}_{\mathit{unt}(\mathit{str(i)) = undefined \\
\end{cases}\)"	"\(#^{}_{\mathit{unt}\) returns the outcome unit count associated with an event.
\newline \(\mathit{cpl(i)\) returns the completion event of activity instance \(i\).
\newline \(\mathit{str(i)\) returns the start event of activity instance \(i\). \\"	RN4305	Vernadat et al. (2013)
outcome Unit count considering the sum of all events of activity instances (activity instance granularity)	outcome-unit-count-considering-the-sum-of-all-events-of-activity-instances-activity-instance-granularity-q-i	Q	I	\(i \in I\)	\(\mathit{U\mathit{^{sum(i)\)	"\(\begin{cases}
#^{}_{\mathit{unt}(\mathit{str(i)) + & \mathit{if \  #^{}_{\mathit{unt}(\mathit{cpl(i)) \neq \bot \land \\ #^{}_{\mathit{unt}(\mathit{cpl(i)) & #^{}_{\mathit{unt}(\mathit{str(i)) \neq \bot"	Outcome units associated with an activity instance, measured as the sum of all values among the events of the activity instance.	Process where the outcome of activity instances can be measured.	$actinst$ – Event attribute: activity instance ; $type$ – Event attribute: lifecycle type ; $unt$ – Event attribute: outcome units		Maximizing outcome unit count is desirable.	MAX	"\(\begin{cases}
#^{}_{\mathit{unt}(\mathit{str(i)) + #^{}_{\mathit{unt}(\mathit{cpl(i)) & \mathit{if \  #^{}_{\mathit{unt}(\mathit{cpl(i)) \neq undefined \land \\ & #^{}_{\mathit{unt}(\mathit{str(i)) \neq undefined \\
undefined & \mathit{if \  #^{}_{\mathit{unt}(\ \mathit{cpl(i)) = undefined \lor #^{}_{\mathit{unt}(\mathit{str(i)) = undefined \\
\end{cases}\)"	"\(#^{}_{\mathit{unt}\) returns the outcome unit count associated with an event.
\newline \(\mathit{str(i)\) returns the start event of activity instance \(i\).
\newline \(\mathit{cpl(i)\) returns the completion event of activity instance \(i\). \\"	RN4305	Vernadat et al. (2013)
Overall Quality (case granularity)	overall-quality-case-granularity-q-c	Q	C	\(c \in C\)	\(\mathit{OQ(c)\)	\(#^{}_{\mathit{qual}(c)\)	Overall quality associated with the outcome of a case.	Event log contains information that allows measuring overall quality, such as customer satisfaction or a quantifier of the outcome of the process.	$case$ – Event attribute: case id ; $qual$ – Case attribute: quality indicator		Maximizing the quality of the process is desirable.	MAX	\(#^{}_{\mathit{qual}(c)\)	\(#^{}_{\mathit{qual}\) returns the overall quality associated with case \(c\). \\	RN4304; RN4306; RN4295; RN4297; RN4305; RN4150; RN4298; RN4311; RN4309; RN4291; RN4303; RN4125; RN4131; RN4155; RN4299; RN4161; RN4312	Longo and Motta (2005); Chimhamhiwa et al. (2009); Bosilj-Vuksic et al. (2008); Glavan (2011); Vernadat et al. (2013); de Kort (2015); Korherr and List (2007); Bhagwat and Sharma (2007); Gunasekaran and Kobu (2007); Lehnert et al. (2014); Pourshahid et al. (2009); Cho et al. (2020); Kis et al. (2017); Haberberger (2019); Herzog (2006); Lima Junior et al. (2016); Spremic et al. (2008)
Overhead Cost (case granularity)	overhead-cost-case-granularity-c-c	C	C	\(c \in C\)	"\(\mathit{OC\mathit{^{\times(c)\) 
\newline \newline \(\mathit{\times \in \{\mathit{sgl, \mathit{sum\}\)"	"\(\sum _{i \in \mathit{inst(c), \mathit{act(i) \notin \mathit{DCl} \mathit{TC\mathit{^{\times(i)\)
\newline \newline The $\mathit{\times$ indicates that the PPI can take multiple forms, in this case, $\mathit{\times \in \{\mathit{sgl, \mathit{sum\}$. If $\mathit{\times = \mathit{sgl$, then the function considers single events of activity instances for cost calculations, i.e., it uses $\mathit{TC\mathit{^{sgl$; if $\mathit{\times = \mathit{sum$, then the function considers the sum of all events of activity instances for cost calculations, i.e., it uses $\mathit{TC\mathit{^{sum$."	Total cost associated with all instantiations of activities that do not have a direct effect on the outcome of a case.	Event log in which activities can be categorized based on whether they directly contribute to the outcome of the process or not.	$act$ – Event attribute: activity ; $actinst$ – Event attribute: activity instance ; $case$ – Event attribute: case id ; $tc$ – Event attribute: total cost ; $type$ – Event attribute: lifecycle type	$DCl$ – List of direct cost activities	Minimizing total cost is desirable.	MIN	\(\sum _{i \in \mathit{inst(c), \mathit{act(i) \notin \mathit{DCl} \mathit{TC(i)\)	"\(\mathit{inst(c)\) returns the set of all activity instances in case \(c\).
\newline \(\mathit{act(i)\) returns the activity of activity instance \(i\).
\newline \(\mathit{DCl\) returns the set of direct cost activities.
\newline \(\mathit{TC(i)\) returns the total cost of activity instance \(i\). \\"	RN4309; RN4146	Gunasekaran and Kobu (2007); Karadgi (2014)
Overhead Cost (group of cases granularity)	overhead-cost-group-of-cases-granularity-c-g	C	G	\(g \subseteq C \colon\) \newline \(g \neq \emptyset\)	"\(\mathit{OC\mathit{^{\times(g)\) 
\newline \newline \(\mathit{\times \in \{\mathit{sgl, \mathit{sum\}\)"	"\(\sum _{c \in g} \mathit{OC\mathit{^{\times(c)\)
\newline \newline The $\mathit{\times$ indicates that the PPI can take multiple forms, in this case, $\mathit{\times \in \{\mathit{sgl, \mathit{sum\}$. If $\mathit{\times = \mathit{sgl$, then the function considers single events of activity instances for cost calculations, i.e., it uses $\mathit{OC\mathit{^{sgl$; if $\mathit{\times = \mathit{sum$, then the function considers the sum of all events of activity instances for cost calculations, i.e., it uses $\mathit{OC\mathit{^{sum$."	Total cost associated with all instantiations of activities that do not have a direct effect on the outcome of cases in a group of cases.	Event log in which activities can be categorized based on whether they directly contribute to the outcome of the process or not.	$act$ – Event attribute: activity ; $actinst$ – Event attribute: activity instance ; $case$ – Event attribute: case id ; $tc$ – Event attribute: total cost ; $type$ – Event attribute: lifecycle type	$DCl$ – List of direct cost activities	Minimizing total cost is desirable.	MIN	\(\sum _{c \in g} \mathit{OC(c)\)	\(\mathit{OC(c)\) returns the overhead cost for case \(c\). \\	RN4309; RN4146	Gunasekaran and Kobu (2007); Karadgi (2014)
Repeatability (case granularity)	repeatability-case-granularity-q-c	Q	C	\(c \in C\)	\(\mathit{Rep(c)\)	\(1 - \frac{\mathit{A(c)}{\mathit{I(c)}\)	One minus the ratio between the number of activities that occur in a case, and the number of times that an activity is instantiated in a case.	Process where activity repetition is common.	$act$ – Event attribute: activity ; $actinst$ – Event attribute: activity instance ; $case$ – Event attribute: case id		It is desirable not to repeat activities.	MIN	\(1 - \frac{\mathit{A(c)}{\mathit{I(c)}\)	"\(\mathit{A(c)\) returns the number of unique activities in case \(c\).
\newline \(\mathit{I(c)\) returns the total number of activity instances in case \(c\). \\"	RN4134	van den Ingh (2016)
Repeatability (group of cases granularity)	repeatability-group-of-cases-granularity-q-g	Q	G	\(g \subseteq C \colon\) \newline \(g \neq \emptyset\)	\(\mathit{Rep(g)\)	\(1 - \frac{\mathit{A(g)}{\mathit{I(g)}\)	One minus the ratio between the number of activities that occur in a group of cases, and the number of times that an activity is instantiated in a group of cases.	Process where activity repetition is common.	$act$ – Event attribute: activity ; $actinst$ – Event attribute: activity instance ; $case$ – Event attribute: case id		It is desirable not to repeat activities.	MIN	\(1 - \frac{\mathit{A(g)}{\mathit{I(g)}\)	"\(\mathit{A(g)\) returns the number of unique activities in group \(g\).
\newline \(\mathit{I(g)\) returns the total number of activity instances in group \(g\). \\"	RN4134	van den Ingh (2016)
Resource count (activity granularity)	resource-count-activity-granularity-c-a	C	A	\(a \in A\)	\(\mathit{R(a)\)	\(|\mathit{res(a)|\)	Number of resources that are involved in the execution of an activity in the event log.	If the event log does not contain cost information, Resource count can be used as a proxy for the cost performance of an activity.	$act$ – Event attribute: activity  ; $res$ – Event attribute: resource		Minimizing the number of resources involved is desirable.	MIN	\(\mathit{count(\mathit{res(a))\)	$\mathit{res(a)$ returns the set of resources used for activity $a$ in the event log. \\	RN4125; RN4159	Cho et al. (2020); Berk (2010)
Resource count (case granularity)	resource-count-case-granularity-c-c	C	C	\(c \in C\)	\(\mathit{R(c)\)	\(|\mathit{res(c)|\)	Number of resources that are involved in the execution of a case.	If the event log does not contain cost information, Resource count can be used as a proxy for the cost performance of a case.	$case$ – Event attribute: case id ; $res$ – Event attribute: resource		Minimizing the number of resources involved is desirable.	MIN	\(\mathit{count(\mathit{res(c))\)	$\mathit{res(c)$ returns the set of resources used in case $c$. \\	RN4125; RN4159	Cho et al. (2020); Berk (2010)
Resource count (group of cases granularity)	resource-count-group-of-cases-granularity-c-g	C	G	\(g \subseteq C \colon\) \newline \(g \neq \emptyset\)	\(\mathit{R(g)\)	\(|\cup_{c \in g} \mathit{res(c)|\)	Number of resources that are involved in the execution of a group of cases.	If the event log does not contain cost information, Resource count can be used as a proxy for the cost performance of a group of cases.	$case$ – Event attribute: case id ; $res$ – Event attribute: resource		Minimizing the number of resources involved is desirable.	MIN	\(\mathit{count(\cup_{c \in g} \mathit{res(c))\)	\(\mathit{res(c)\) returns the set of unique resources involved in case \(c\). \\	RN4125; RN4159	Cho et al. (2020); Berk (2010)
Resource count (activity granularity)	resource-count-activity-granularity-g-a	G	A	\(a \in A\)	\(\mathit{R(a)\)	\(|\mathit{res(a)|\)	Number of resources that are involved in the execution of an activity in the event log.	Calculation of several other PPIs.	$act$ – Event attribute: activity  ; $res$ – Event attribute: resource			N/A	\(\mathit{count(\mathit{res(a))\)	$\mathit{res(a)$ returns the set of resources used for activity $a$ in the event log. \\	RN4125; RN4159	Cho et al. (2020); Berk (2010)
Resource count (case granularity)	resource-count-case-granularity-g-c	G	C	\(c \in C\)	\(\mathit{R(c)\)	\(|\mathit{res(c)|\)	Number of resources that are involved in the execution of a case.	Calculation of several other PPIs.	$case$ – Event attribute: case id ; $res$ – Event attribute: resource			N/A	\(\mathit{count(\mathit{res(c))\)	$\mathit{res(c)$ returns the set of resources used in case $c$. \\	RN4125; RN4159	Cho et al. (2020); Berk (2010)
Resource count (group of cases granularity)	resource-count-group-of-cases-granularity-g-g	G	G	\(g \subseteq C \colon\) \newline \(g \neq \emptyset\)	\(\mathit{R(g)\)	\(|\cup_{c \in g} \mathit{res(c)|\)	Number of resources that are involved in the execution of a group of cases.	Calculation of several other PPIs.	$case$ – Event attribute: case id ; $res$ – Event attribute: resource			N/A	\(\mathit{count(\mathit{res(g))\)	$\mathit{res(g)$ returns the set of resources used in group of cases $g$. \\	RN4125; RN4159	Cho et al. (2020); Berk (2010)
Rework Cost (activity granularity)	rework-cost-activity-granularity-c-a	C	A	\(a \in A\)	"\(\mathit{RC\mathit{^{\times(a)\)
\newline \newline \(\mathit{\times \in \{\mathit{sgl, \mathit{sum\}\)"	"\(\mathit{TC(a) - \sum _{c \in C} \mathit{fitc\mathit{^{\times(c, a)\)
\newline \newline The $\mathit{\times$ indicates that the PPI can take multiple forms, in this case, $\mathit{\times \in \{\mathit{sgl, \mathit{sum\}$. If $\mathit{\times = \mathit{sgl$, then the function considers single events of activity instances for cost calculations, i.e., it uses $\mathit{fitc\mathit{^{sgl$; if $\mathit{\times = \mathit{sum$, then the function considers the sum of all events of activity instances for cost calculations, i.e., it uses $\mathit{fitc\mathit{^{sum$."	Total cost of all times that an activity is instantiated again, after its first instantiation, in any case of the event log.	Event log that contains cost information where measuring rework is of relevance.	$act$ – Event attribute: activity ; $actinst$ – Event attribute: activity instance ; $case$ – Event attribute: case id ; $tc$ – Event attribute: total cost ; $type$ – Event attribute: lifecycle type		Minimizing the cost of rework is desirable.	MIN	\(\mathit{TC(a) - \sum _{c \in C} \mathit{fitc(c, a)\)	"\(\mathit{TC(a)\) returns the total cost of activity \(a\).
\newline \(\mathit{fitc\) returns the cost of the first instance of activity \(a\) in case \(c\). \\"	RN4162	Oman et al. (2017)
Rework Cost (case granularity)	rework-cost-case-granularity-c-c	C	C	\(c \in C\)	"\(\mathit{RC\mathit{^{\times(c)\)
\newline \newline \(\mathit{\times \in \{\mathit{sgl, \mathit{sum\}\)"	"\(\mathit{TC(c) - \sum _{a \in A} \mathit{fitc\mathit{^{\times(c, a)\)
\newline \newline The $\mathit{\times$ indicates that the PPI can take multiple forms, in this case, $\mathit{\times \in \{\mathit{sgl, \mathit{sum\}$. If $\mathit{\times = \mathit{sgl$, then the function considers single events of activity instances for cost calculations, i.e., it uses $\mathit{fitc\mathit{^{sgl$; if $\mathit{\times = \mathit{sum$, then the function considers the sum of all events of activity instances for cost calculations, i.e., it uses $\mathit{fitc\mathit{^{sum$."	Total cost of all times that any activity is instantiated again, after its first instantiation, in a case.	Event log that contains cost information where measuring rework is of relevance.	$act$ – Event attribute: activity ; $actinst$ – Event attribute: activity instance ; $case$ – Event attribute: case id ; $tc$ – Event attribute: total cost ; $type$ – Event attribute: lifecycle type		Minimizing the cost of rework is desirable.	MIN	\(\mathit{TC(c) - \sum _{a \in A} \mathit{fitc(c, a)\)	"\(\mathit{TC(c)\) returns the total cost of case \(c\).
\newline \(\mathit{fitc\) returns the cost of the first instance of activity \(a\) in case \(c\). \\"	RN4162	Oman et al. (2017)
Rework Cost (group of cases granularity)	rework-cost-group-of-cases-granularity-c-g	C	G	\(g \subseteq C \colon\) \newline \(g \neq \emptyset\)	"\(\mathit{RC\mathit{^{\times(g)\)
\newline \newline \(\mathit{\times \in \{\mathit{sgl, \mathit{sum\}\)"	"\(\sum _{c \in g} \mathit{RC\mathit{^{\times(c)\)
\newline \newline The $\mathit{\times$ indicates that the PPI can take multiple forms, in this case, $\mathit{\times \in \{\mathit{sgl, \mathit{sum\}$. If $\mathit{\times = \mathit{sgl$, then the function considers single events of activity instances for cost calculations, i.e., it uses $\mathit{RC\mathit{^{sgl$; if $\mathit{\times = \mathit{sum$, then the function considers the sum of all events of activity instances for cost calculations, i.e., it uses $\mathit{RC\mathit{^{sum$."	Sum of total cost of all times that any activity is instantiated again, after its first instantiation, in every case of a group of cases.	Event log that contains cost information where measuring rework is of relevance.	$act$ – Event attribute: activity ; $actinst$ – Event attribute: activity instance ; $case$ – Event attribute: case id ; $tc$ – Event attribute: total cost ; $type$ – Event attribute: lifecycle type		Minimizing the cost of rework is desirable.	MIN	\(\sum _{c \in g} \mathit{RC(c)\)	\(\mathit{RC(c)\) returns the rework cost for case \(c\). \\	RN4162	Oman et al. (2017)
Rework Count (activity granularity)	rework-count-activity-granularity-c-a	C	A	\(a \in A\)	\(\mathit{RewC(a)\)	\(\sum _{c \in C} \mathit{max(0, \mathit{count(c, a) - 1)\)	Number of times that an activity is instantiated again, after its first instantiation, in any case of the event log.	If the event log does not contain cost information, Rework Count can be used as a proxy for the cost performance of an activity.	$act$ – Event attribute: activity ; $actinst$ – Event attribute: activity instance ; $case$ – Event attribute: case id ; $type$ – Event attribute: lifecycle type		Minimizing rework is desirable.	MIN	\(\sum _{c \in C} \mathit{max(0, \mathit{count(c, a) - 1)\)	\(\mathit{count(c, a)\) returns the number of instances of activity \(a\) in case \(c\). \\	RN4134; RN4125	van den Ingh (2016); Cho et al. (2020)
Rework Count (case granularity)	rework-count-case-granularity-c-c	C	C	\(c \in C\)	\(\mathit{RewC(c)\)	\(\sum _{a \in A} \mathit{max(0, \mathit{count(c, a) - 1)\)	Number of times that any activity is instantiated again, after its first instantiation, in a case.	If the event log does not contain cost information, Rework Count can be used as a proxy for the cost performance of a case.	$act$ – Event attribute: activity ; $actinst$ – Event attribute: activity instance ; $case$ – Event attribute: case id ; $type$ – Event attribute: lifecycle type		Minimizing rework is desirable.	MIN	\(\sum _{a \in A} \mathit{max(0, \mathit{count(c, a) - 1)\)	\(\mathit{count(c, a)\) returns the number of instances of activity \(a\) in case \(c\). \\	RN4134; RN4125	van den Ingh (2016); Cho et al. (2020)
Rework Count (group of cases granularity)	rework-count-group-of-cases-granularity-c-g	C	G	\(g \subseteq C \colon\) \newline \(g \neq \emptyset\)	\(\mathit{RewC(g)\)	\(\sum _{c \in g} \mathit{RewC(c)\)	Number of times that any activity is instantiated again, after its first instantiation, in every case of a group of cases.	If the event log does not contain cost information, Rework Count can be used as a proxy for the cost performance of a group of cases.	$act$ – Event attribute: activity ; $actinst$ – Event attribute: activity instance ; $case$ – Event attribute: case id ; $type$ – Event attribute: lifecycle type		Minimizing rework is desirable.	MIN	\(\sum _{c \in g} \mathit{RewC(c)\)	\(\mathit{RewC(c)\) returns the rework count for case \(c\). \\	RN4134; RN4125	van den Ingh (2016); Cho et al. (2020)
Rework Count (activity granularity)	rework-count-activity-granularity-q-a	Q	A	\(a \in A\)	\(\mathit{RewC(a)\)	\(\sum _{c \in C} \mathit{max(0, \mathit{count(c, a) - 1)\)	Number of times that an activity is instantiated again, after its first instantiation, in any case of the event log.	Process where rework recurrently occurs.	$act$ – Event attribute: activity ; $actinst$ – Event attribute: activity instance ; $case$ – Event attribute: case id ; $type$ – Event attribute: lifecycle type		Minimizing rework is desirable.	MIN	\(\sum _{c \in C} \mathit{max(0, \mathit{count(c, a) - 1)\)	\(\mathit{count(c, a)\) returns the number of instances of activity \(a\) in case \(c\). \\	RN4134; RN4125	van den Ingh (2016); Cho et al. (2020)
Rework Count (case granularity)	rework-count-case-granularity-q-c	Q	C	\(c \in C\)	\(\mathit{RewC(c)\)	\(\sum _{a \in A} \mathit{max(0, \mathit{count(c, a) - 1)\)	Number of times that any activity is instantiated again, after its first instantiation, in a case.	Process where rework recurrently occurs.	$act$ – Event attribute: activity ; $actinst$ – Event attribute: activity instance ; $case$ – Event attribute: case id ; $type$ – Event attribute: lifecycle type		Minimizing rework is desirable.	MIN	\(\sum _{a \in A} \mathit{max(0, \mathit{count(c, a) - 1)\)	\(\mathit{count(c, a)\) returns the number of instances of activity \(a\) in case \(c\). \\	RN4134; RN4125	van den Ingh (2016); Cho et al. (2020)
Rework Count (group of cases granularity)	rework-count-group-of-cases-granularity-q-g	Q	G	\(g \subseteq C \colon\) \newline \(g \neq \emptyset\)	\(\mathit{RewC(g)\)	\(\sum _{c \in g} \mathit{RewC(c)\)	Sum of the number of times that any activity is instantiated again, after its first instantiation, in every case of a group of cases.	Process where rework recurrently occurs.	$act$ – Event attribute: activity ; $actinst$ – Event attribute: activity instance ; $case$ – Event attribute: case id ; $type$ – Event attribute: lifecycle type		Minimizing rework is desirable.	MIN	\(\sum _{c \in g} \mathit{RewC(c)\)	\(\mathit{RewC(c)\) returns the rework count for case \(c\). \\	RN4134; RN4125	van den Ingh (2016); Cho et al. (2020)
Rework Count by Value (activity granularity)	rework-count-by-value-activity-granularity-q-a	Q	A	\(a \in A\) \newline \(\mathit{val \in \mathbb{N}\)	\(\mathit{RewCV(a, \mathit{val)\)	\(\sum _{c \in C} \mathit{max(0, \mathit{count(c, a) - \mathit{val)\)	Number of times that an activity is instantiated again, after it is instantiated a certain number of times, in any case of the event log.	Process where rework recurrently occurs.	$act$ – Event attribute: activity ; $actinst$ – Event attribute: activity instance ; $case$ – Event attribute: case id ; $type$ – Event attribute: lifecycle type	$val$ – Number of times an activity can be instantiated without being considered as rework	Minimizing rework is desirable.	MIN	\(\sum _{c \in C} \mathit{max(0, \mathit{count(c, a) - \mathit{val)\)	\(\mathit{count(c, a)\) returns the number of instances of activity \(a\) in case \(c\). \\	RN4134	van den Ingh (2016)
Rework Count by Value (case granularity)	rework-count-by-value-case-granularity-q-c	Q	C	\(c \in C\) \newline \(\mathit{val \in \mathbb{N}\)	\(\mathit{RewCV(c, \mathit{val)\)	\(\sum _{a \in A} \mathit{max(0, \mathit{count(c, a) - \mathit{val)\)	Number of times that any activity is instantiated again, after it is instantiated a certain number of times, in a case.	Process where rework recurrently occurs.	$act$ – Event attribute: activity ; $actinst$ – Event attribute: activity instance ; $case$ – Event attribute: case id ; $type$ – Event attribute: lifecycle type	$val$ – Number of times an activity can be instantiated without being considered as rework	Minimizing rework is desirable.	MIN	\(\sum _{a \in A} \mathit{max(0, \mathit{count(c, a) - \mathit{val)\)	\(\mathit{count(c, a)\) returns the number of instances of activity \(a\) in case \(c\). \\	RN4134	van den Ingh (2016)
Rework Count by Value (group of cases granularity)	rework-count-by-value-group-of-cases-granularity-q-g	Q	G	\(g \subseteq C \colon\) \newline \(g \neq \emptyset\) \newline \(\mathit{val \in \mathbb{N}\)	\(\mathit{RewCV(g, \mathit{val)\)	\(\sum _{c \in g} \mathit{RewCV(c, \mathit{val)\)	Number of times that any activity is instantiated again, after it is instantiated a certain number of times, in every case of a group of cases.	Process where rework recurrently occurs.	$act$ – Event attribute: activity ; $actinst$ – Event attribute: activity instance ; $case$ – Event attribute: case id ; $type$ – Event attribute: lifecycle type	$val$ – Number of times an activity can be instantiated without being considered as rework	Minimizing rework is desirable.	MIN	\(\sum _{c \in g} \mathit{RewCV(c, \mathit{val)\)	\(\mathit{RewCV(c, \mathit{val)\) returns the rework count by value \(\mathit{val\) for case \(c\). \\	RN4134	van den Ingh (2016)
Rework of activities Subset (case granularity)	rework-of-activities-subset-case-granularity-q-c	Q	C	\(c \in C\) \newline \(\mathit{sub \subseteq A \colon\) \newline \(\mathit{sub \neq \emptyset\)	\(\mathit{RewSub(c, \mathit{sub)\)	\(\sum _{a \in \mathit{sub} \mathit{max(0, \mathit{count(c, a) - 1)\)	Number of times that any activity belonging to a subset of activities is instantiated again, after its first instantiation, in a case.	Process where rework occurs recurrently, but only the rework of some activities is of interest.	$act$ – Event attribute: activity ; $actinst$ – Event attribute: activity instance ; $case$ – Event attribute: case id ; $type$ – Event attribute: lifecycle type	$sub$ – Subset of activities to consider	Minimizing rework is desirable.	MIN	\(\sum _{a \in \mathit{sub} \mathit{max(0, \mathit{count(c, a) - 1)\)	\(\mathit{count(c, a)\) returns the number of instances of activity \(a\) in case \(c\). \\	RN4125	Cho et al. (2020)
Rework of activities Subset (group of cases granularity)	rework-of-activities-subset-group-of-cases-granularity-q-g	Q	G	\(g \subseteq C \colon\) \newline \(g \neq \emptyset\) \newline \(\mathit{sub \subseteq A \colon\) \newline \(\mathit{sub \neq \emptyset\)	\(\mathit{RewSub(g, \mathit{sub)\)	\(\sum _{c \in g} \mathit{RewSub(c, \mathit{sub)\)	Number of times that any activity belonging to a subset of activities is instantiated again, after its first instantiation, in all case of a group of cases.	Process where rework occurs recurrently, but only the rework of some activities is of interest.	$act$ – Event attribute: activity ; $actinst$ – Event attribute: activity instance ; $case$ – Event attribute: case id ; $type$ – Event attribute: lifecycle type	$sub$ – Subset of activities to consider	Minimizing rework is desirable.	MIN	\(\sum _{c \in g} \mathit{RewSub(c, \mathit{sub)\)	\(\mathit{RewSub(c, \mathit{sub)\) returns the rework count for subset \(\mathit{sub\) in case \(c\). \\	RN4125	Cho et al. (2020)
Rework Percentage (activity granularity)	rework-percentage-activity-granularity-c-a	C	A	\(a \in A\)	\(\mathit{RewP(a)\)	\(\frac{\mathit{RewC(a)}{\mathit{I(a)}\)	Percentage of times that an activity is instantiated again, after its first instantiation, in any case of the event log.	If the event log does not contain cost information, Rework Percentage can be used as a proxy for the cost performance of an activity.	$act$ – Event attribute: activity ; $actinst$ – Event attribute: activity instance ; $case$ – Event attribute: case id ; $type$ – Event attribute: lifecycle type		Minimizing rework is desirable.	MIN	\(\frac{\mathit{RewC(a)}{\mathit{I(a)}\)	"\(\mathit{RewC(a)\) returns the rework count for activity \(a\).
\newline \(\mathit{I(a)\) returns the number of instances of activity \(a\). \\"	RN4134; RN4125	van den Ingh (2016); Cho et al. (2020)
Rework Percentage (case granularity)	rework-percentage-case-granularity-c-c	C	C	\(c \in C\)	\(\mathit{RewP(c)\)	\(\frac{\mathit{RewC(c)}{\mathit{I(c)}\)	Percentage of times that any activity is instantiated again, after its first instantiation, in a case.	If the event log does not contain cost information, Rework Percentage can be used as a proxy for the cost performance of a case.	$act$ – Event attribute: activity ; $actinst$ – Event attribute: activity instance ; $case$ – Event attribute: case id ; $type$ – Event attribute: lifecycle type		Minimizing rework is desirable.	MIN	\(\frac{\mathit{RewC(c)}{\mathit{I(c)}\)	"\(\mathit{RewC(c)\) returns the rework count for case \(c\).
\newline \(\mathit{I(c)\) returns the total number of activity instances in case \(c\). \\"	RN4134; RN4125	van den Ingh (2016); Cho et al. (2020)
Rework Percentage (group of cases granularity)	rework-percentage-group-of-cases-granularity-c-g	C	G	\(g \subseteq C \colon\) \newline \(g \neq \emptyset\)	\(\mathit{RewP(g)\)	\(\frac{\mathit{RewC(g)}{\mathit{I(g)}\)	Percentage of times that any activity is instantiated again, after its first instantiation, in every case of a group of cases.	If the event log does not contain cost information, Rework Percentage can be used as a proxy for the cost performance of a group of cases.	$act$ – Event attribute: activity ; $actinst$ – Event attribute: activity instance ; $case$ – Event attribute: case id ; $type$ – Event attribute: lifecycle type		Minimizing rework is desirable.	MIN	\(\frac{\mathit{RewC(g)}{\mathit{I(g)}\)	"\(\mathit{RewC(g)\) returns the rework count for group \(g\).
\newline \(\mathit{I(g)\) returns the total number of activity instances in group \(g\). \\"	RN4134; RN4125	van den Ingh (2016); Cho et al. (2020)
Rework Percentage (activity granularity)	rework-percentage-activity-granularity-q-a	Q	A	\(a \in A\)	\(\mathit{RewP(a)\)	\(\frac{\mathit{RewC(a)}{\mathit{I(a)}\)	Percentage of times that an activity is instantiated again, after its first instantiation, in any case of the event log.	Process where rework occurs recurrently.	$act$ – Event attribute: activity ; $actinst$ – Event attribute: activity instance ; $case$ – Event attribute: case id ; $type$ – Event attribute: lifecycle type		Minimizing rework is desirable.	MIN	\(\frac{\mathit{RewC(a)}{\mathit{I(a)}\)	"\(\mathit{RewC(a)\) returns the rework count for activity \(a\).
\newline \(\mathit{I(a)\) returns the total number of instances of activity \(a\). \\"	RN4134; RN4125	van den Ingh (2016); Cho et al. (2020)
Rework Percentage (case granularity)	rework-percentage-case-granularity-q-c	Q	C	\(c \in C\)	\(\mathit{RewP(c)\)	\(\frac{\mathit{RewC(c)}{\mathit{I(c)}\)	Percentage of times that any activity is instantiated again, after its first instantiation, in a case.	Process where rework occurs recurrently.	$act$ – Event attribute: activity ; $actinst$ – Event attribute: activity instance ; $case$ – Event attribute: case id ; $type$ – Event attribute: lifecycle type		Minimizing rework is desirable.	MIN	\(\frac{\mathit{RewC(c)}{\mathit{I(c)}\)	"\(\mathit{RewC(c)\) returns the rework count for case \(c\).
\newline \(\mathit{I(c)\) returns the total number of activity instances in case \(c\). \\"	RN4134; RN4125	van den Ingh (2016); Cho et al. (2020)
Rework Percentage (group of cases granularity)	rework-percentage-group-of-cases-granularity-q-g	Q	G	\(g \subseteq C \colon\) \newline \(g \neq \emptyset\)	\(\mathit{RewP(g)\)	\(\frac{\mathit{RewC(g)}{\mathit{I(g)}\)	Percentage of times that any activity is instantiated again, after its first instantiation, in every case of a group of cases.	Process where rework occurs recurrently.	$act$ – Event attribute: activity ; $actinst$ – Event attribute: activity instance ; $case$ – Event attribute: case id ; $type$ – Event attribute: lifecycle type		Minimizing rework is desirable.	MIN	\(\frac{\mathit{RewC(g)}{\mathit{I(g)}\)	"\(\mathit{RewC(g)\) returns the total rework count for group \(g\).
\newline \(\mathit{I(g)\) returns the total number of activity instances in group \(g\). \\"	RN4134; RN4125	van den Ingh (2016); Cho et al. (2020)
Rework Percentage by Value (activity granularity)	rework-percentage-by-value-activity-granularity-q-a	Q	A	\(a \in A\) \newline \(\mathit{val \in \mathbb{N}\)	\(\mathit{RewPV(a, \mathit{val)\)	\(\frac{\mathit{RewCV(a, \mathit{val)}{\mathit{I(a)}\)	Percentage of times that an activity is instantiated again, after it is instantiated a certain number of times, in any case in the event log.	Process where rework occurs recurrently.	$act$ – Event attribute: activity ; $actinst$ – Event attribute: activity instance ; $case$ – Event attribute: case id ; $type$ – Event attribute: lifecycle type	$val$ – Number of times an activity can be instantiated without being considered as rework	Minimizing rework is desirable.	MIN	\(\frac{\mathit{RewCV(a, \mathit{val)}{\mathit{I(a)}\)	"\(\mathit{RewCV(a, \mathit{val)\) returns the rework count by value \(\mathit{val\) for activity \(a\).
\newline \(\mathit{I(a)\) returns the total number of instances of activity \(a\). \\"	RN4134	van den Ingh (2016)
Rework Percentage by Value (case granularity)	rework-percentage-by-value-case-granularity-q-c	Q	C	\(c \in C\) \newline \(\mathit{val \in \mathbb{N}\)	\(\mathit{RewPV(c, \mathit{val)\)	\(\frac{\mathit{RewCV(c, \mathit{val)}{\mathit{I(c)}\)	Percentage of times that any activity is instantiated again, after it is instantiated a certain number of times, in a case.	Process where rework occurs recurrently.	$act$ – Event attribute: activity ; $actinst$ – Event attribute: activity instance ; $case$ – Event attribute: case id ; $type$ – Event attribute: lifecycle type	$val$ – Number of times an activity can be instantiated without being considered as rework	Minimizing rework is desirable.	MIN	\(\frac{\mathit{RewCV(c, \mathit{val)}{\mathit{I(c)}\)	"\(\mathit{RewCV(c, \mathit{val)\) returns the rework count by value \(\mathit{val\) for case \(c\).
\newline \(\mathit{I(c)\) returns the total number of activity instances in case \(c\). \\"	RN4134	van den Ingh (2016)
Rework Percentage by Value (group of cases granularity)	rework-percentage-by-value-group-of-cases-granularity-q-g	Q	G	\(g \subseteq C \colon\) \newline \(g \neq \emptyset\) \newline \(\mathit{val \in \mathbb{N}\)	\(\mathit{RewPV(g, \mathit{val)\)	\(\frac{\mathit{RewCV(g, \mathit{val)}{\mathit{I(g)}\)	Percentage of times that any activity is instantiated again, after it is instantiated a certain number of times, in every case of a group of cases.	Process where rework occurs recurrently.	$act$ – Event attribute: activity ; $actinst$ – Event attribute: activity instance ; $case$ – Event attribute: case id ; $type$ – Event attribute: lifecycle type	$val$ – Number of times an activity can be instantiated without being considered as rework	Minimizing rework is desirable.	MIN	\(\frac{\mathit{RewCV(g, \mathit{val)}{\mathit{I(g)}\)	"\(\mathit{RewCV(g, \mathit{val)\) returns the rework count by value \(\mathit{val\) for group \(g\).
\newline \(\mathit{I(g)\) returns the total number of activity instances in group \(g\). \\"	RN4134	van den Ingh (2016)
Rework Time (activity granularity)	rework-time-activity-granularity-q-a	Q	A	\(a \in A\)	\(\mathit{RT(a)\)	\(\mathit{LT(a) - \sum _{c \in C} \mathit{filt(c, a)\)	Sum of the elapsed time for all times an activity is instantiated again, after its first instantiation, in any case in the event log.	Process where measuring the time spent on rework activities is of relevance.	$act$ – Event attribute: activity ; $actinst$ – Event attribute: activity instance ; $case$ – Event attribute: case id ; $time$ – Event attribute: timestamp ; $type$ – Event attribute: lifecycle type		Minimizing the time spent on reworking is desirable.	MIN	\(\mathit{LT(a) - \sum _{c \in C} \mathit{filt(c, a)\)	"\(\mathit{LT(a)\) returns the total lead time of activity \(a\).
\newline \(\mathit{filt(c, a)\) returns the lead time of the first instance of activity \(a\) in case \(c\). \\"	RN4305; RN4302; RN4310	Vernadat et al. (2013); Mirsu (2013); Wu (2012)
Rework Time (case granularity)	rework-time-case-granularity-q-c	Q	C	\(c \in C\)	\(\mathit{RT(c)\)	\(\mathit{LT(c) - \sum _{a \in A} \mathit{filt(c, a)\)	Sum of the elapsed time for all times that any activity is instantiated again, after its first instantiation, in a case.	Process where measuring the time spent on rework activities is of relevance.	$act$ – Event attribute: activity ; $actinst$ – Event attribute: activity instance ; $case$ – Event attribute: case id ; $time$ – Event attribute: timestamp ; $type$ – Event attribute: lifecycle type		Minimizing the time spent on reworking is desirable.	MIN	\(\mathit{LT(c) - \sum _{a \in A} \mathit{filt(c, a)\)	"\(\mathit{LT(c)\) returns the total lead time of case \(c\).
\newline \(\mathit{filt(c, a)\) returns the lead time of the first instance of activity \(a\) in case \(c\). \\"	RN4305; RN4302; RN4310	Vernadat et al. (2013); Mirsu (2013); Wu (2012)
Rework Time (group of cases granularity)	rework-time-group-of-cases-granularity-q-g	Q	G	\(g \subseteq C \colon\) \newline \(g \neq \emptyset\)	\(\mathit{RT(g)\)	\(\sum _{c \in g} \mathit{RT(c)\)	Sum of the elapsed time for all times that any activity is instantiated again, after its first instantiation, in every case of a group of cases.	Process where measuring the time spent on rework activities is of relevance.	$act$ – Event attribute: activity ; $actinst$ – Event attribute: activity instance ; $case$ – Event attribute: case id ; $time$ – Event attribute: timestamp ; $type$ – Event attribute: lifecycle type		Minimizing the time spent on reworking is desirable.	MIN	\(\sum _{c \in g} \mathit{RT(c)\)	\(\mathit{RT(c)\) returns the rework time for case \(c\). \\	RN4305; RN4302; RN4310	Vernadat et al. (2013); Mirsu (2013); Wu (2012)
Role and Variant count Ratio (group of cases granularity)	role-and-variant-count-ratio-group-of-cases-granularity-f-g	F	G	\(g \subseteq C \colon\) \newline \(g \neq \emptyset\)	\(\mathit{RoleVR(g)\)	\(\frac{\mathit{Role(g)}{\mathit{V(g)}\)	Ratio between the number of human resource roles that are involved in the execution of a case, and the number of variants that are observed in a group of cases.	Process where several roles are involved	$act$ – Event attribute: activity ; $actinst$ – Event attribute: activity instance ; $case$ – Event attribute: case id ; $role$ – Event attribute: role ; $type$ – Event attribute: lifecycle type		Maximizing the number of roles involved in the execution of different process variants is desirable.	MAX	\(\frac{\mathit{Role(g)}{\mathit{V(g)}\)	"\(\mathit{Role(g)\) returns the number of unique roles involved in group \(g\).
\newline \(\mathit{V(g)\) returns the number of unique variants in group \(g\). \\"	RN4134	van den Ingh (2016)
Role count (case granularity)	role-count-case-granularity-f-c	F	C	\(c \in C\)	\(\mathit{Role(c)\)	\(|\mathit{role(c)|\)	Number of human resource roles that are involved in the execution of a case.	Process where several roles are involved.	$case$ – Event attribute: case id ; $role$ – Event attribute: role		A greater number of roles involved in the execution of the process implies greater flexibility.	MAX	\(\mathit{count(\mathit{role(c))\)	\(\mathit{role(c)\) returns the set of unique roles involved in case \(c\). \\	RN4134	van den Ingh (2016)
Role count (group of cases granularity)	role-count-group-of-cases-granularity-f-g	F	G	\(g \subseteq C \colon\) \newline \(g \neq \emptyset\)	\(\mathit{Role(g)\)	\(|\cup_{c \in g} \mathit{role(c)|\)	Number of human resource roles that are involved in the execution of a group of cases.	Process where several roles are involved.	$case$ – Event attribute: case id ; $role$ – Event attribute: role		A greater number of roles involved in the execution of the process implies greater flexibility.	MAX	\(\mathit{count(\cup_{c \in g} \mathit{role(c))\)	\(\mathit{role(c)\) returns the set of unique roles involved in case \(c\). \\	RN4134	van den Ingh (2016)
Role count (case granularity)	role-count-case-granularity-g-c	G	C	\(c \in C\)	\(\mathit{Role(c)\)	\(|\mathit{role(c)|\)	Number of human resource roles that are involved in the execution of a case.	Calculation of several other PPIs.	$case$ – Event attribute: case id ; $role$ – Event attribute: role			N/A	\(\mathit{count(\mathit{role(c))\)	$\mathit{role(c)$ returns all roles involved in case $c$. \\	RN4134	van den Ingh (2016)
Role count (group of cases granularity)	role-count-group-of-cases-granularity-g-g	G	G	\(g \subseteq C \colon\) \newline \(g \neq \emptyset\)	\(\mathit{Role(g)\)	\(|\cup_{c \in g} \mathit{role(c)|\)	Number of human resource roles that are involved in the execution of a group of cases.	Calculation of several other PPIs.	$case$ – Event attribute: case id ; $role$ – Event attribute: role			N/A	\(\mathit{count(\mathit{role(g))\)	$\mathit{role(g)$ returns the set of roles involved in group of cases \(g\). \\	RN4134	van den Ingh (2016)
Service and Lead Time Ratio (activity granularity)	service-and-lead-time-ratio-activity-granularity-t-a	T	A	\(a \in A\)	\(\mathit{SLTR(a)\)	\(\frac{\mathit{ST(a)}{\mathit{LT(a)}\)	Ratio between the service time and the lead time of all instantiations of an activity in the event log.	Event log in which the difference between service time and lead time is of relevance.	$act$ – Event attribute: activity ; $actinst$ – Event attribute: activity instance ; $case$ – Event attribute: case id ; $time$ – Event attribute: timestamp ; $type$ – Event attribute: lifecycle type		Ratio between service time and lead time should be as large as possible.	MAX	\(\frac{\mathit{ST(a)}{\mathit{LT(a)}\)	"\(\mathit{ST(a)\) returns the total service time accumulated across all instances of activity \(a\).
\newline \(\mathit{LT(a)\) returns the total lead time of activity \(a\). \\"	RN4308; RN4131	Fogarty (1992); Kis et al. (2017)
Service and Lead Time Ratio (case granularity)	service-and-lead-time-ratio-case-granularity-t-c	T	C	\(c \in C\)	\(\mathit{SLTR(c)\)	\(\frac{\mathit{ST(c)}{\mathit{LT(c)}\)	Ratio between the service time and the lead time of a case.	Event log in which the difference between service time and lead time is of relevance.	$actinst$ – Event attribute: activity instance ; $case$ – Event attribute: case id ; $time$ – Event attribute: timestamp ; $type$ – Event attribute: lifecycle type		Ratio between service time and lead time should be as large as possible.	MAX	\(\frac{\mathit{ST(c)}{\mathit{LT(c)}\)	"\(\mathit{ST(c)\) returns the total service time of case \(c\).
\newline \(\mathit{LT(c)\) returns the total lead time of case \(c\). \\"	RN4308; RN4131	Fogarty (1992); Kis et al. (2017)
Service and Lead Time Ratio (group of cases granularity)	service-and-lead-time-ratio-group-of-cases-granularity-t-g	T	G	\(g \subseteq C \colon\) \newline \(g \neq \emptyset\)	\(\mathit{SLTR(g)\)	\(\frac{\mathit{ST(g)}{\mathit{LT(g)}\)	Ratio between the service time and the lead time of all activity instances in a group of cases.	Event log in which the difference between service time and lead time is of relevance.	$actinst$ – Event attribute: activity instance ; $case$ – Event attribute: case id ; $time$ – Event attribute: timestamp ; $type$ – Event attribute: lifecycle type		Ratio between service time and lead time should be as large as possible.	MAX	\(\frac{\mathit{ST(g)}{\mathit{LT(g)}\)	"\(\mathit{ST(g)\) returns the total service time accumulated across all cases in group \(g\).
\newline \(\mathit{LT(g)\) returns the total lead time accumulated across all cases in group \(g\). \\"	RN4308; RN4131	Fogarty (1992); Kis et al. (2017)
Service and Lead Time Ratio (activity instance granularity)	service-and-lead-time-ratio-activity-instance-granularity-t-i	T	I	\(i \in I\)	\(\mathit{SLTR(i)\)	\(\frac{\mathit{ST(i)}{\mathit{LT(i)}\)	Ratio between the service time and the lead time of an activity instance.	Event log in which the difference between service time and lead time is of relevance.	$actinst$ – Event attribute: activity instance ; $case$ – Event attribute: case id ; $time$ – Event attribute: timestamp ; $type$ – Event attribute: lifecycle type		Ratio between service time and lead time should be as large as possible.	MAX	\(\frac{\mathit{ST(i)}{\mathit{LT(i)}\)	"\(\mathit{ST(i)\) returns the service time of activity instance \(i\).
\newline \(\mathit{LT(i)\) returns the lead time of activity instance \(i\). \\"	RN4308; RN4131	Fogarty (1992); Kis et al. (2017)
Service Time (activity granularity)	service-time-activity-granularity-t-a	T	A	\(a \in A\)	\(\mathit{ST(a)\)	\(\sum _{i \in \mathit{inst(a)} \mathit{ST(i)\)	Sum of elapsed time between the start and complete events of all instantiations of an activity in the event log.	Event log that contains lifecycle information for activity instances where the actual time spent executing them is of interest.	$act$ – Event attribute: activity ; $actinst$ – Event attribute: activity instance ; $time$ – Event attribute: timestamp ; $type$ – Event attribute: lifecycle type		Minimizing service time is desirable.	MIN	\(\sum _{i \in \mathit{inst(a)} \mathit{ST(i)\)	"\(\mathit{inst(a)\) returns the set of all instances of activity \(a\).
\newline \(\mathit{ST(i)\) returns the service time of activity instance \(i\). \\"	RN4153; RN4308; RN4134; RN4306; RN4150; RN4298; RN4311; RN4313; RN4162; RN4293; RN4125; RN4155	Meier et al. (2015); Fogarty (1992); van den Ingh (2016); Chimhamhiwa et al. (2009); de Kort (2015); Korherr and List (2007); Bhagwat and Sharma (2007); van Heck et al. (2010); Oman et al. (2017); Balaban et al. (2011); Cho et al. (2020); Haberberger (2019)
Service Time (case granularity)	service-time-case-granularity-t-c	T	C	\(c \in C\)	\(\mathit{ST(c)\)	\(\sum _{i \in \mathit{inst(c)} \mathit{ST(i)\)	Sum of elapsed time between the start and complete events of all activity instances of a case.	Event log that contains lifecycle information for activity instances where the actual time spent executing them is of interest.	$actinst$ – Event attribute: activity instance ; $case$ – Event attribute: case id ; $time$ – Event attribute: timestamp ; $type$ – Event attribute: lifecycle type		Minimizing service time is desirable.	MIN	\(\sum _{i \in \mathit{inst(c)} \mathit{ST(i)\)	"\(\mathit{inst(c)\) returns the set of all activity instances in case \(c\).
\newline \(\mathit{ST(i)\) returns the service time of activity instance \(i\). \\"	RN4153; RN4308; RN4134; RN4306; RN4150; RN4298; RN4311; RN4313; RN4162; RN4293; RN4125; RN4155	Meier et al. (2015); Fogarty (1992); van den Ingh (2016); Chimhamhiwa et al. (2009); de Kort (2015); Korherr and List (2007); Bhagwat and Sharma (2007); van Heck et al. (2010); Oman et al. (2017); Balaban et al. (2011); Cho et al. (2020); Haberberger (2019)
Service Time (group of cases granularity)	service-time-group-of-cases-granularity-t-g	T	G	\(g \subseteq C \colon\) \newline \(g \neq \emptyset\)	\(\mathit{ST(g)\)	\(\sum _{c \in g} \mathit{ST(c)\)	Sum of elapsed time between the start and complete events of all activity instances of a group of cases.	Event log that contains lifecycle information for activity instances where the actual time spent executing them is of interest.	$actinst$ – Event attribute: activity instance ; $case$ – Event attribute: case id ; $time$ – Event attribute: timestamp ; $type$ – Event attribute: lifecycle type		Minimizing service time is desirable.	MIN	\(\sum _{c \in g} \mathit{ST(c)\)	\(\mathit{ST(c)\) returns the total service time of case \(c\). \\	RN4153; RN4308; RN4134; RN4306; RN4150; RN4298; RN4311; RN4313; RN4162; RN4293; RN4125; RN4155	Meier et al. (2015); Fogarty (1992); van den Ingh (2016); Chimhamhiwa et al. (2009); de Kort (2015); Korherr and List (2007); Bhagwat and Sharma (2007); van Heck et al. (2010); Oman et al. (2017); Balaban et al. (2011); Cho et al. (2020); Haberberger (2019)
Service Time (activity instance granularity)	service-time-activity-instance-granularity-t-i	T	I	\(i \in I\)	\(\mathit{ST(i)\)	\(\mathit{ctime(i) - \mathit{stime(i)\)	Elapsed time between the start and complete events of an activity instance.	Event log that contains lifecycle information for activity instances where the actual time spent executing them is of interest.	$actinst$ – Event attribute: activity instance ; $time$ – Event attribute: timestamp ; $type$ – Event attribute: lifecycle type		Minimizing service time is desirable.	MIN	\(\mathit{ctime(i) - \mathit{stime(i)\)	"\(\mathit{ctime(i)\) returns the completion timestamp of activity instance \(i\).
\newline \(\mathit{stime(i)\) returns the start timestamp of activity instance \(i\). \\"	RN4153; RN4308; RN4134; RN4306; RN4150; RN4298; RN4311; RN4313; RN4162; RN4293; RN4125; RN4155	Meier et al. (2015); Fogarty (1992); van den Ingh (2016); Chimhamhiwa et al. (2009); de Kort (2015); Korherr and List (2007); Bhagwat and Sharma (2007); van Heck et al. (2010); Oman et al. (2017); Balaban et al. (2011); Cho et al. (2020); Haberberger (2019)
Service Time from activity A to activity B (case granularity)	service-time-from-activity-a-to-activity-b-case-granularity-t-c	T	C	\(c \in C\) \newline \(\mathit{a, \mathit{b \in A \colon\) \newline \(\mathit{a \neq \mathit{b\)	"\(\mathit{STAB\mathit{^{\times(c, \mathit{a, \mathit{b)\)
\newline \newline \(\mathit{\times \in \{\mathit{s, \mathit{c, \mathit{sc, \mathit{w\}\)"	\(\begin{cases} \mathit{st\mathit{^{\times(x, y) & \mathit{for~any \  x \in \mathit{fi\mathit{^{s(c, \mathit{a) \mathit{\ and \  y \in \mathit{fi\mathit{^{sc(c, \mathit{a, \mathit{b)	Sum of elapsed time between the start and complete events of all activity instances of a case, which occur between the earliest instantiation of a specific activity, and the earliest instantiation of another specific activity that occurs after the former one, including both.	Event log is associated with a process in which the actual time spent executing a specific subprocess is of relevance.	$act$ – Event attribute: activity ; $actinst$ – Event attribute: activity instance ; $case$ – Event attribute: case id ; $time$ – Event attribute: timestamp ; $type$ – Event attribute: lifecycle type	$a$ – the first specific activity ; $b$ – the second specific activity	Minimizing service time is desirable.	MIN	\(\begin{cases} \mathit{st(x, y) & \mathit{for~any \  x \in \mathit{fi\mathit{^{s(c, \mathit{a) \mathit{\ and \  y \in \mathit{fi(c, \mathit{a, \mathit{b) \\ undefined & \mathit{if \  \mathit{fi(c, \mathit{a, \mathit{b) = \emptyset \end{cases}\)	"\(\mathit{st\) returns the service time between activity instance \(x\) and activity instance \(y\).
\newline \(\mathit{fi\mathit{^{s\) returns the set of first started instances of activity \(\mathit{a\) in case \(c\).
\newline \(\mathit{fi\) returns the set of first instances of activity \(\mathit{b\) that occur after the first instance of \(\mathit{a\) in case \(c\). \\"	ADDED_FOR_COMPLETENESS	
Service Time from activity A to activity B (group of cases granularity)	service-time-from-activity-a-to-activity-b-group-of-cases-granularity-t-g	T	G	\(g \subseteq C \colon\) \newline \(g \neq \emptyset\) \newline \(\mathit{a, \mathit{b \in A \colon\) \newline \(\mathit{a \neq \mathit{b\)	"\(\mathit{STAB\mathit{^{\times(g, \mathit{a, \mathit{b)\)
\newline \newline \(\mathit{\times \in \{\mathit{s, \mathit{c, \mathit{sc, \mathit{w\}\)"	"\(\sum _{c \in g} \begin{cases}
\mathit{STAB\mathit{^{\times(c, \mathit{a, \mathit{b) & \mathit{if \  \mathit{fi\mathit{^{sc(c, \mathit{a, \mathit{b) \neq \emptyset \\ 0 & \mathit{if \  \mathit{fi\mathit{^{sc(c, \mathit{a, \mathit{b) = \emptyset
\end{cases}\)
\newline \newline The $\mathit{\times$ indicates that the PPI can take multiple forms, in this case, $\mathit{\times \in \{\mathit{s, \mathit{c, \mathit{sc, \mathit{w\}$. If $\mathit{\times = \mathit{s$, then the function considers activity instances that were started within the start and end activity instances, i.e., it uses $\mathit{STAB\mathit{^{s$; if $\mathit{\times = \mathit{c$, then the function considers activity instances that were completed within the start and end activity instances, i.e., it uses $\mathit{STAB\mathit{^{c$; if $\mathit{\times = \mathit{sc$, then the function considers activity instances that were either started or completed within the start and end activity instances, i.e., it uses $\mathit{STAB\mathit{^{sc$; if $\mathit{\times = \mathit{^{w$, then the function considers all activity instances that were active within the start and end activity instances, i.e., it uses $\mathit{STAB\mathit{^{w$."	Sum of elapsed time between the start and complete events of all activity instances of every case belonging to a group of cases, which occur between the earliest instantiation of a specific activity, and the earliest instantiation of another specific activity that occurs after the former one, including both, within each case.	Event log is associated with a process in which the actual time spent executing a specific subprocess is of relevance.	$act$ – Event attribute: activity ; $actinst$ – Event attribute: activity instance ; $case$ – Event attribute: case id ; $time$ – Event attribute: timestamp ; $type$ – Event attribute: lifecycle type	$a$ – the first specific activity ; $b$ – the second specific activity	Minimizing service time is desirable.	MIN	\(\sum _{c \in g} \begin{cases} \mathit{STAB(c, \mathit{a, \mathit{b) & \mathit{if \  \mathit{fi(c, \mathit{a, \mathit{b) \neq \emptyset \\ 0 & \mathit{if \  \mathit{fi(c, \mathit{a, \mathit{b) = \emptyset \end{cases}\)	"\(\mathit{STAB\) returns the service time from activity \(\mathit{a\) to activity \(\mathit{b\) in case \(c\).
\newline \(\mathit{fi\) returns the set of first instances of activity \(\mathit{b\) that occur after the first instance of \(\mathit{a\) in case \(c\). \\"	ADDED_FOR_COMPLETENESS	
Successful outcome Unit Count (activity granularity)	successful-outcome-unit-count-activity-granularity-q-a	Q	A	\(a \in A\)	"\(\mathit{SUC\mathit{^{\times(a)\)
\newline \newline \(\mathit{\times \in \{\mathit{sgl, \mathit{sum\}\)"	"\(\sum _{i \in \mathit{inst(a)} \mathit{SUC\mathit{^{\times(i)\)
\newline \newline The $\mathit{\times$ indicates that the PPI can take multiple forms, in this case, $\mathit{\times \in \{\mathit{sgl, \mathit{sum\}$. If $\mathit{\times = \mathit{sgl$, then the function considers single events of activity instances for outcome unit calculations, i.e., it uses $\mathit{SUC\mathit{^{sgl$; if $\mathit{\times = \mathit{sum$, then the function considers the sum of all events of activity instances for outcome unit calculations, i.e., it uses $\mathit{SUC\mathit{^{sum$."	Outcome units associated with all instantiations of an activity in the event log, after deducting those that were unsuccessfully completed.	Process where the outcome of activity instances, as well as whether they are successful or not, can be measured.	$act$ – Event attribute: activity ; $actinst$ – Event attribute: activity instance ; $type$ – Event attribute: lifecycle type ; $uns$ – Event attribute: unsuccessful outcome units ; $unt$ – Event attribute: outcome units		Maximizing the number of successful outcome units is desirable.	MAX	\(\sum _{i \in \mathit{inst(a)} \mathit{SUC(i)\)	"\(\mathit{inst(a)\) returns the set of all instances of activity \(a\).
\newline \(\mathit{SUC(i)\) returns the successful outcome unit count of activity instance \(i\). \\"	RN4305	Vernadat et al. (2013)
Successful outcome Unit Count (case granularity)	successful-outcome-unit-count-case-granularity-q-c	Q	C	\(c \in C\)	"\(\mathit{SUC\mathit{^{\times(c)\)
\newline \newline \(\mathit{\times \in \{\mathit{sgl, \mathit{sum\}\)"	"\(\sum _{i \in \mathit{inst(c)} \mathit{SUC\mathit{^{\times(i)\)
\newline \newline The $\mathit{\times$ indicates that the PPI can take multiple forms, in this case, $\mathit{\times \in \{\mathit{sgl, \mathit{sum\}$. If $\mathit{\times = \mathit{sgl$, then the function considers single events of activity instances for outcome unit calculations, i.e., it uses $\mathit{SUC\mathit{^{sgl$; if $\mathit{\times = \mathit{sum$, then the function considers the sum of all events of activity instances for outcome unit calculations, i.e., it uses $\mathit{SUC\mathit{^{sum$."	Outcome units associated with all activity instances in a case, after deducting those that were unsuccessfully completed.	Process where the outcome of activity instances, as well as whether they are successful or not, can be measured.	$actinst$ – Event attribute: activity instance ; $case$ – Event attribute: case id ; $type$ – Event attribute: lifecycle type ; $uns$ – Event attribute: unsuccessful outcome units ; $unt$ – Event attribute: outcome units		Maximizing the number of successful outcome units is desirable.	MAX	\(\sum _{i \in \mathit{inst(c)} \mathit{SUC(i)\)	"\(\mathit{inst(c)\) returns the set of all activity instances in case \(c\).
\newline \(\mathit{SUC(i)\) returns the successful outcome unit count of activity instance \(i\). \\"	RN4305	Vernadat et al. (2013)
Successful outcome Unit Count (group of cases granularity)	successful-outcome-unit-count-group-of-cases-granularity-q-g	Q	G	\(g \subseteq C \colon\) \newline \(g \neq \emptyset\)	"\(\mathit{SUC\mathit{^{\times(g)\)
\newline \newline \(\mathit{\times \in \{\mathit{sgl, \mathit{sum\}\)"	"\(\sum _{c \in G} \mathit{SUC\mathit{^{\times(c)\)
\newline \newline The $\mathit{\times$ indicates that the PPI can take multiple forms, in this case, $\mathit{\times \in \{\mathit{sgl, \mathit{sum\}$. If $\mathit{\times = \mathit{sgl$, then the function considers single events of activity instances for outcome unit calculations, i.e., it uses $\mathit{SUC\mathit{^{sgl$; if $\mathit{\times = \mathit{sum$, then the function considers the sum of all events of activity instances for outcome unit calculations, i.e., it uses $\mathit{SUC\mathit{^{sum$."	Outcome units associated with all activity instances in a group of cases, after deducting those that were unsuccessfully completed.	Process where the outcome of activity instances, as well as whether they are successful or not, can be measured.	$actinst$ – Event attribute: activity instance ; $case$ – Event attribute: case id ; $type$ – Event attribute: lifecycle type ; $uns$ – Event attribute: unsuccessful outcome units ; $unt$ – Event attribute: outcome units		Maximizing the number of successful outcome units is desirable.	MAX	\(\sum _{c \in G} \mathit{SUC(c)\)	\(\mathit{SUC(c)\) returns the successful outcome unit count for case \(c\). \\	RN4305	Vernadat et al. (2013)
Successful outcome Unit Count (activity instance granularity)	successful-outcome-unit-count-activity-instance-granularity-q-i	Q	I	\(i \in I\)	"\(\mathit{SUC\mathit{^{\times(i)\)
\newline \newline \(\mathit{\times \in \{\mathit{sgl, \mathit{sum\}\)"	"\(\begin{cases}
\mathit{U\mathit{^{\times(i) - #^{}_{\mathit{uns}(\mathit{cpl(i)) & \mathit{if \  #^{}_{\mathit{uns}(\mathit{cpl(i)) \neq \bot"	Outcome units associated with an activity instance, after deducting those that were unsuccessfully completed.	Process where the outcome of activity instances, as well as whether they are successful or not, can be measured.	$actinst$ – Event attribute: activity instance ; $type$ – Event attribute: lifecycle type ; $uns$ – Event attribute: unsuccessful outcome units ; $unt$ – Event attribute: outcome units		Maximizing the number of successful outcome units is desirable.	MAX	"\(\begin{cases}
\mathit{U(i) - #^{}_{\mathit{uns}(\mathit{cpl(i)) & \mathit{if \  #^{}_{\mathit{uns}(\mathit{cpl(i)) \neq undefined \\
\mathit{U(i) & \mathit{if \  #^{}_{\mathit{uns}(\mathit{cpl(i)) = undefined \\
\end{cases}\)"	"\(\mathit{U(i)\) returns the outcome unit count of activity instance \(i\).
\newline \(#^{}_{\mathit{uns}\) returns the unsuccessful outcome unit count associated with an event.
\newline \(\mathit{cpl(i)\) returns the completion event of activity instance \(i\). \\"	RN4305	Vernadat et al. (2013)
Successful outcome Unit Percentage (activity granularity)	successful-outcome-unit-percentage-activity-granularity-q-a	Q	A	\(a \in A\)	"\(\mathit{SUP\mathit{^{\times(a)\)
\newline \newline \(\mathit{\times \in \{\mathit{sgl, \mathit{sum\}\)"	"\(\frac{\mathit{SUC\mathit{^{\times(a)}{\mathit{U\mathit{^{\times(a)}\)
\newline \newline The $\mathit{\times$ indicates that the PPI can take multiple forms, in this case, $\mathit{\times \in \{\mathit{sgl, \mathit{sum\}$. If $\mathit{\times = \mathit{sgl$, then the function considers single events of activity instances for outcome unit calculations, i.e., it uses $\mathit{SUC\mathit{^{sgl$ and $\mathit{U\mathit{^{sgl$; if $\mathit{\times = \mathit{sum$, then the function considers the sum of all events of activity instances for outcome unit calculations, i.e., it uses $\mathit{SUC\mathit{^{sum$ and $\mathit{U\mathit{^{sum$."	Percentage of outcome units associated with all instantiations of an activity that are successfully completed.	Process where the outcome of activity instances, as well as whether they are successful or not, can be measured.	$act$ – Event attribute: activity ; $actinst$ – Event attribute: activity instance ; $type$ – Event attribute: lifecycle type ; $uns$ – Event attribute: unsuccessful outcome units ; $unt$ – Event attribute: outcome units		Maximizing the percentage of successful outcome units is desirable.	MAX	\(\frac{\mathit{SUC(a)}{\mathit{U(a)}\)	"\(\mathit{SUC(a)\) returns the successful outcome unit count of activity \(a\).
\newline \(\mathit{U(a)\) returns the total outcome unit count of activity \(a\). \\"	RN4305	Vernadat et al. (2013)
Successful outcome Unit Percentage (case granularity)	successful-outcome-unit-percentage-case-granularity-q-c	Q	C	\(c \in C\)	"\(\mathit{SUP\mathit{^{\times(c)\)
\newline \newline \(\mathit{\times \in \{\mathit{sgl, \mathit{sum\}\)"	"\(\frac{\mathit{SUC\mathit{^{\times(c)}{\mathit{U\mathit{^{\times(c)}\)
\newline \newline The $\mathit{\times$ indicates that the PPI can take multiple forms, in this case, $\mathit{\times \in \{\mathit{sgl, \mathit{sum\}$. If $\mathit{\times = \mathit{sgl$, then the function considers single events of activity instances for outcome unit calculations, i.e., it uses $\mathit{SUC\mathit{^{sgl$ and $\mathit{U\mathit{^{sgl$; if $\mathit{\times = \mathit{sum$, then the function considers the sum of all events of activity instances for outcome unit calculations, i.e., it uses $\mathit{SUC\mathit{^{sum$ and $\mathit{U\mathit{^{sum$."	Percentage of outcome units associated with all activity instances in a case that are successfully completed.	Process where the outcome of activity instances, as well as whether they are successful or not, can be measured.	$actinst$ – Event attribute: activity instance ; $case$ – Event attribute: case id ; $type$ – Event attribute: lifecycle type ; $uns$ – Event attribute: unsuccessful outcome units ; $unt$ – Event attribute: outcome units		Maximizing the percentage of successful outcome units is desirable.	MAX	\(\frac{\mathit{SUC(c)}{\mathit{U(c)}\)	"\(\mathit{SUC(c)\) returns the successful outcome unit count of case \(c\).
\newline \(\mathit{U(c)\) returns the total outcome unit count of case \(c\). \\"	RN4305	Vernadat et al. (2013)
Successful outcome Unit Percentage (group of cases granularity)	successful-outcome-unit-percentage-group-of-cases-granularity-q-g	Q	G	\(g \subseteq C \colon\) \newline \(g \neq \emptyset\)	"\(\mathit{SUP\mathit{^{\times(g)\)
\newline \newline \(\mathit{\times \in \{\mathit{sgl, \mathit{sum\}\)"	"\(\frac{\mathit{SUC\mathit{^{\times(g)}{\mathit{U\mathit{^{\times(g)}\)
\newline \newline The $\mathit{\times$ indicates that the PPI can take multiple forms, in this case, $\mathit{\times \in \{\mathit{sgl, \mathit{sum\}$. If $\mathit{\times = \mathit{sgl$, then the function considers single events of activity instances for outcome unit calculations, i.e., it uses $\mathit{SUC\mathit{^{sgl$ and $\mathit{U\mathit{^{sgl$; if $\mathit{\times = \mathit{sum$, then the function considers the sum of all events of activity instances for outcome unit calculations, i.e., it uses $\mathit{SUC\mathit{^{sum$ and $\mathit{U\mathit{^{sum$."	Percentage outcome units associated with all activity instances in a group of cases that are successfully completed.	Process where the outcome of activity instances, as well as whether they are successful or not, can be measured.	$actinst$ – Event attribute: activity instance ; $case$ – Event attribute: case id ; $type$ – Event attribute: lifecycle type ; $uns$ – Event attribute: unsuccessful outcome units ; $unt$ – Event attribute: outcome units		Maximizing the percentage of successful outcome units is desirable.	MAX	\(\frac{\mathit{SUC(g)}{\mathit{U(g)}\)	"\(\mathit{SUC(g)\) returns the total successful outcome unit count of case group \(g\).
\newline \(\mathit{U(g)\) returns the total outcome unit count of case group \(g\). \\"	RN4305	Vernadat et al. (2013)
Successful outcome Unit Percentage (activity instance granularity)	successful-outcome-unit-percentage-activity-instance-granularity-q-i	Q	I	\(i \in I\)	"\(\mathit{SUP\mathit{^{\times(i)\)
\newline \newline \(\mathit{\times \in \{\mathit{sgl, \mathit{sum\}\)"	"\(\frac{\mathit{SUC\mathit{^{\times(i)}{\mathit{U\mathit{^{\times(i)}\)
\newline \newline The $\mathit{\times$ indicates that the PPI can take multiple forms, in this case, $\mathit{\times \in \{\mathit{sgl, \mathit{sum\}$. If $\mathit{\times = \mathit{sgl$, then the function considers single events of activity instances for outcome unit calculations, i.e., it uses $\mathit{SUC\mathit{^{sgl$ and $\mathit{U\mathit{^{sgl$; if $\mathit{\times = \mathit{sum$, then the function considers the sum of all events of activity instances for outcome unit calculations, i.e., it uses $\mathit{SUC\mathit{^{sum$ and $\mathit{U\mathit{^{sum$."	Percentage of outcome units associated with an activity instance that are successfully completed.	Process where the outcome of activity instances, as well as whether they are successful or not, can be measured.	$actinst$ – Event attribute: activity instance ; $type$ – Event attribute: lifecycle type ; $uns$ – Event attribute: unsuccessful outcome units ; $unt$ – Event attribute: outcome units		Maximizing the percentage of successful outcome units is desirable.	MAX	\(\frac{\mathit{SUC(i)}{\mathit{U(i)}\)	"\(\mathit{SUC(i)\) returns the successful outcome unit count of activity instance \(i\).
\newline \(\mathit{U(i)\) returns the outcome unit count of activity instance \(i\). \\"	RN4305	Vernadat et al. (2013)
Total Cost (activity granularity)	total-cost-activity-granularity-c-a	C	A	\(a \in A\)	"\(\mathit{TC\mathit{^{\times(a)\)
\newline \newline \(\mathit{\times \in \{\mathit{sgl, \mathit{sum\}\)"	"\(\sum _{i \in \mathit{inst(a)} \mathit{TC\mathit{^{\times(i)\)
\newline \newline The $\mathit{\times$ indicates that the PPI can take multiple forms, in this case, $\mathit{\times \in \{\mathit{sgl, \mathit{sum\}$. If $\mathit{\times = \mathit{sgl$, then the function considers single events of activity instances for cost calculations, i.e., it uses $\mathit{TC\mathit{^{sgl$; if $\mathit{\times = \mathit{sum$, then the function considers the sum of all events of activity instances for cost calculations, i.e., it uses $\mathit{TC\mathit{^{sum$."	Total cost associated with all instantiations of an activity in the event log.	Event log in which total cost information is recorded.	$act$ – Event attribute: activity ; $actinst$ – Event attribute: activity instance ; $tc$ – Event attribute: total cost ; $type$ – Event attribute: lifecycle type		Minimizing total cost is desirable.	MIN	\(\sum _{i \in \mathit{inst(a)} \mathit{TC(i)\)	"\(\mathit{inst(a)\) returns the set of all instances of activity \(a\).
\newline \(\mathit{TC(i)\) returns the total cost of activity instance \(i\). \\"	RN4304; RN4301; RN4153; RN4134; RN4306; RN4295; RN4297; RN4300; RN4305; RN4298; RN4294; RN4291; RN4162; RN4125; RN4299; RN4161	Longo and Motta (2005); Jagdev et al. (1997); Meier et al. (2015); van den Ingh (2016); Chimhamhiwa et al. (2009); Bosilj-Vuksic et al. (2008); Glavan (2011); Kutucuoglu et al. (2002); Vernadat et al. (2013); Korherr and List (2007); Han et al. (2010); Lehnert et al. (2014); Oman et al. (2017); Cho et al. (2020); Herzog (2006); Lima Junior et al. (2016)
Total Cost (case granularity)	total-cost-case-granularity-c-c	C	C	\(c \in C\)	"\(\mathit{TC\mathit{^{\times(c)\)
\newline \newline \(\mathit{\times \in \{\mathit{sgl, \mathit{sum\}\)"	"\(\sum _{i \in \mathit{inst(c)} \mathit{TC\mathit{^{\times(i)\)
\newline \newline The $\mathit{\times$ indicates that the PPI can take multiple forms, in this case, $\mathit{\times \in \{\mathit{sgl, \mathit{sum\}$. If $\mathit{\times = \mathit{sgl$, then the function considers single events of activity instances for cost calculations, i.e., it uses $\mathit{TC\mathit{^{sgl$; if $\mathit{\times = \mathit{sum$, then the function considers the sum of all events of activity instances for cost calculations, i.e., it uses $\mathit{TC\mathit{^{sum$."	Total cost associated with all activity instances of a case.	Event log in which total cost information is recorded.	$actinst$ – Event attribute: activity instance ; $case$ – Event attribute: case id ; $tc$ – Event attribute: total cost ; $type$ – Event attribute: lifecycle type		Minimizing total cost is desirable.	MIN	\(\sum _{i \in \mathit{inst(c)} \mathit{TC(i)\)	"\(\mathit{inst(c)\) returns the set of all activity instances in case \(c\).
\newline \(\mathit{TC(i)\) returns the total cost of activity instance \(i\). \\"	RN4304; RN4301; RN4153; RN4134; RN4306; RN4295; RN4297; RN4300; RN4305; RN4298; RN4294; RN4291; RN4162; RN4125; RN4299; RN4161	Longo and Motta (2005); Jagdev et al. (1997); Meier et al. (2015); van den Ingh (2016); Chimhamhiwa et al. (2009); Bosilj-Vuksic et al. (2008); Glavan (2011); Kutucuoglu et al. (2002); Vernadat et al. (2013); Korherr and List (2007); Han et al. (2010); Lehnert et al. (2014); Oman et al. (2017); Cho et al. (2020); Herzog (2006); Lima Junior et al. (2016)
Total Cost (group of cases granularity)	total-cost-group-of-cases-granularity-c-g	C	G	\(g \subseteq C \colon\) \newline \(g \neq \emptyset\)	"\(\mathit{TC\mathit{^{\times(g)\)
\newline \newline \(\mathit{\times \in \{\mathit{sgl, \mathit{sum\}\)"	"\(\sum _{c \in g} \mathit{TC\mathit{^{\times(c)\)
\newline \newline The $\mathit{\times$ indicates that the PPI can take multiple forms, in this case, $\mathit{\times \in \{\mathit{sgl, \mathit{sum\}$. If $\mathit{\times = \mathit{sgl$, then the function considers single events of activity instances for cost calculations, i.e., it uses $\mathit{TC\mathit{^{sgl$; if $\mathit{\times = \mathit{sum$, then the function considers the sum of all events of activity instances for cost calculations, i.e., it uses $\mathit{TC\mathit{^{sum$."	Total cost associated with all activity instances of a group of cases.	Event log in which total cost information is recorded.	$actinst$ – Event attribute: activity instance ; $case$ – Event attribute: case id ; $tc$ – Event attribute: total cost ; $type$ – Event attribute: lifecycle type		Minimizing total cost is desirable.	MIN	\(\sum _{c \in g} \mathit{TC(c)\)	\(\mathit{TC(c)\) returns the total cost of case \(c\). \\	RN4304; RN4301; RN4153; RN4134; RN4306; RN4295; RN4297; RN4300; RN4305; RN4298; RN4294; RN4291; RN4162; RN4125; RN4299; RN4161	Longo and Motta (2005); Jagdev et al. (1997); Meier et al. (2015); van den Ingh (2016); Chimhamhiwa et al. (2009); Bosilj-Vuksic et al. (2008); Glavan (2011); Kutucuoglu et al. (2002); Vernadat et al. (2013); Korherr and List (2007); Han et al. (2010); Lehnert et al. (2014); Oman et al. (2017); Cho et al. (2020); Herzog (2006); Lima Junior et al. (2016)
Total Cost and Client count Ratio (activity granularity)	total-cost-and-client-count-ratio-activity-granularity-q-a	Q	A	\(a \in A\)	"\(\mathit{TCCliR\mathit{^{\times(a)\)
\newline \newline \(\mathit{\times \in \{\mathit{sgl, \mathit{sum\}\)"	"\(\frac{\mathit{TC\mathit{^{\times(a)}{\mathit{Cli(a)}\)
\newline \newline The $\mathit{\times$ indicates that the PPI can take multiple forms, in this case, $\mathit{\times \in \{\mathit{sgl, \mathit{sum\}$. If $\mathit{\times = \mathit{sgl$, then the function considers single events of activity instances for cost calculations, i.e., it uses $\mathit{TC\mathit{^{sgl$; if $\mathit{\times = \mathit{sum$, then the function considers the sum of all events of activity instances for cost calculations, i.e., it uses $\mathit{TC\mathit{^{sum$."	Ratio between the total cost associated with all instantiations of an activity in the event log, and the number of distinct clients associated with cases where an activity is instantiated in the event log.	Process is executed for different clients, where the event log contains cost information.	$act$ – Event attribute: activity ; $actinst$ – Event attribute: activity instance ; $case$ – Event attribute: case id ; $cli$ – Case attribute: client ; $tc$ – Event attribute: total cost ; $type$ – Event attribute: lifecycle type		It is desirable to execute the specific activity for as many clients at the least cost.	MIN	\(\frac{\mathit{TC(a)}{\mathit{Cli(a)}\)	"\(\mathit{TC(a)\) returns the total cost of activity \(a\).
\newline \(\mathit{Cli(a)\) returns the number of distinct clients involved in activity \(a\). \\"	RN4134	van den Ingh (2016)
Total Cost and Client count Ratio (group of cases granularity)	total-cost-and-client-count-ratio-group-of-cases-granularity-q-g	Q	G	\(g \subseteq C \colon\) \newline \(g \neq \emptyset\)	"\(\mathit{TCCliR\mathit{^{\times(g)\)
\newline \newline \(\mathit{\times \in \{\mathit{sgl, \mathit{sum\}\)"	"\(\frac{\mathit{TC\mathit{^{\times(g)}{\mathit{Cli(g)}\)
\newline \newline The $\mathit{\times$ indicates that the PPI can take multiple forms, in this case, $\mathit{\times \in \{\mathit{sgl, \mathit{sum\}$. If $\mathit{\times = \mathit{sgl$, then the function considers single events of activity instances for cost calculations, i.e., it uses $\mathit{TC\mathit{^{sgl$; if $\mathit{\times = \mathit{sum$, then the function considers the sum of all events of activity instances for cost calculations, i.e., it uses $\mathit{TC\mathit{^{sum$."	Ratio between the total cost associated with all activity instances of a group of cases, and the number of distinct clients associated with cases in a group of cases.	Process is executed for different clients, where the event log contains cost information.	$actinst$ – Event attribute: activity instance ; $case$ – Event attribute: case id ; $cli$ – Case attribute: client ; $tc$ – Event attribute: total cost ; $type$ – Event attribute: lifecycle type		It is desirable to execute the process for as many clients at the least cost.	MIN	\(\frac{\mathit{TC(g)}{\mathit{Cli(g)}\)	"\(\mathit{TC(g)\) returns the total cost of case group \(g\).
\newline \(\mathit{Cli(g)\) returns the number of distinct clients associated with group \(g\). \\"	RN4134	van den Ingh (2016)
Total Cost and Lead Time Ratio (activity granularity)	total-cost-and-lead-time-ratio-activity-granularity-c-a	C	A	\(a \in A\)	"\(\mathit{TCLTR\mathit{^{\times(a)\)
\newline \newline \(\mathit{\times \in \{\mathit{sgl, \mathit{sum\}\)"	"\(\frac{\mathit{TC\mathit{^{\times(a)}{\mathit{LT(a)}\)
\newline \newline The $\mathit{\times$ indicates that the PPI can take multiple forms, in this case, $\mathit{\times \in \{\mathit{sgl, \mathit{sum\}$. If $\mathit{\times = \mathit{sgl$, then the function considers single events of activity instances for cost calculations, i.e., it uses $\mathit{TC\mathit{^{sgl$; if $\mathit{\times = \mathit{sum$, then the function considers the sum of all events of activity instances for cost calculations, i.e., it uses $\mathit{TC\mathit{^{sum$."	Ratio between the total cost associated with all instantiations of an activity in the event log, and the sum of lead time for all instantiations of an activity in the event log.	Event log in which the total cost in relation to the total time taken for conducting activity instances is of relevance.	$act$ – Event attribute: activity ; $actinst$ – Event attribute: activity instance ; $case$ – Event attribute: case id ; $tc$ – Event attribute: total cost ; $time$ – Event attribute: timestamp ; $type$ – Event attribute: lifecycle type		Ratio between total cost and lead time should be as close to 0 as possible.	MIN	\(\frac{\mathit{TC(a)}{\mathit{LT(a)}\)	"\(\mathit{TC(a)\) returns the total cost of activity \(a\).
\newline \(\mathit{LT(a)\) returns the total lead time of activity \(a\). \\"	RN4297; RN4311	Glavan (2011); Bhagwat and Sharma (2007)
Total Cost and Lead Time Ratio (case granularity)	total-cost-and-lead-time-ratio-case-granularity-c-c	C	C	\(c \in C\)	"\(\mathit{TCLTR\mathit{^{\times(c)\)
\newline \newline \(\mathit{\times \in \{\mathit{sgl, \mathit{sum\}\)"	"\(\frac{\mathit{TC\mathit{^{\times(c)}{\mathit{LT(c)}\)
\newline \newline The $\mathit{\times$ indicates that the PPI can take multiple forms, in this case, $\mathit{\times \in \{\mathit{sgl, \mathit{sum\}$. If $\mathit{\times = \mathit{sgl$, then the function considers single events of activity instances for cost calculations, i.e., it uses $\mathit{TC\mathit{^{sgl$; if $\mathit{\times = \mathit{sum$, then the function considers the sum of all events of activity instances for cost calculations, i.e., it uses $\mathit{TC\mathit{^{sum$."	Ratio between the total cost of a case and the lead time of a case.	Event log in which the total cost in relation to the total time taken for conducting cases is of relevance.	$actinst$ – Event attribute: activity instance ; $case$ – Event attribute: case id ; $tc$ – Event attribute: total cost ; $time$ – Event attribute: timestamp ; $type$ – Event attribute: lifecycle type		Ratio between total cost and lead time should be as close to 0 as possible.	MIN	\(\frac{\mathit{TC(c)}{\mathit{LT(c)}\)	"\(\mathit{TC(c)\) returns the total cost of case \(c\).
\newline \(\mathit{LT(c)\) returns the total lead time of case \(c\). \\"	RN4297; RN4311	Glavan (2011); Bhagwat and Sharma (2007)
Total Cost and Lead Time Ratio (group of cases granularity)	total-cost-and-lead-time-ratio-group-of-cases-granularity-c-g	C	G	\(g \subseteq C \colon\) \newline \(g \neq \emptyset\)	"\(\mathit{TCLTR\mathit{^{\times(g)\)
\newline \newline \(\mathit{\times \in \{\mathit{sgl, \mathit{sum\}\)"	"\(\frac{\mathit{TC\mathit{^{\times(g)}{\mathit{LT(g)}\)
\newline \newline The $\mathit{\times$ indicates that the PPI can take multiple forms, in this case, $\mathit{\times \in \{\mathit{sgl, \mathit{sum\}$. If $\mathit{\times = \mathit{sgl$, then the function considers single events of activity instances for cost calculations, i.e., it uses $\mathit{TC\mathit{^{sgl$; if $\mathit{\times = \mathit{sum$, then the function considers the sum of all events of activity instances for cost calculations, i.e., it uses $\mathit{TC\mathit{^{sum$."	Ratio between the total cost of a group of cases and the lead time of a group of cases.	Event log in which the total cost in relation to the total time taken for conducting the cases of a group of cases is of relevance.	$actinst$ – Event attribute: activity instance ; $case$ – Event attribute: case id ; $tc$ – Event attribute: total cost ; $time$ – Event attribute: timestamp ; $type$ – Event attribute: lifecycle type		Ratio between total cost and lead time should be as close to 0 as possible.	MIN	\(\frac{\mathit{TC(g)}{\mathit{LT(g)}\)	"\(\mathit{TC(g)\) returns the total cost of case group \(g\).
\newline \(\mathit{LT(g)\) returns the total lead time of case group \(g\). \\"	RN4297; RN4311	Glavan (2011); Bhagwat and Sharma (2007)
Total Cost and Lead Time Ratio (activity instance granularity)	total-cost-and-lead-time-ratio-activity-instance-granularity-c-i	C	I	\(i \in I\)	"\(\mathit{TCLTR\mathit{^{\times(i)\)
\newline \newline \(\mathit{\times \in \{\mathit{sgl, \mathit{sum\}\)"	"\(\frac{\mathit{TC\mathit{^{\times(i)}{\mathit{LT(i)}\)
\newline \newline The $\mathit{\times$ indicates that the PPI can take multiple forms, in this case, $\mathit{\times \in \{\mathit{sgl, \mathit{sum\}$. If $\mathit{\times = \mathit{sgl$, then the function considers single events of activity instances for cost calculations, i.e., it uses $\mathit{TC\mathit{^{sgl$; if $\mathit{\times = \mathit{sum$, then the function considers the sum of all events of activity instances for cost calculations, i.e., it uses $\mathit{TC\mathit{^{sum$."	Ratio between the total cost associated with an activity instance and the lead time of an activity instance.	Event log in which the total cost in relation to the total time taken for conducting activity instances is of relevance.	$actinst$ – Event attribute: activity instance ; $case$ – Event attribute: case id ; $tc$ – Event attribute: total cost ; $time$ – Event attribute: timestamp ; $type$ – Event attribute: lifecycle type		Ratio between total cost and lead time should be as close to 0 as possible.	MIN	\(\frac{\mathit{TC(i)}{\mathit{LT(i)}\)	"\(\mathit{TC(i)\) returns the total cost of activity instance \(i\).
\newline \(\mathit{LT(i)\) returns the lead time of activity instance \(i\). \\"	RN4297; RN4311	Glavan (2011); Bhagwat and Sharma (2007)
Total Cost and outcome Unit Ratio (activity granularity)	total-cost-and-outcome-unit-ratio-activity-granularity-c-a	C	A	\(a \in A\)	"\(\mathit{TCUR\mathit{^{\times(a)\)
\newline \newline \(\mathit{\times \in \{\mathit{sgl, \mathit{sum\}\)"	"\(\frac{\mathit{TC\mathit{^{\times(a)}{\mathit{U\mathit{^{\times(a)}\)
\newline \newline The $\mathit{\times$ indicates that the PPI can take multiple forms, in this case, $\mathit{\times \in \{\mathit{sgl, \mathit{sum\}$. If $\mathit{\times = \mathit{sgl$, then the function considers single events of activity instances for cost and outcome unit calculations, i.e., it uses $\mathit{TC\mathit{^{sgl$ and $\mathit{U\mathit{^{sgl$; if $\mathit{\times = \mathit{sum$, then the function considers the sum of all events of activity instances for cost and outcome unit calculations, i.e., it uses $\mathit{TC\mathit{^{sum$ and $\mathit{U\mathit{^{sum$."	Ratio between the total cost associated with all instantiations of an activity in the event log, and the outcome units associated with all instantiations of an activity in the event log.	Event log in which the total cost in relation to the outcome units of activity instances is of relevance.	$act$ – Event attribute: activity ; $actinst$ – Event attribute: activity instance ; $tc$ – Event attribute: total cost ; $type$ – Event attribute: lifecycle type ; $unt$ – Event attribute: outcome units		Ratio between total cost and outcome unit count should be as close to 0 as possible.	MIN	\(\frac{\mathit{TC(a)}{\mathit{U(a)}\)	"\(\mathit{TC(a)\) returns the total cost of activity \(a\).
\newline \(\mathit{U(a)\) returns the total outcome unit count of activity \(a\). \\"	RN4162; RN4146	Oman et al. (2017); Karadgi (2014)
Total Cost and outcome Unit Ratio (case granularity)	total-cost-and-outcome-unit-ratio-case-granularity-c-c	C	C	\(c \in C\)	"\(\mathit{TCUR\mathit{^{\times(c)\)
\newline \newline \(\mathit{\times \in \{\mathit{sgl, \mathit{sum\}\)"	"\(\frac{\mathit{TC\mathit{^{\times(c)}{\mathit{U\mathit{^{\times(c)}\)
\newline \newline The $\mathit{\times$ indicates that the PPI can take multiple forms, in this case, $\mathit{\times \in \{\mathit{sgl, \mathit{sum\}$. If $\mathit{\times = \mathit{sgl$, then the function considers single events of activity instances for cost and outcome unit calculations, i.e., it uses $\mathit{TC\mathit{^{sgl$ and $\mathit{U\mathit{^{sgl$; if $\mathit{\times = \mathit{sum$, then the function considers the sum of all events of activity instances for cost and outcome unit calculations, i.e., it uses $\mathit{TC\mathit{^{sum$ and $\mathit{U\mathit{^{sum$."	Ratio between the total cost associated with all activity instances of a case, and the outcome units associated with all activity instances of a case.	Event log in which the total cost in relation to the outcome units of cases is of relevance.	$actinst$ – Event attribute: activity instance ; $case$ – Event attribute: case id ; $tc$ – Event attribute: total cost ; $type$ – Event attribute: lifecycle type ; $unt$ – Event attribute: outcome units		Ratio between total cost and outcome unit count should be as close to 0 as possible.	MIN	\(\frac{\mathit{TC(c)}{\mathit{U(c)}\)	"\(\mathit{TC(c)\) returns the total cost of case \(c\).
\newline \(\mathit{U(c)\) returns the total outcome unit count of case \(c\). \\"	RN4162; RN4146	Oman et al. (2017); Karadgi (2014)
Total Cost and outcome Unit Ratio (group of cases granularity)	total-cost-and-outcome-unit-ratio-group-of-cases-granularity-c-g	C	G	\(g \subseteq C \colon\) \newline \(g \neq \emptyset\)	"\(\mathit{TCUR\mathit{^{\times(g)\)
\newline \newline \(\mathit{\times \in \{\mathit{sgl, \mathit{sum\}\)"	"\(\frac{\mathit{TC\mathit{^{\times(g)}{\mathit{U\mathit{^{\times(g)}\)
\newline \newline The $\mathit{\times$ indicates that the PPI can take multiple forms, in this case, $\mathit{\times \in \{\mathit{sgl, \mathit{sum\}$. If $\mathit{\times = \mathit{sgl$, then the function considers single events of activity instances for cost and outcome unit calculations, i.e., it uses $\mathit{TC\mathit{^{sgl$ and $\mathit{U\mathit{^{sgl$; if $\mathit{\times = \mathit{sum$, then the function considers the sum of all events of activity instances for cost and outcome unit calculations, i.e., it uses $\mathit{TC\mathit{^{sum$ and $\mathit{U\mathit{^{sum$."	Ratio between the total cost associated with all activity instances of a group of cases, and the outcome units associated with all activity instances of a group of cases.	Event log in which the total cost in relation to the outcome units of the cases of a group of cases is of relevance.	$actinst$ – Event attribute: activity instance ; $case$ – Event attribute: case id ; $tc$ – Event attribute: total cost ; $type$ – Event attribute: lifecycle type ; $unt$ – Event attribute: outcome units		Ratio between total cost and outcome unit count should be as close to 0 as possible.	MIN	\(\frac{\mathit{TC(g)}{\mathit{U(g)}\)	"\(\mathit{TC(g)\) returns the total cost of case group \(g\).
\newline \(\mathit{U(g)\) returns the total outcome unit count of case group \(g\). \\"	RN4162; RN4146	Oman et al. (2017); Karadgi (2014)
Total Cost and outcome Unit Ratio (activity instance granularity)	total-cost-and-outcome-unit-ratio-activity-instance-granularity-c-i	C	I	\(i \in I\)	"\(\mathit{TCUR\mathit{^{\times(i)\)
\newline \newline \(\mathit{\times \in \{\mathit{sgl, \mathit{sum\}\)"	"\(\frac{\mathit{TC\mathit{^{\times(i)}{\mathit{U\mathit{^{\times(i)}\)
\newline \newline The $\mathit{\times$ indicates that the PPI can take multiple forms, in this case, $\mathit{\times \in \{\mathit{sgl, \mathit{sum\}$. If $\mathit{\times = \mathit{sgl$, then the function considers single events of activity instances for cost and outcome unit calculations, i.e., it uses $\mathit{TC\mathit{^{sgl$ and $\mathit{U\mathit{^{sgl$; if $\mathit{\times = \mathit{sum$, then the function considers the sum of all events of activity instances for cost and outcome unit calculations, i.e., it uses $\mathit{TC\mathit{^{sum$ and $\mathit{U\mathit{^{sum$."	Ratio between the total cost associated with an activity instance and the outcome units associated with an activity instance.	Event log in which the total cost in relation to the outcome units of activity instances is of relevance.	$actinst$ – Event attribute: activity instance ; $tc$ – Event attribute: total cost ; $type$ – Event attribute: lifecycle type ; $unt$ – Event attribute: outcome units		Ratio between total cost and outcome unit count should be as close to 0 as possible.	MIN	\(\frac{\mathit{TC(i)}{\mathit{U(i)}\)	"\(\mathit{TC(i)\) returns the total cost of activity instance \(i\).
\newline \(\mathit{U(i)\) returns the outcome unit count of activity instance \(i\). \\"	RN4162; RN4146	Oman et al. (2017); Karadgi (2014)
Total Cost and Service Time Ratio (activity granularity)	total-cost-and-service-time-ratio-activity-granularity-c-a	C	A	\(a \in A\)	"\(\mathit{TCSTR\mathit{^{\times(a)\)
\newline \newline \(\mathit{\times \in \{\mathit{sgl, \mathit{sum\}\)"	"\(\frac{\mathit{TC\mathit{^{\times(a)}{\mathit{ST(a)}\)
\newline \newline The $\mathit{\times$ indicates that the PPI can take multiple forms, in this case, $\mathit{\times \in \{\mathit{sgl, \mathit{sum\}$. If $\mathit{\times = \mathit{sgl$, then the function considers single events of activity instances for cost calculations, i.e., it uses $\mathit{TC\mathit{^{sgl$; if $\mathit{\times = \mathit{sum$, then the function considers the sum of all events of activity instances for cost calculations, i.e., it uses $\mathit{TC\mathit{^{sum$."	Ratio between the total cost associated with all instantiations of an activity, and the sum of the service time of all instantiations of an activity.	Event log in which the total cost in relation to the time taken for conducting activity instances is of relevance.	$act$ – Event attribute: activity ; $actinst$ – Event attribute: activity instance ; $tc$ – Event attribute: total cost ; $time$ – Event attribute: timestamp ; $type$ – Event attribute: lifecycle type		Ratio between total cost and service time should be as close to 0 as possible.	MIN	\(\frac{\mathit{TC(a)}{\mathit{ST(a)}\)	"\(\mathit{TC(a)\) returns the total cost of activity \(a\).
\newline \(\mathit{ST(a)\) returns the total service time of activity \(a\). \\"	RN4297; RN4311	Glavan (2011); Bhagwat and Sharma (2007)
Total Cost and Service Time Ratio (case granularity)	total-cost-and-service-time-ratio-case-granularity-c-c	C	C	\(c \in C\)	"\(\mathit{TCSTR\mathit{^{\times(c)\)
\newline \newline \(\mathit{\times \in \{\mathit{sgl, \mathit{sum\}\)"	"\(\frac{\mathit{TC\mathit{^{\times(c)}{\mathit{ST(c)}\)
\newline \newline The $\mathit{\times$ indicates that the PPI can take multiple forms, in this case, $\mathit{\times \in \{\mathit{sgl, \mathit{sum\}$. If $\mathit{\times = \mathit{sgl$, then the function considers single events of activity instances for cost calculations, i.e., it uses $\mathit{TC\mathit{^{sgl$; if $\mathit{\times = \mathit{sum$, then the function considers the sum of all events of activity instances for cost calculations, i.e., it uses $\mathit{TC\mathit{^{sum$."	Ratio between the total cost of a case and the service time of a case.	Event log in which the total cost in relation to the time taken for conducting activity instances is of relevance.	$actinst$ – Event attribute: activity instance ; $case$ – Event attribute: case id ; $tc$ – Event attribute: total cost ; $time$ – Event attribute: timestamp ; $type$ – Event attribute: lifecycle type		Ratio between total cost and service time should be as close to 0 as possible.	MIN	\(\frac{\mathit{TC(c)}{\mathit{ST(c)}\)	"\(\mathit{TC(c)\) returns the total cost of case \(c\).
\newline \(\mathit{ST(c)\) returns the total service time of case \(c\). \\"	RN4297; RN4311	Glavan (2011); Bhagwat and Sharma (2007)
Total Cost and Service Time Ratio (group of cases granularity)	total-cost-and-service-time-ratio-group-of-cases-granularity-c-g	C	G	\(g \subseteq C \colon\) \newline \(g \neq \emptyset\)	"\(\mathit{TCSTR\mathit{^{\times(g)\)
\newline \newline \(\mathit{\times \in \{\mathit{sgl, \mathit{sum\}\)"	"\(\frac{\mathit{TC\mathit{^{\times(g)}{\mathit{ST(g)}\)
\newline \newline The $\mathit{\times$ indicates that the PPI can take multiple forms, in this case, $\mathit{\times \in \{\mathit{sgl, \mathit{sum\}$. If $\mathit{\times = \mathit{sgl$, then the function considers single events of activity instances for cost calculations, i.e., it uses $\mathit{TC\mathit{^{sgl$; if $\mathit{\times = \mathit{sum$, then the function considers the sum of all events of activity instances for cost calculations, i.e., it uses $\mathit{TC\mathit{^{sum$."	Ratio between the total cost of a group of cases, and the service time of a group of cases.	Event log in which the total cost in relation to the time taken for conducting activity instances is of relevance.	$actinst$ – Event attribute: activity instance ; $case$ – Event attribute: case id ; $tc$ – Event attribute: total cost ; $time$ – Event attribute: timestamp ; $type$ – Event attribute: lifecycle type		Ratio between total cost and service time should be as close to 0 as possible.	MIN	\(\frac{\mathit{TC(g)}{\mathit{ST(g)}\)	"\(\mathit{TC(g)\) returns the total cost of case group \(g\).
\newline \(\mathit{ST(g)\) returns the total service time of case group \(g\). \\"	RN4297; RN4311	Glavan (2011); Bhagwat and Sharma (2007)
Total Cost and Service Time Ratio (activity instance granularity)	total-cost-and-service-time-ratio-activity-instance-granularity-c-i	C	I	\(i \in I\)	"\(\mathit{TCSTR\mathit{^{\times(i)\)
\newline \newline \(\mathit{\times \in \{\mathit{sgl, \mathit{sum\}\)"	"\(\frac{\mathit{TC\mathit{^{\times(i)}{\mathit{ST(i)}\)
\newline \newline The $\mathit{\times$ indicates that the PPI can take multiple forms, in this case, $\mathit{\times \in \{\mathit{sgl, \mathit{sum\}$. If $\mathit{\times = \mathit{sgl$, then the function considers single events of activity instances for cost calculations, i.e., it uses $\mathit{TC\mathit{^{sgl$; if $\mathit{\times = \mathit{sum$, then the function considers the sum of all events of activity instances for cost calculations, i.e., it uses $\mathit{TC\mathit{^{sum$."	Ratio between the total cost associated with an activity instance, and the service time of an activity instance.	Event log in which the total cost in relation to the time taken for conducting activity instances is of relevance.	$actinst$ – Event attribute: activity instance ; $tc$ – Event attribute: total cost ; $time$ – Event attribute: timestamp ; $type$ – Event attribute: lifecycle type		Ratio between total cost and service time should be as close to 0 as possible.	MIN	\(\frac{\mathit{TC(i)}{\mathit{ST(i)}\)	"\(\mathit{TC(i)\) returns the total cost of activity instance \(i\).
\newline \(\mathit{ST(i)\) returns the service time of activity instance \(i\). \\"	RN4297; RN4311	Glavan (2011); Bhagwat and Sharma (2007)
Total Cost considering single events of activity instances (activity instance granularity)	total-cost-considering-single-events-of-activity-instances-activity-instance-granularity-c-i	C	I	\(i \in I\)	\(\mathit{TC\mathit{^{sgl(i)\)	"\(\begin{cases}
#^{}_{\mathit{tc}(\mathit{cpl(i)) & \mathit{if \  #^{}_{\mathit{tc}(\mathit{cpl(i)) \neq \bot"	Total cost associated with an activity instance, measured as the latest recorded value among the events of an activity instance.	Event log in which total cost information is recorded.	$actinst$ – Event attribute: activity instance ; $tc$ – Event attribute: total cost ; $type$ – Event attribute: lifecycle type		Minimizing total cost is desirable.	MIN	"\(\begin{cases}
#^{}_{\mathit{tc}(\mathit{cpl(i)) & \mathit{if \  #^{}_{\mathit{tc}(\mathit{cpl(i)) \neq undefined \\
#^{}_{\mathit{tc}(\mathit{str(i)) & \mathit{if \  #^{}_{\mathit{tc}(\mathit{cpl(i)) = undefined \land #^{}_{\mathit{tc}(\mathit{str(i)) \neq undefined \\
undefined & \mathit{if \  #^{}_{\mathit{tc}(\mathit{cpl(i)) = undefined \land #^{}_{\mathit{tc}(\mathit{str(i)) = undefined \\
\end{cases}\)"	"\(#^{}_{\mathit{tc}\) returns the total cost associated with an event.
\newline \(\mathit{cpl(i)\) returns the completion event of activity instance \(i\).
\newline \(\mathit{str(i)\) returns the start event of activity instance \(i\). \\"	RN4304; RN4301; RN4153; RN4134; RN4306; RN4295; RN4297; RN4300; RN4305; RN4298; RN4294; RN4291; RN4162; RN4125; RN4299; RN4161	Longo and Motta (2005); Jagdev et al. (1997); Meier et al. (2015); van den Ingh (2016); Chimhamhiwa et al. (2009); Bosilj-Vuksic et al. (2008); Glavan (2011); Kutucuoglu et al. (2002); Vernadat et al. (2013); Korherr and List (2007); Han et al. (2010); Lehnert et al. (2014); Oman et al. (2017); Cho et al. (2020); Herzog (2006); Lima Junior et al. (2016)
Total Cost considering the sum of all events of activity instances (activity instance granularity)	total-cost-considering-the-sum-of-all-events-of-activity-instances-activity-instance-granularity-c-i	C	I	\(i \in I\)	\(\mathit{TC\mathit{^{sum(i)\)	"\(\begin{cases}
#^{}_{\mathit{tc}(\mathit{str(i)) + & \\ #^{}_{\mathit{tc}(\mathit{cpl(i)) & \mathit{if \  #^{}_{\mathit{tc}(\mathit{cpl(i)) \neq \bot \land #^{}_{\mathit{tc}(\mathit{str(i)) \neq \bot"	Total cost associated with an activity instance, measured as the sum of all values among the events of an activity instance.	Event log in which total cost information is recorded.	$actinst$ – Event attribute: activity instance ; $tc$ – Event attribute: total cost ; $type$ – Event attribute: lifecycle type		Minimizing total cost is desirable.	MIN	"\(\begin{cases}
#^{}_{\mathit{tc}(\mathit{str(i)) + & \\ #^{}_{\mathit{tc}(\mathit{cpl(i)) & \mathit{if \  #^{}_{\mathit{tc}(\mathit{cpl(i)) \neq undefined \land #^{}_{\mathit{tc}(\mathit{str(i)) \neq undefined \\
undefined & \mathit{if \  #^{}_{\mathit{tc}(\mathit{cpl(i)) = undefined \lor #^{}_{\mathit{tc}(\mathit{str(i)) = undefined \\
\end{cases}\)"	"\(#^{}_{\mathit{tc}\) returns the total cost associated with an event.
\newline \(\mathit{str(i)\) returns the start event of activity instance \(i\).
\newline \(\mathit{cpl(i)\) returns the completion event of activity instance \(i\). \\"	RN4304; RN4301; RN4153; RN4134; RN4306; RN4295; RN4297; RN4300; RN4305; RN4298; RN4294; RN4291; RN4162; RN4125; RN4299; RN4161	Longo and Motta (2005); Jagdev et al. (1997); Meier et al. (2015); van den Ingh (2016); Chimhamhiwa et al. (2009); Bosilj-Vuksic et al. (2008); Glavan (2011); Kutucuoglu et al. (2002); Vernadat et al. (2013); Korherr and List (2007); Han et al. (2010); Lehnert et al. (2014); Oman et al. (2017); Cho et al. (2020); Herzog (2006); Lima Junior et al. (2016)
Transportation Cost (case granularity)	transportation-cost-case-granularity-c-c	C	C	\(c \in C\)	\(\mathit{TransC(c)\)	\(#^{}_{\mathit{transc}(c)\)	Transportation cost associated with a case.	Process where the cost of transportation is relevant.	$case$ – Event attribute: case id ; $transc$ – Case attribute: transportation cost		Minimizing transportation cost is desirable.	MIN	\(#^{}_{\mathit{transc}(c)\)	\(#^{}_{\mathit{transc}\) returns the transportation cost associated with case \(c\). \\	RN4309	Gunasekaran and Kobu (2007)
Transportation Cost (group of cases granularity)	transportation-cost-group-of-cases-granularity-c-g	C	G	\(g \subseteq C \colon\) \newline \(g \neq \emptyset\)	\(\mathit{TransC(g)\)	\(\sum _{c \in g} \mathit{TransC(c)\)	Sum of transportation cost associated with all cases in a group of cases.	Process where the cost of transportation is relevant.	$case$ – Event attribute: case id ; $transc$ – Case attribute: transportation cost		Minimizing transportation cost is desirable.	MIN	\(\sum _{c \in g} \mathit{TransC(c)\)	\(\mathit{TransC(c)\) returns the transportation cost for case \(c\). \\	RN4309	Gunasekaran and Kobu (2007)
Unwanted Activity count (case granularity)	unwanted-activity-count-case-granularity-q-c	Q	C	\(c \in C\)	\(\mathit{UAC(c)\)	\(|\mathit{Unwl \cap \mathit{act(c)|\)	Number of unwanted activities that occur in a case.	Event log that contains activities whose execution is unwanted.	$act$ – Event attribute: activity ; $case$ – Event attribute: case id	$Unwl$ – List of unwanted activities	Unwanted activities negatively affect the quality of the process.	MIN	"\(\displaystyle \sum_{a \in \mathit{act(c)}
\begin{cases}
1 & \text{if } a \in \mathit{Unwl \\
0 & \text{otherwise}
\end{cases}
\)"	"\(\mathit{Unwl\) returns the set of unwanted activities.
\newline \(\mathit{act(c)\) returns the set of activities that occurred in case \(c\). \\"	RN4134; RN4131	van den Ingh (2016); Kis et al. (2017)
Unwanted Activity count (group of cases granularity)	unwanted-activity-count-group-of-cases-granularity-q-g	Q	G	\(g \subseteq C \colon\) \newline \(g \neq \emptyset\)	\(\mathit{UAC(g)\)	\(|\mathit{Unwl \cap (\cup_{c \in g} \mathit{act(c))|\)	Number of unwanted activities that occur in a group of cases.	Event log that contains activities whose execution is unwanted.	$act$ – Event attribute: activity ; $case$ – Event attribute: case id	$Unwl$ – List of unwanted activities	Unwanted activities negatively affect the quality of the process.	MIN	"\(\displaystyle \sum_{a \in (\cup_{c \in g} \mathit{act(c))}
\begin{cases}
1 & \text{if } a \in \mathit{Unwl \\
0 & \text{otherwise}
\end{cases}
\)"	"\(\mathit{Unwl\) returns the set of unwanted activities.
\newline \(\mathit{act(c)\) returns the set of activities that occurred in case \(c\). \\"	RN4134; RN4131	van den Ingh (2016); Kis et al. (2017)
Unwanted activity Instance count (case granularity)	unwanted-activity-instance-count-case-granularity-q-c	Q	C	\(c \in C\)	\(\mathit{UIC(c)\)	\(|\{i \in \mathit{inst(c) \mid \mathit{act(i) \in \mathit{Unwl\}|\)	Number of times that an unwanted activity is instantiated in a case.	Event log that contains activities whose execution is unwanted.	$act$ – Event attribute: activity ; $actinst$ – Event attribute: activity instance ; $case$ – Event attribute: case id ; $type$ – Event attribute: lifecycle type	$Unwl$ – List of unwanted activities	Unwanted activities negatively affect the quality of the process.	MIN	"\(\displaystyle \sum_{i \in \mathit{inst(c)}
\begin{cases}
1 & \text{if } \mathit{act(i) \in \mathit{Unwl \\
0 & \text{otherwise}
\end{cases}
\)"	"\(\mathit{inst(c)\) returns the set of all activity instances in case \(c\).
\newline \(\mathit{act(i)\) returns the activity of activity instance \(i\).
\newline \(\mathit{Unwl\) returns the set of unwanted activities. \\"	RN4134; RN4131	van den Ingh (2016); Kis et al. (2017)
Unwanted activity Instance count (group of cases granularity)	unwanted-activity-instance-count-group-of-cases-granularity-q-g	Q	G	\(g \subseteq C \colon\) \newline \(g \neq \emptyset\)	\(\mathit{UIC(g)\)	\(\sum _{c \in g} \mathit{UIC(c)\)	Number of times that an unwanted activity is instantiated in a group of cases.	Event log that contains activities whose execution is unwanted.	$act$ – Event attribute: activity ; $actinst$ – Event attribute: activity instance ; $case$ – Event attribute: case id ; $type$ – Event attribute: lifecycle type	$Unwl$ – List of unwanted activities	Unwanted activities negatively affect the quality of the process.	MIN	\(\sum _{c \in g} \mathit{UIC(c)\)	\(\mathit{UIC(c)\) returns the unwanted activity instance count for case \(c\). \\	RN4134; RN4131	van den Ingh (2016); Kis et al. (2017)
Unwanted activity Instance Percentage (case granularity)	unwanted-activity-instance-percentage-case-granularity-q-c	Q	C	\(c \in C\)	\(\mathit{UIP(c)\)	\(\frac{\mathit{UIC(c)}{\mathit{I(c)}\)	Percentage of times that an unwanted activity is instantiated in a case.	Event log that contains activities whose execution is unwanted.	$act$ – Event attribute: activity ; $actinst$ – Event attribute: activity instance ; $case$ – Event attribute: case id ; $type$ – Event attribute: lifecycle type	$Unwl$ – List of unwanted activities	Unwanted activities negatively affect the quality of the process.	MIN	\(\frac{\mathit{UIC(c)}{\mathit{I(c)}\)	"\(\mathit{UIC(c)\) returns the unwanted activity instance count for case \(c\).
\newline \(\mathit{I(c)\) returns the total number of activity instances in case \(c\). \\"	RN4134; RN4131	van den Ingh (2016); Kis et al. (2017)
Unwanted activity Instance Percentage (group of cases granularity)	unwanted-activity-instance-percentage-group-of-cases-granularity-q-g	Q	G	\(g \subseteq C \colon\) \newline \(g \neq \emptyset\)	\(\mathit{UIP(g)\)	\(\frac{\mathit{UIC(g)}{\mathit{I(g)}\)	Percentage of times that an unwanted activity is instantiated in a group of cases.	Event log that contains activities whose execution is unwanted.	$act$ – Event attribute: activity ; $actinst$ – Event attribute: activity instance ; $case$ – Event attribute: case id ; $type$ – Event attribute: lifecycle type	$Unwl$ – List of unwanted activities	Unwanted activities negatively affect the quality of the process.	MIN	\(\frac{\mathit{UIC(g)}{\mathit{I(g)}\)	"\(\mathit{UIC(g)\) returns the unwanted activity instance count for group \(g\).
\newline \(\mathit{I(g)\) returns the total number of activity instances in group \(g\). \\"	RN4134; RN4131	van den Ingh (2016); Kis et al. (2017)
Unwanted Activity Percentage (case granularity)	unwanted-activity-percentage-case-granularity-q-c	Q	C	\(c \in C\)	\(\mathit{UAP(c)\)	\(\frac{\mathit{UAC(c)}{\mathit{A(c)}\)	Percentage of unwanted activities that occur in a case.	Event log that contains activities whose execution is unwanted.	$act$ – Event attribute: activity ; $case$ – Event attribute: case id	$Unwl$ – List of unwanted activities	Unwanted activities negatively affect the quality of the process.	MIN	\(\frac{\mathit{UAC(c)}{\mathit{A(c)}\)	"\(\mathit{UAC(c)\) returns the unwanted activity count for case \(c\).
\newline \(\mathit{A(c)\) returns the number of unique activities in case \(c\). \\"	RN4134; RN4131	van den Ingh (2016); Kis et al. (2017)
Unwanted Activity Percentage (group of cases granularity)	unwanted-activity-percentage-group-of-cases-granularity-q-g	Q	G	\(g \subseteq C \colon\) \newline \(g \neq \emptyset\)	\(\mathit{UAP(g)\)	\(\frac{\mathit{UAC(g)}{\mathit{A(g)}\)	Percentage of unwanted activities that occur in a group of cases.	Event log that contains activities whose execution is unwanted.	$act$ – Event attribute: activity ; $case$ – Event attribute: case id	$Unwl$ – List of unwanted activities	Unwanted activities negatively affect the quality of the process.	MIN	\(\frac{\mathit{UAC(g)}{\mathit{A(g)}\)	"\(\mathit{UAC(g)\) returns the unwanted activity count for group \(g\).
\newline \(\mathit{A(g)\) returns the number of unique activities in group \(g\). \\"	RN4134; RN4131	van den Ingh (2016); Kis et al. (2017)
Variable Cost (activity granularity)	variable-cost-activity-granularity-c-a	C	A	\(a \in A\)	"\(\mathit{VC\mathit{^{\times(a)\)
\newline \newline \(\mathit{\times \in \{\mathit{sgl, \mathit{sum\}\)"	"\(\sum _{i \in \mathit{inst(a)} \mathit{VC\mathit{^{\times(i)\)
\newline \newline The $\mathit{\times$ indicates that the PPI can take multiple forms, in this case, $\mathit{\times \in \{\mathit{sgl, \mathit{sum\}$. If $\mathit{\times = \mathit{sgl$, then the function considers single events of activity instances for cost calculations, i.e., it uses $\mathit{VC\mathit{^{sgl$; if $\mathit{\times = \mathit{sum$, then the function considers the sum of all events of activity instances for cost calculations, i.e., it uses $\mathit{VC\mathit{^{sum$."	Sum of variable cost of all instantiations of an activity in the event log.	Event log in which variable cost information is recorded.	$act$ – Event attribute: activity ; $actinst$ – Event attribute: activity instance ; $type$ – Event attribute: lifecycle type ; $vc$ – Event attribute: variable cost		Minimizing variable cost is desirable.	MIN	\(\sum _{i \in \mathit{inst(a)} \mathit{VC(i)\)	"\(\mathit{inst(a)\) returns the set of all instances of activity \(a\).
\newline \(\mathit{VC(i)\) returns the variable cost of activity instance \(i\). \\"	RN4155; RN4146	Haberberger (2019); Karadgi (2014)
Variable Cost (case granularity)	variable-cost-case-granularity-c-c	C	C	\(c \in C\)	"\(\mathit{VC\mathit{^{\times(c)\)
\newline \newline \(\mathit{\times \in \{\mathit{sgl, \mathit{sum\}\)"	"\(\sum _{i \in \mathit{inst(c)} \mathit{VC\mathit{^{\times(i)\)
\newline \newline The $\mathit{\times$ indicates that the PPI can take multiple forms, in this case, $\mathit{\times \in \{\mathit{sgl, \mathit{sum\}$. If $\mathit{\times = \mathit{sgl$, then the function considers single events of activity instances for cost calculations, i.e., it uses $\mathit{VC\mathit{^{sgl$; if $\mathit{\times = \mathit{sum$, then the function considers the sum of all events of activity instances for cost calculations, i.e., it uses $\mathit{VC\mathit{^{sum$."	Sum of variable cost of all activity instances of a case.	Event log in which variable cost information is recorded.	$actinst$ – Event attribute: activity instance ; $case$ – Event attribute: case id ; $type$ – Event attribute: lifecycle type ; $vc$ – Event attribute: variable cost		Minimizing variable cost is desirable.	MIN	\(\sum _{i \in \mathit{inst(c)} \mathit{VC(i)\)	"\(\mathit{inst(c)\) returns the set of all activity instances in case \(c\).
\newline \(\mathit{VC(i)\) returns the variable cost of activity instance \(i\). \\"	RN4155; RN4146	Haberberger (2019); Karadgi (2014)
Variable Cost (group of cases granularity)	variable-cost-group-of-cases-granularity-c-g	C	G	\(g \subseteq C \colon\) \newline \(g \neq \emptyset\)	"\(\mathit{VC\mathit{^{\times(g)\)
\newline \newline \(\mathit{\times \in \{\mathit{sgl, \mathit{sum\}\)"	"\(\sum _{c \in g} \mathit{VC\mathit{^{\times(c)\)
\newline \newline The $\mathit{\times$ indicates that the PPI can take multiple forms, in this case, $\mathit{\times \in \{\mathit{sgl, \mathit{sum\}$. If $\mathit{\times = \mathit{sgl$, then the function considers single events of activity instances for cost calculations, i.e., it uses $\mathit{VC\mathit{^{sgl$; if $\mathit{\times = \mathit{sum$, then the function considers the sum of all events of activity instances for cost calculations, i.e., it uses $\mathit{VC\mathit{^{sum$."	Sum of variable cost of all activity instances of a group of cases.	Event log in which variable cost information is recorded.	$actinst$ – Event attribute: activity instance ; $case$ – Event attribute: case id ; $type$ – Event attribute: lifecycle type ; $vc$ – Event attribute: variable cost		Minimizing variable cost is desirable.	MIN	\(\sum _{c \in g} \mathit{VC(c)\)	\(\mathit{VC(c)\) returns the variable cost for case \(c\). \\	RN4155; RN4146	Haberberger (2019); Karadgi (2014)
Variable Cost considering single events of activity instances (activity instance granularity)	variable-cost-considering-single-events-of-activity-instances-activity-instance-granularity-c-i	C	I	\(i \in I\)	\(\mathit{VC\mathit{^{sgl(i)\)	"\(\begin{cases}
#^{}_{\mathit{vc}(\mathit{cpl(i)) & \mathit{if \  #^{}_{\mathit{vc}(\mathit{cpl(i)) \neq \bot"	Variable cost associated with an activity instance, measured as the latest recorded value among the events of the activity instance.	Event log in which variable cost information is recorded.	$actinst$ – Event attribute: activity instance ; $type$ – Event attribute: lifecycle type ; $vc$ – Event attribute: variable cost		Minimizing variable cost is desirable.	MIN	"\(\begin{cases}
#^{}_{\mathit{vc}(\mathit{cpl(i)) & \mathit{if \  #^{}_{\mathit{vc}(\mathit{cpl(i)) \neq undefined \\
#^{}_{\mathit{vc}(\mathit{str(i)) & \mathit{if \  #^{}_{\mathit{vc}(\mathit{cpl(i)) = undefined \land #^{}_{\mathit{vc}(\mathit{str(i)) \neq undefined \\
undefined & \mathit{if \  #^{}_{\mathit{vc}(\mathit{cpl(i)) = undefined \land #^{}_{\mathit{vc}(\mathit{str(i)) = undefined \\
\end{cases}\)"	"\(#^{}_{\mathit{vc}\) returns the variable cost associated with an event.
\newline \(\mathit{cpl(i)\) returns the completion event of activity instance \(i\).
\newline \(\mathit{str(i)\) returns the start event of activity instance \(i\). \\"	RN4155; RN4146	Haberberger (2019); Karadgi (2014)
Variable Cost considering the sum of all events of activity instances (activity instance granularity)	variable-cost-considering-the-sum-of-all-events-of-activity-instances-activity-instance-granularity-c-i	C	I	\(i \in I\)	\(\mathit{VC\mathit{^{sum(i)\)	"\(\begin{cases}
#^{}_{\mathit{vc}(\mathit{str(i)) + & \\ #^{}_{\mathit{vc}(\mathit{cpl(i)) & \mathit{if \  #^{}_{\mathit{vc}(\mathit{cpl(i)) \neq \bot \land #^{}_{\mathit{vc}(\mathit{str(i)) \neq \bot"	Variable cost associated with an activity instance, measured as the sum of all values among the events of the activity instance.	Event log in which variable cost information is recorded.	$actinst$ – Event attribute: activity instance ; $type$ – Event attribute: lifecycle type ; $vc$ – Event attribute: variable cost		Minimizing variable cost is desirable.	MIN	"\(\begin{cases}
#^{}_{\mathit{vc}(\mathit{str(i)) + & \\ #^{}_{\mathit{vc}(\mathit{cpl(i)) & \mathit{if \  #^{}_{\mathit{vc}(\mathit{cpl(i)) \neq undefined \land #^{}_{\mathit{vc}(\mathit{str(i)) \neq undefined \\
undefined & \mathit{if \  #^{}_{\mathit{vc}(\mathit{cpl(i)) = undefined \lor #^{}_{\mathit{vc}(\mathit{str(i)) = undefined \\
\end{cases}\)"	"\(#^{}_{\mathit{vc}\) returns the variable cost associated with an event.
\newline \(\mathit{str(i)\) returns the start event of activity instance \(i\).
\newline \(\mathit{cpl(i)\) returns the completion event of activity instance \(i\). \\"	RN4155; RN4146	Haberberger (2019); Karadgi (2014)
Variant Case Coverage (case granularity)	variant-case-coverage-case-granularity-f-c	F	C	\(c \in C\)	\(\mathit{VCC(c)\)	\(\frac{|\{c' \in C \mid \exists tr \in \mathit{trace(c')[tr \in \mathit{trace(c)]\}|}{|C|}\)	Percentage of cases in the event log that possess the same variant as a given case.	Process with several possible execution variants.	$act$ – Event attribute: activity ; $actinst$ – Event attribute: activity instance ; $case$ – Event attribute: case id ; $type$ – Event attribute: lifecycle type		Smaller coverage implies that the case is executed with higher flexibility than other cases in the event log.	MIN	"\(\frac{
\sum_{c' \in C}
\begin{cases}
1 & \text{if } \exists tr \in \mathit{trace(c) \land tr' \in \mathit{trace(c') [tr = tr'] \\
0 & \text{otherwise}
\end{cases}
}{\mathit{count(C)}\)"	"$\mathit{trace(c')$ returns the trace (sequence of activities) of case $c'$.
\newline $\mathit{trace(c)$ returns the trace (sequence of activities) of case $c$.
\newline $\mathit{count(C)$ returns the total number of cases in the event log. \\"	RN4134	van den Ingh (2016)
Variant Case Coverage (group of cases granularity)	variant-case-coverage-group-of-cases-granularity-f-g	F	G	\(g \subseteq C \colon\) \newline \(g \neq \emptyset\)	\(\mathit{VCC(g)\)	\(\frac{|\{c \in C \mid \exists tr \in \mathit{trace(c)[tr \in \mathit{variants(g)]|}{|C|}\)	Percentage of cases in the event log that possess the same variant as any case in a group of cases.	Process with several possible execution variants.	$act$ – Event attribute: activity ; $actinst$ – Event attribute: activity instance ; $case$ – Event attribute: case id ; $type$ – Event attribute: lifecycle type		Smaller coverage implies that the cases in a group of cases have been executed with higher flexibility than other cases in the event log.	MIN	"\(\frac{
\sum_{c \in C}
\begin{cases}
1 & \text{if } \exists tr \in \mathit{trace(c) [tr \in \mathit{variants(g)] \\
0 & \text{otherwise}
\end{cases}
}{\mathit{count(C)}\)"	"$\mathit{trace(c)$ returns the trace (sequence of activities) of case $c$.
\newline $\mathit{variants(g)$ returns the set of unique traces (variants) present in group $g$.
\newline $\mathit{count(C)$ returns the total number of cases in the event log. \\"	RN4134	van den Ingh (2016)
Variant count (group of cases granularity)	variant-count-group-of-cases-granularity-f-g	F	G	\(g \subseteq C \colon\) \newline \(g \neq \emptyset\)	\(\mathit{V(g)\)	\(|\mathit{variants(g)|\)	Number of variants that are observed in a group of cases.	Process with several possible execution variants.	$act$ – Event attribute: activity ; $actinst$ – Event attribute: activity instance ; $case$ – Event attribute: case id ; $type$ – Event attribute: lifecycle type		A greater number of variants implies greater flexibility.	MAX	\(\mathit{count(\mathit{variants(g))\)	\(\mathit{variants(g)\) returns the set of unique traces (variants) present in group \(g\). \\	RN4134; RN4309; RN4125	van den Ingh (2016); Gunasekaran and Kobu (2007); Cho et al. (2020)
Waiting Time (activity granularity)	waiting-time-activity-granularity-t-a	T	A	\(a \in A\)	\(\mathit{WT(a)\)	\(\sum _{i \in \mathit{inst(a)} \mathit{WT(i)\)	Sum of elapsed time between the start event of an activity instance and the complete event of the activity instance that precedes it, for all the instantiations of a specific activity in the event log.	Event log in which the time spent between every activity instance is of relevance.	$act$ – Event attribute: activity ; $actinst$ – Event attribute: activity instance ; $case$ – Event attribute: case id ; $time$ – Event attribute: timestamp ; $type$ – Event attribute: lifecycle type		Minimizing waiting time is desirable.	MIN	\(\sum _{i \in \mathit{inst(a)} \mathit{WT(i)\)	"\(\mathit{inst(a)\) returns the set of all instances of activity \(a\).
\newline \(\mathit{WT(i)\) returns the waiting time of activity instance \(i\). \\"	RN4307; RN4308; RN4134; RN4306; RN4291; RN4303; RN4290	Walsh (1996); Fogarty (1992); van den Ingh (2016); Chimhamhiwa et al. (2009); Lehnert et al. (2014); Pourshahid et al. (2009); Rinaldi et al. (2015)
Waiting Time (case granularity)	waiting-time-case-granularity-t-c	T	C	\(c \in C\)	\(\mathit{WT(c)\)	\(\sum _{i \in \mathit{inst(c)} \mathit{WT(i)\)	Sum of elapsed time between the start event of an activity instance and the complete event of the activity instance that precedes it, for all activity instances in a case.	Event log in which the waiting time between every activity instance is of relevance.	$actinst$ – Event attribute: activity instance ; $case$ – Event attribute: case id ; $time$ – Event attribute: timestamp ; $type$ – Event attribute: lifecycle type		Minimizing waiting time is desirable.	MIN	\(\sum _{i \in \mathit{inst(c)} \mathit{WT(i)\)	"\(\mathit{inst(c)\) returns the set of all activity instances in case \(c\).
\newline \(\mathit{WT(i)\) returns the waiting time of activity instance \(i\). \\"	RN4307; RN4308; RN4134; RN4306; RN4291; RN4303; RN4290	Walsh (1996); Fogarty (1992); van den Ingh (2016); Chimhamhiwa et al. (2009); Lehnert et al. (2014); Pourshahid et al. (2009); Rinaldi et al. (2015)
Waiting Time (activity instance granularity)	waiting-time-activity-instance-granularity-t-i	T	I	\(i \in I\)	\(\mathit{WT(i)\)	"\(\begin{cases}
\mathit{stime(i) - \mathit{ctime(x) & \mathit{for~any \  x \in \mathit{prev(i)"	Elapsed time between the start event of an activity instance and the complete event of the activity instance that precedes it.	Event log in which the time spent between every activity instance is of relevance.	$actinst$ – Event attribute: activity instance ; $case$ – Event attribute: case id ; $time$ – Event attribute: timestamp ; $type$ – Event attribute: lifecycle type		Minimizing waiting time is desirable.	MIN	\(\begin{cases} \mathit{stime(i) - \mathit{ctime(x) & \mathit{for~any \  x \in \mathit{prev(i) \\ 0 & \mathit{if \  \mathit{prev(i) = \emptyset \end{cases}\)	"\(\mathit{stime(i)\) returns the start timestamp of activity instance \(i\).
\newline \(\mathit{ctime(x)\) returns the completion timestamp of activity instance \(x\).
\newline \(\mathit{prev(i)\) returns the set of preceding activity instances to instance \(i\). \\"	RN4307; RN4308; RN4134; RN4306; RN4291; RN4303; RN4290	Walsh (1996); Fogarty (1992); van den Ingh (2016); Chimhamhiwa et al. (2009); Lehnert et al. (2014); Pourshahid et al. (2009); Rinaldi et al. (2015)
Waiting Time from activity A to activity B (case granularity)	waiting-time-from-activity-a-to-activity-b-case-granularity-t-c	T	C	\(c \in C\) \newline \(\mathit{a, \mathit{b \in A \colon\) \newline \(\mathit{a \neq \mathit{b\)	"\(\mathit{WTAB\mathit{^{\times(c, \mathit{a, \mathit{b)\)
\newline \newline \(\mathit{\times \in \{\mathit{s, \mathit{c, \mathit{sc, \mathit{w\}\)"	\(\begin{cases} \mathit{wt\mathit{^{\times(x, y) & \mathit{for~any \  x \in \mathit{fi\mathit{^{s(c, \mathit{a) \mathit{\ and \  y \in \mathit{fi\mathit{^{sc(c, \mathit{a, \mathit{b)	Sum of elapsed time between the start event of an activity instance and the complete event of the activity instance that precedes it, for all activity instances in a case that occur between the earliest instantiation of a specific activity and the earliest instantiation of another specific activity that occurs after the former one, including both.	Event log in which the time spent between every activity instance of a specific subprocess is of relevance.	$act$ – Event attribute: activity ; $actinst$ – Event attribute: activity instance ; $case$ – Event attribute: case id ; $time$ – Event attribute: timestamp ; $type$ – Event attribute: lifecycle type	$a$ – the first specific activity ; $b$ – the second specific activity	Minimizing waiting time is desirable.	MIN	\(\begin{cases} \mathit{wt(x, y) & \mathit{for~any \  x \in \mathit{fi\mathit{^{s(c, \mathit{a) \mathit{\ and \  y \in \mathit{fi(c, \mathit{a, \mathit{b) \\ undefined & \mathit{if \  \mathit{fi(c, \mathit{a, \mathit{b) = \emptyset \end{cases}\)	"\(\mathit{wt\) returns the waiting time between activity instance \(x\) and activity instance \(y\).
\newline \(\mathit{fi\mathit{^{s\) returns the set of first started instances of activity \(\mathit{a\) in case \(c\).
\newline \(\mathit{fi\) returns the set of first instances of activity \(\mathit{b\) that occur after the first instance of \(\mathit{a\) in case \(c\). \\"	RN4125	Cho et al. (2020)
Warehousing Cost (case granularity)	warehousing-cost-case-granularity-c-c	C	C	\(c \in C\)	\(\mathit{WareC(c)\)	\(#^{}_{\mathit{warec}(c)\)	Warehousing cost associated with all activity instances of a case.	Process where the cost of warehousing is relevant.	$case$ – Event attribute: case id ; $warec$ – Case attribute: warehousing cost		Minimizing warehousing cost is desirable.	MIN	\(#^{}_{\mathit{warec}(c)\)	\(#^{}_{\mathit{warec}\) returns the warehousing cost associated with case \(c\). \\	RN4162	Oman et al. (2017)
Warehousing Cost (group of cases granularity)	warehousing-cost-group-of-cases-granularity-c-g	C	G	\(g \subseteq C \colon\) \newline \(g \neq \emptyset\)	\(\mathit{WareC(g)\)	\(\sum _{c \in g} \mathit{WareC(c)\)	Warehousing cost associated with all activity instances of a group of cases.	Process where the cost of warehousing is relevant.	$case$ – Event attribute: case id ; $warec$ – Case attribute: warehousing cost		Minimizing warehousing cost is desirable.	MIN	\(\sum _{c \in g} \mathit{WareC(c)\)	\(\mathit{WareC(c)\) returns the warehousing cost for case \(c\). \\	RN4162	Oman et al. (2017)
